type,subtype,label,sub_type,timestamp,Monitoring_type,findings,content,assessment_type,results,movement_type,destination,enforcement_type,outcome,activity_type,participants,thing_collected,reference,date,time,friendship_type,permission_type,start_date,end_date,report_type,submission_date,jurisdiction_type,authority_level,coordination_type,operational_role
Event,Monitoring,Monitoring,Event_Monitoring_0,1/10/40 08:09,miscellaneous monitoring,A pod of dolphins was spotted near the eastern point this morning. They were playful. Migratory birds are starting to arrive.,,,,,,,,,,,,,,,,,,,,,,,
Event,Monitoring,Monitoring,Event_Monitoring_33,1/10/40 10:48,miscellaneous monitoring,"Increased tourism vessel activity near protected areas, specifically Nemo Reef.",,,,,,,,,,,,,,,,,,,,,,,
Event,Monitoring,Monitoring,Event_Monitoring_38,,surveillance,increased vessel activity at Nemo Reef,,,,,,,,,,,,,,,,,,,,,,,
Event,Monitoring,Monitoring,Event_Monitoring_60,1/10/40 11:40,surveillance,"Increased tourism vessel activity near protected areas, especially around Nemo Reef",,,,,,,,,,,,,,,,,,,,,,,
Event,Monitoring,Monitoring,Event_Monitoring_68,1/10/40 12:34,patrol activity,Increased tourism vessel activity near Nemo Reef. Inconsistent enforcement noted. Water quality report to be sent separately.,,,,,,,,,,,,,,,,,,,,,,,
Event,Monitoring,Monitoring,Event_Monitoring_71,1/10/40 12:37,patrol activity,"Increased tourism activity near protected areas, particularly Nemo Reef. Coordination with Sentinel on western boundary requested. Extra patrols needed for two weeks.",,,,,,,,,,,,,,,,,,,,,,,
Event,Monitoring,Monitoring,Event_Monitoring_73,1/10/40 12:39,patrol activity,"Increased tourism near Nemo Reef. Horizon monitoring eastern boundary, Sentinel taking western boundary.",,,,,,,,,,,,,,,,,,,,,,,
Event,Monitoring,Monitoring,Event_Monitoring_74,1/10/40 12:39,patrol activity,Increased tourism reported near Nemo Reef. Horizon will monitor eastern boundary while Sentinel takes western boundary. Will document violations and compare notes at 1800 hours.,,,,,,,,,,,,,,,,,,,,,,,
Event,Monitoring,Monitoring,Event_Monitoring_77,1/10/40 12:40,patrol activity,Three tourism vessels approaching Nemo Reef's protected zones in the last hour,,,,,,,,,,,,,,,,,,,,,,,
Event,Monitoring,Monitoring,Event_Monitoring_83,1/10/40 12:44,patrol activity,Multiple tourism vessels crossing protected zones around Nemo Reef's southern boundary,,,,,,,,,,,,,,,,,,,,,,,
Event,Monitoring,Monitoring,Event_Monitoring_105,2/10/40 09:59,miscellaneous monitoring,Multiple protected zone violations at Nemo Reef,,,,,,,,,,,,,,,,,,,,,,,
Event,Monitoring,Monitoring,Event_Monitoring_129,2/10/40 12:16,surveillance,Three vessels (two commercial and one private yacht) repeatedly circling Nemo Reef. Permit application filed by Rodriguez from 'Sailor Shifts Team' requesting access for 'environmental sampling'.,,,,,,,,,,,,,,,,,,,,,,,
Event,Monitoring,Monitoring,Event_Monitoring_133,2/10/40 12:22,surveillance,"Rodriguez is connected to a mining consortium with previous violations in protected areas. Their equipment appears designed for core sampling, not environmental research.",,,,,,,,,,,,,,,,,,,,,,,
Event,Monitoring,Monitoring,Event_Monitoring_148,1/10/40 00:00,miscellaneous monitoring,Request for information about tourism vessels approaching Nemo Reef for conservation monitoring purposes,,,,,,,,,,,,,,,,,,,,,,,
Event,Monitoring,Monitoring,Event_Monitoring_164,3/10/40 08:35,patrol activity,Increasing patrol frequency around Nemo Reef after reports of tourism vessels offering unauthorized access.,,,,,,,,,,,,,,,,,,,,,,,
Event,Monitoring,Monitoring,Event_Monitoring_168,3/10/40 08:39,patrol activity,Increased patrols around Nemo Reef due to reports of tourism vessels offering unauthorized access for payment,,,,,,,,,,,,,,,,,,,,,,,
Event,Monitoring,Monitoring,Event_Monitoring_173,3/10/40 08:44,patrol activity,Five unauthorized tourism vessels near Nemo Reef. Concerning pattern emerging. Some operators may be attempting to circumvent restrictions.,,,,,,,,,,,,,,,,,,,,,,,
Event,Monitoring,Monitoring,Event_Monitoring_192,3/10/40 09:12,surveillance,Observed Mariner's Dream making suspicious approaches to restricted areas. Sentinel is moving to intercept.,,,,,,,,,,,,,,,,,,,,,,,
Event,Monitoring,Monitoring,Event_Monitoring_208,3/10/40 10:02,surveillance,Additional night-vision equipment will be brought for 24-hour surveillance. Setup will take approximately 60 minutes. Patterns in unauthorized entries are being investigated.,,,,,,,,,,,,,,,,,,,,,,,
Event,Monitoring,Monitoring,Event_Monitoring_232,3/10/40 10:38,patrol activity,"Northern Light vessel reports uneven enforcement, claiming tourism boats enter restricted zones without consequences while commercial vessels are fined for minor infractions",,,,,,,,,,,,,,,,,,,,,,,
Event,Monitoring,Monitoring,Event_Monitoring_243,4/10/40 08:03,surveillance,Mako vessel approaching Nemo Reef protected area with conservation boats following them,,,,,,,,,,,,,,,,,,,,,,,
Event,Monitoring,Monitoring,Event_Monitoring_253,4/10/40 08:38,water quality testing,Mako conducting authorized water quality sampling near Echo-7 marker for Oceanus Environmental Department,,,,,,,,,,,,,,,,,,,,,,,
Event,Monitoring,Monitoring,Event_Monitoring_255,4/10/40 08:41,patrol activity,"Mako confirmed near Echo-7 marker, conducting authorized water quality sampling for Oceanus Environmental, promising to stay outside protected boundaries",,,,,,,,,,,,,,,,,,,,,,,
Event,Monitoring,Monitoring,Event_Monitoring_266,4/10/40 09:13,surveillance,Vessel with transponder name 'Mako' detected near Nemo Reef protected boundary before signal loss,,,,,,,,,,,,,,,,,,,,,,,
Event,Monitoring,Monitoring,Event_Monitoring_286,4/10/40 11:04,surveillance,Mako taking an unusual route with proximity to Nemo Reef's eastern boundary,,,,,,,,,,,,,,,,,,,,,,,
Event,Monitoring,Monitoring,Event_Monitoring_358,5/10/40 10:30,surveillance,Positioned near V. Miesel equipment loading. Transfer of specialized drilling machinery with deep-sea modifications observed. Serial numbers documented. Potentially unauthorized marine survey equipment spotted.,,,,,,,,,,,,,,,,,,,,,,,
Event,Monitoring,Monitoring,Event_Monitoring_383,6/10/40 09:50,surveillance,"Planning to establish full monitoring protocol at Nemo Reef to document vessel activities, equipment, and personnel. Coordinating with Horizon and Sentinel for continuous coverage. Something expected to happen tomorrow.",,,,,,,,,,,,,,,,,,,,,,,
Event,Monitoring,Monitoring,Event_Monitoring_410,6/10/40 11:46,surveillance,Construction crews arrived today for site preparation at Nemo Reef. Equipment installation scheduled tomorrow with full event execution next week. Expedited approval after previous denial suggests concerning influence.,,,,,,,,,,,,,,,,,,,,,,,
Event,Monitoring,Monitoring,Event_Monitoring_414,6/10/40 12:24,water quality testing,Preparing water sampling kits for deployment and planning to bring satellite tracking equipment to monitor vessels potentially violating protected zones,,,,,,,,,,,,,,,,,,,,,,,
Event,Monitoring,Monitoring,Event_Monitoring_444,7/10/40 08:14,surveillance,Lookout provided photos of the fragile crates at harbor. Neptune's using unusual loading equipment. V. Miesel shipping lanes appear to overlap with new Mako corridors by 40%.,,,,,,,,,,,,,,,,,,,,,,,
Event,Monitoring,Monitoring,Event_Monitoring_484,7/10/40 10:33,surveillance,Reef Guardian sentinel repositioning to southern boundary. Neptune involvement noted as concerning. Will be tracking transfers and equipment movements.,,,,,,,,,,,,,,,,,,,,,,,
Event,Monitoring,Monitoring,Event_Monitoring_490,7/10/40 10:37,surveillance,Neptune's equipment claims check out - imaging devices and dive gear at eastern markers. Something still feels off about this operation.,,,,,,,,,,,,,,,,,,,,,,,
Event,Monitoring,Monitoring,Event_Monitoring_530,8/10/40 08:21,patrol activity,Harbor patrols confirm Mako's environmental sampling is legitimate. Increased vessel activity from V. Miesel Shipping near the reef documented.,,,,,,,,,,,,,,,,,,,,,,,
Event,Monitoring,Monitoring,Event_Monitoring_534,,patrol activity,Patrol schedules have been redirected/modified to work in favor of the message sender and recipient,,,,,,,,,,,,,,,,,,,,,,,
Event,Monitoring,Monitoring,Event_Monitoring_595,9/10/40 08:12,surveillance,"Specialized underwater concrete forms discovered in fragile crates. Harbor master mentioned 'deep water construction' multiple times, suggesting permanent structures at Nemo Reef beyond equipment installation.",,,,,,,,,,,,,,,,,,,,,,,
Event,Monitoring,Monitoring,Event_Monitoring_608,9/10/40 10:20,surveillance,Identified unauthorized deep-sea extraction equipment at Nemo Reef. Multiple executive personnel supervising from distance. Documenting evidence of container transfers between Neptune's team and unmarked civilian vessels.,,,,,,,,,,,,,,,,,,,,,,,
Event,Monitoring,Monitoring,Event_Monitoring_631,9/10/40 10:44,surveillance,increased vessel activity for Nemo Reef operations,,,,,,,,,,,,,,,,,,,,,,,
Event,Monitoring,Monitoring,Event_Monitoring_661,10/10/40 09:32,surveillance,"Container vessels observed at northwest perimeter (24°15'N, 81°48'W) loading coral samples and seabed materials.",,,,,,,,,,,,,,,,,,,,,,,
Event,Monitoring,Monitoring,Event_Monitoring_678,10/10/40 10:47,surveillance,Suspicious industrial equipment deliveries contradicting environmental closure claims observed around Nemo Reef,,,,,,,,,,,,,,,,,,,,,,,
Event,Monitoring,Monitoring,Event_Monitoring_688,10/10/40 11:23,patrol activity,Planning increased night patrols at eastern boundary markers due to information about tourism vessels,,,,,,,,,,,,,,,,,,,,,,,
Event,Monitoring,Monitoring,Event_Monitoring_690,10/10/40 11:24,surveillance,Suspicious extraction activities and industrial equipment deliveries contradicting environmental closure claims at Nemo Reef,,,,,,,,,,,,,,,,,,,,,,,
Event,Monitoring,Monitoring,Event_Monitoring_704,10/10/40 05:00,surveillance,"Evidence of concrete structures, V. Miesel's expansion plans, and unusual movement in the harbor",,,,,,,,,,,,,,,,,,,,,,,
Event,Monitoring,Monitoring,Event_Monitoring_709,10/10/40 21:00,patrol activity,Patrol of eastern quadrant scheduled. Night vision systems operational. Seeking vessel registration numbers for documentation.,,,,,,,,,,,,,,,,,,,,,,,
Event,Monitoring,Monitoring,Event_Monitoring_716,11/10/40 08:07,water quality testing,Two conservation vessels anchoring north of Nemo Reef using sonar equipment and taking water samples. Rare osprey spotted.,,,,,,,,,,,,,,,,,,,,,,,
Event,Monitoring,Monitoring,Event_Monitoring_722,,patrol activity,nothing found at Nemo Reef,,,,,,,,,,,,,,,,,,,,,,,
Event,Monitoring,Monitoring,Event_Monitoring_752,11/10/40 09:20,surveillance,"EcoVigil questioning ROV delay, showing interest in Western quadrant while being redirected to northern quadrant",,,,,,,,,,,,,,,,,,,,,,,
Event,Monitoring,Monitoring,Event_Monitoring_766,11/10/40 10:09,surveillance,Equipment labeled 'Project Poseidon: Resource Extraction Phase'. Conservation vessels conducting environmental surveys but restricted from certain areas.,,,,,,,,,,,,,,,,,,,,,,,
Event,Monitoring,Monitoring,Event_Monitoring_777,11/10/40 10:38,water quality testing,Completed extensive sampling near Nemo Reef. Preliminary findings show normal water quality parameters with no significant environmental hazards detected. Full analysis available within hours.,,,,,,,,,,,,,,,,,,,,,,,
Event,Monitoring,Monitoring,Event_Monitoring_797,12/10/40 08:59,surveillance,12 vessels in east quadrant with heavy drilling equipment. Registration numbers documented.,,,,,,,,,,,,,,,,,,,,,,,
Event,Monitoring,Monitoring,Event_Monitoring_803,12/10/40 09:24,surveillance,Davis Rodriguez maintaining position with Mako at Nemo Reef. Operating under permit #CR-7844 while maintaining tourism appearance. Security team expected to arrive at 0600.,,,,,,,,,,,,,,,,,,,,,,,
Event,Monitoring,Monitoring,Event_Monitoring_829,12/10/40 10:55,surveillance,Documented vessel registrations show 7 unregistered boats at Nemo Reef. Equipment includes seabed drills and extraction pumps - clear mining preparation.,,,,,,,,,,,,,,,,,,,,,,,
Event,Monitoring,Monitoring,Event_Monitoring_835,12/10/40 11:02,surveillance,evidence of unregistered vessels and mining equipment,,,,,,,,,,,,,,,,,,,,,,,
Event,Monitoring,Monitoring,Event_Monitoring_856,12/10/40 12:59,surveillance,"Reef Guardian covering southeast quadrant for surveillance, requesting information about Port Authority vessel encounters for protest documentation",,,,,,,,,,,,,,,,,,,,,,,
Event,Monitoring,Monitoring,Event_Monitoring_878,13/10/40 09:08,surveillance,Detected multiple transmission clusters near west reef edge. Recording frequency patterns of encrypted communications. Able to triangulate source vessels.,,,,,,,,,,,,,,,,,,,,,,,
Event,Monitoring,Monitoring,Event_Monitoring_900,13/10/40 12:22,surveillance,"Unauthorized activity at Nemo Reef during closure - encrypted communications, equipment transfers, and fuel contamination",,,,,,,,,,,,,,,,,,,,,,,
Event,Monitoring,Monitoring,Event_Monitoring_909,13/10/40 12:34,water quality testing,"Need to gather additional evidence at Nemo Reef, including water sample collection and documenting vessel movements",,,,,,,,,,,,,,,,,,,,,,,
Event,Monitoring,Monitoring,Event_Monitoring_911,13/10/40 12:36,surveillance,Spotted what appears to be a music video shoot with lighting rigs and camera equipment on west reef. Unable to confirm details due to distance.,,,,,,,,,,,,,,,,,,,,,,,
Event,Monitoring,Monitoring,Event_Monitoring_917,13/10/40 12:41,patrol activity,"Unauthorized activity at Nemo Reef during closure, requiring patrol of western boundary to document vessel movements and equipment transfers",,,,,,,,,,,,,,,,,,,,,,,
Event,Monitoring,Monitoring,Event_Monitoring_922,13/10/40 07:00,surveillance,Conservation vessels moving equipment to the eastern side of Nemo Reef,,,,,,,,,,,,,,,,,,,,,,,
Event,Monitoring,Monitoring,Event_Monitoring_929,13/10/40 13:20,surveillance,EcoVigil positioning required. Western quadrant to remain completely restricted for 48 hours. Unauthorized conservation vessels near restricted zones to be monitored.,,,,,,,,,,,,,,,,,,,,,,,
Event,Monitoring,Monitoring,Event_Monitoring_932,13/10/40 13:23,surveillance,Western quadrant restriction confirmed for 48 hours. EcoVigil redirected north as instructed. Unauthorized vessel monitoring in place.,,,,,,,,,,,,,,,,,,,,,,,
Event,Monitoring,Monitoring,Event_Monitoring_934,14/10/40 08:06,drone surveillance,Conservation vessels deploying drones with cameras over Nemo Reef,,,,,,,,,,,,,,,,,,,,,,,
Event,Monitoring,Monitoring,Event_Monitoring_941,14/10/40 08:34,surveillance,"Conservation vessels being monitored. Delta-3 protocols active, tourism facade maintained.",,,,,,,,,,,,,,,,,,,,,,,
Event,Monitoring,Monitoring,Event_Monitoring_942,14/10/40 08:34,surveillance,"Conservation vessels being monitored. Delta-3 protocols active, tourism facade maintained.",,,,,,,,,,,,,,,,,,,,,,,
Event,Monitoring,Monitoring,Event_Monitoring_946,14/10/40 08:40,drone surveillance,"Port Authority blocking approach to Nemo Reef, requesting aerial drone documentation of activities during closure",,,,,,,,,,,,,,,,,,,,,,,
Event,Monitoring,Monitoring,Event_Monitoring_957,14/10/40 09:04,miscellaneous monitoring,Operation proceeding as planned. Equipment transfer completed at south dock. Maintaining tourism facade successfully. Need authorization for additional fuel allocation due to extended perimeter monitoring.,,,,,,,,,,,,,,,,,,,,,,,
Event,Monitoring,Monitoring,Event_Monitoring_967,14/10/40 10:58,miscellaneous monitoring,Music video shoot occurring with potential environmental impact and permit violations. Green Guardians HQ confirming need to investigate and continue monitoring water contamination levels.,,,,,,,,,,,,,,,,,,,,,,,
Event,Monitoring,Monitoring,Event_Monitoring_971,14/10/40 11:32,drone surveillance,Port Authority blocking approach to Nemo Reef. Attempting to coordinate with Sentinel for documentation. Need aerial footage of equipment and activities at Nemo Reef.,,,,,,,,,,,,,,,,,,,,,,,
Event,Monitoring,Monitoring,Event_Monitoring_978,14/10/40 11:37,surveillance,"Video production underway at Nemo Reef with performers, lighting rigs, and filming equipment visible. No environmental assessment was conducted before this commercial activity.",,,,,,,,,,,,,,,,,,,,,,,
Event,Monitoring,Monitoring,Event_Monitoring_995,14/10/40 12:51,miscellaneous monitoring,"Video evidence collected of environmental impacts at Nemo Reef, with ongoing monitoring for cleanup efforts as vessels depart",,,,,,,,,,,,,,,,,,,,,,,
Event,Communication,Communication,Event_Communication_1,1/10/40 08:09,,,"Hey The Intern, it's The Lookout! Just spotted a pod of dolphins near the eastern point this morning. They were so playful! If you're free this weekend, the migratory birds are starting to arrive too. Let me know if you want to join for some birdwatching!",,,,,,,,,,,,,,,,,,,,,,
Event,Communication,Communication,Event_Communication_2,1/10/40 08:10,,,"Hey The Lookout, The Intern here! I'd absolutely love to join you for birdwatching this weekend! Those dolphins sound amazing. What time were you thinking? I'll bring my new binoculars that Mrs. Money helped me pick out.",,,,,,,,,,,,,,,,,,,,,,
Event,Communication,Communication,Event_Communication_3,1/10/40 08:13,,,"Sam, it's Kelly! Let's meet at Sunrise Point at 7 AM for birdwatching. Bring your new binoculars and some water. I've heard there might be some rare shorebirds passing through this weekend. Can't wait!",,,,,,,,,,,,,,,,,,,,,,
Event,Communication,Communication,Event_Communication_5,1/10/40 08:16,,,"Mrs. Money, it's The Intern. Just checking in to see what tasks you need help with today. Also, I'll be birdwatching with The Lookout this weekend. Should I reschedule if you need me for anything?",,,,,,,,,,,,,,,,,,,,,,
Event,Communication,Communication,Event_Communication_6,1/10/40 08:19,,,"Boss, it's Mrs. Money. I've reviewed our operational funding for the upcoming projects. Need to discuss allocation priorities before our meeting with The Middleman next week. Are you available tomorrow afternoon?",,,,,,,,,,,,,,,,,,,,,,
Event,Communication,Communication,Event_Communication_7,1/10/40 08:21,,,"Mrs. Money, this is Boss. I'm available tomorrow at 3 PM to discuss funding allocations. Bring the updated projections for our tourism ventures. We need to ensure everything looks legitimate before meeting The Middleman next week.",,,,,,,,,,,,,,,,,,,,,,
Event,Communication,Communication,Event_Communication_8,1/10/40 08:24,,,"Boss, Mrs. Money here. I'll bring the updated projections for tomorrow at 3PM. I've noted some interesting opportunities near Nemo Reef in our tourism portfolio. Should we discuss allocating additional resources there specifically?",,,,,,,,,,,,,,,,,,,,,,
Event,Communication,Communication,Event_Communication_9,1/10/40 08:26,,,"Middleman, this is Boss. I'd like to move our meeting forward to discuss some promising opportunities near Nemo Reef. My accountant has identified potential for expansion there. Can you meet earlier than planned?",,,,,,,,,,,,,,,,,,,,,,
Event,Communication,Communication,Event_Communication_10,1/10/40 08:29,,,"Boss, this is The Middleman. I can meet earlier as requested. Nemo Reef discussion is timely - I've noted increased interest in that area. Have some council updates that might benefit your expansion plans. When and where?",,,,,,,,,,,,,,,,,,,,,,
Event,Communication,Communication,Event_Communication_11,1/10/40 08:32,,,"Middleman, this is Boss. Let's meet tomorrow at 4PM at the usual spot by the marina. I'll bring the tourism portfolio with Nemo Reef projections. Curious about those council updates that might help our expansion.",,,,,,,,,,,,,,,,,,,,,,
Event,Communication,Communication,Event_Communication_12,1/10/40 08:34,,,"Boss, this is Middleman. I'll be at the marina tomorrow at 4PM. Just reviewed some council documents - there's a potential loophole in Nemo Reef protection zones we can discuss. I'll bring the relevant paperwork.",,,,,,,,,,,,,,,,,,,,,,
Event,Communication,Communication,Event_Communication_13,1/10/40 08:50,,,"Ahoy, this is the luxury yacht Serenity. I've heard you're familiar with these waters. My owner is looking for premium diving spots. Heard about Nemo Reef, but understand it's restricted. Any comparable alternatives you could recommend?",,,,,,,,,,,,,,,,,,,,,,
Event,Communication,Communication,Event_Communication_15,1/10/40 08:52,,,"Serenity, this is Mako. For premium diving comparable to Nemo Reef, try Azure Cove just 3 miles south. Less restricted, similar coral formations, and better visibility. We just documented excellent conditions there yesterday during our coastal survey.",,,,,,,,,,,,,,,,,,,,,,
Event,Communication,Communication,Event_Communication_16,1/10/40 08:53,,,"Reef Guardian, this is Serenity. My owner is quite disappointed about Nemo Reef restrictions. Are there any special permits available for private vessels to access certain sections? We're willing to follow strict conservation guidelines.",,,,,,,,,,,,,,,,,,,,,,
Event,Communication,Communication,Event_Communication_17,1/10/40 08:59,,,Harbor Master to Mako. Confirming your 07:00 departure today with Remora for Sailors Team's reconnaissance. Please remember to return before sunset and maintain distance from protected marine areas. Safe journey.,,,,,,,,,,,,,,,,,,,,,,
Event,Communication,Communication,Event_Communication_20,1/10/40 09:02,,,"Davis, Mako here. Just completed documentation of our sites. Coral Point has excellent visibility but too exposed for filming. Dolphin Bay offers privacy but those currents will be challenging for equipment setup. Heading back to Himark as scheduled.",,,,,,,,,,,,,,,,,,,,,,
Event,Communication,Communication,Event_Communication_21,1/10/40 09:49,,,"Mrs. Money, this is Boss. After speaking with The Middleman, I'm confident about our Nemo Reef opportunity. He mentioned a potential loophole in protection zones. Let's discuss this during our 3PM meeting along with funding allocations.",,,,,,,,,,,,,,,,,,,,,,
Event,Communication,Communication,Event_Communication_22,1/10/40 09:52,,,"Middleman, it's Mrs. Money. I've prepared those financial projections we discussed. Particularly interested in your thoughts on that Nemo Reef loophole before my meeting with Boss tomorrow. Available to talk this evening?",,,,,,,,,,,,,,,,,,,,,,
Event,Communication,Communication,Event_Communication_24,1/10/40 09:55,,,"Serenity, Reef Guardian here. I understand your disappointment, but Nemo Reef is strictly protected without special access permits. However, we can recommend several equally beautiful non-protected areas nearby. We're observing increased tourism pressure lately, which is why enforcement remains strict.",,,,,,,,,,,,,,,,,,,,,,
Event,Communication,Communication,Event_Communication_26,1/10/40 09:58,,,"Himark Harbor, this is luxury yacht Serenity. We're planning to anchor for the evening. Can you confirm availability for a 120-foot vessel requiring premium berth services? My owner would appreciate any local recommendations for exclusive dining options as well.",,,,,,,,,,,,,,,,,,,,,,
Event,Communication,Communication,Event_Communication_28,1/10/40 09:59,,,Himark Harbor to Serenity. Premium berth confirmed for your 120-foot vessel. Recommend 'The Pearl' for exclusive dining - waterfront views and renowned seafood. Harbor staff will assist with your berthing upon arrival.,,,,,,,,,,,,,,,,,,,,,,
Event,Communication,Communication,Event_Communication_30,1/10/40 10:43,,,"Attention Remora, this is Paackland Harbor. We've observed your vessel approaching Nemo Reef's protected inner boundary. Please maintain appropriate distance from restricted zones as per maritime conservation regulations. Acknowledge receipt.",,,,,,,,,,,,,,,,,,,,,,
Event,Communication,Communication,Event_Communication_32,1/10/40 10:46,,,"Paackland Harbor, this is Remora. Acknowledging your warning. We'll maintain proper distance from Nemo Reef's protected areas. Currently surveying locations with Rodriguez for Sailor Shifts Team's upcoming video shoot. Will respect all conservation regulations.",,,,,,,,,,,,,,,,,,,,,,
Event,Communication,Communication,Event_Communication_35,1/10/40 10:48,,,"This is Paackland Harbor to Oceanus City Council. Reporting increased tourism vessel activity near protected areas, specifically Nemo Reef. Have issued standard reminders about conservation regulations. Recommend additional signage or patrol consideration for upcoming tourism season.",,,,,,,,,,,,,,,,,,,,,,
Event,Communication,Communication,Event_Communication_37,1/10/40 10:51,,,"Liam, this is Oceanus City Council. We've received reports from Paackland Harbor about increased tourism vessels near Nemo Reef. Please coordinate with harbor masters to enhance conservation patrols and consider temporary additional signage for protected areas.",,,,,,,,,,,,,,,,,,,,,,
Event,Communication,Communication,Event_Communication_39,1/10/40 10:53,,,"Mrs. Money, this is The Middleman. I can meet this evening to discuss the Nemo Reef loophole before your meeting with Boss. Council just flagged increased vessel activity there - perfect timing for our plans. 7PM at the cafe?",,,,,,,,,,,,,,,,,,,,,,
Event,Communication,Communication,Event_Communication_40,1/10/40 10:55,,,"The Middleman, it's Mrs. Money. 7PM at the cafe works perfectly. I'll bring those financial projections on the Nemo Reef opportunity. I've also identified potential funding sources that won't raise flags with regulators.",,,,,,,,,,,,,,,,,,,,,,
Event,Communication,Communication,Event_Communication_43,1/10/40 10:56,,,"Council, this is Liam Thorne. I've reviewed the Nemo Reef reports and am coordinating with harbor masters as requested. Will implement additional signage by tomorrow and increase patrols this weekend. Sending full action plan by end of day.",,,,,,,,,,,,,,,,,,,,,,
Event,Communication,Communication,Event_Communication_45,1/10/40 10:58,,,"Paackland Harbor, this is Oceanus City Council. We've received your report and are taking action. Liam Thorne is coordinating additional signage installation tomorrow and increased patrols this weekend. Full action plan forthcoming. Thank you for your vigilance.",,,,,,,,,,,,,,,,,,,,,,
Event,Communication,Communication,Event_Communication_48,1/10/40 11:01,,,"Reef Guardian, Paackland Harbor here. We're seeing increased tourism activity near Nemo Reef's protected zones. Please increase monitoring patrols in that area over the next 48 hours. Oceanus Council is adding signage tomorrow. Confirm when possible.",,,,,,,,,,,,,,,,,,,,,,
Event,Communication,Communication,Event_Communication_50,1/10/40 11:02,,,"Himark Harbor, this is Marlin. Another day with half-empty nets while burning through fuel that costs double what it did last year. These new catch quotas are killing us local fishermen. Conservation sounds nice until families can't put food on the table.",,,,,,,,,,,,,,,,,,,,,,
Event,Communication,Communication,Event_Communication_51,1/10/40 11:03,,,Himark Harbor to Marlin. We understand your concerns about the catch quotas. We've noted your feedback and will relay it to the Oceanus City Council at our next meeting. Is there anything else you need from harbor services today?,,,,,,,,,,,,,,,,,,,,,,
Event,Communication,Communication,Event_Communication_53,1/10/40 11:06,,,"Oceanus City Council, this is Marlin. These new regulations are destroying our livelihood. Fuel costs doubled while catch limits halved. Five generations of my family fished these waters. Now we can barely break even. Please reconsider before there are no local fishermen left.",,,,,,,,,,,,,,,,,,,,,,
Event,Communication,Communication,Event_Communication_54,1/10/40 11:09,,,"Marlin, this is Oceanus City Council. We hear your concerns about the fishing regulations. Let's schedule a community forum next week to discuss sustainable solutions that balance conservation needs with fishermen's livelihoods. Please confirm your availability.",,,,,,,,,,,,,,,,,,,,,,
Event,Communication,Communication,Event_Communication_59,1/10/40 11:10,,,Mako to Remora. How's visibility in your sector? We've documented good conditions at Azure Cove and challenging currents at Dolphin Bay. Planning to rendezvous at Himark's south dock at 16:00 as scheduled. Over.,,,,,,,,,,,,,,,,,,,,,,
Event,Communication,Communication,Event_Communication_62,1/10/40 11:40,,,"Reef Guardian, Green Guardians HQ here. We've noted increased tourism vessel activity near protected areas, especially around Nemo Reef. Please maintain extra vigilance over the next two weeks and report any regulation violations immediately.",,,,,,,,,,,,,,,,,,,,,,
Event,Communication,Communication,Event_Communication_64,1/10/40 12:26,,,"Hello Sailor Shifts Team, this is Samantha Blake. I've prepared the initial event coordination outline for your music video shoot. Please confirm the Nemo Reef location so I can secure proper permits and arrange necessary equipment rentals.",,,,,,,,,,,,,,,,,,,,,,
Event,Communication,Communication,Event_Communication_66,1/10/40 12:27,,,"Hi Samantha, Glitters Team here. We're confirming Nemo Reef as our primary location. We need permits for the northwest section specifically. Our reconnaissance showed optimal lighting conditions there. Please prioritize environmental compliance documentation.",,,,,,,,,,,,,,,,,,,,,,
Event,Communication,Communication,Event_Communication_67,1/10/40 12:29,,,"Hello Oceanus City Council, this is Samantha Blake. I'm submitting a permit application for a music video shoot at Nemo Reef's northwest section in two weeks. Could you please advise on specific environmental compliance requirements for this protected area?",,,,,,,,,,,,,,,,,,,,,,
Event,Communication,Communication,Event_Communication_69,1/10/40 12:34,,,"Green Guardians, this is Sentinel. While patrolling western boundary of protected areas, I've observed increased tourism vessel activity near Nemo Reef. Recommend discussing inconsistent enforcement at upcoming community meeting. Sending detailed water quality report separately.",,,,,,,,,,,,,,,,,,,,,,
Event,Communication,Communication,Event_Communication_72,1/10/40 12:37,,,"Horizon, Green Guardians HQ here. We're seeing increased tourism activity near protected areas, particularly Nemo Reef. Please coordinate with Sentinel on the western boundary and document any regulation violations. Extra patrols requested for the next two weeks.",,,,,,,,,,,,,,,,,,,,,,
Event,Communication,Communication,Event_Communication_76,1/10/40 12:39,,,"Sentinel, this is Horizon. Received coordinates from Green Guardians about increased tourism near Nemo Reef. I'll monitor the eastern boundary while you take western. Let's document any violations and compare notes at 1800 hours.",,,,,,,,,,,,,,,,,,,,,,
Event,Communication,Communication,Event_Communication_79,1/10/40 12:40,,,"Horizon, this is Sentinel. Confirming western boundary patrol. Documented three tourism vessels approaching Nemo Reef's protected zones in the last hour. Will transmit coordinates and photographic evidence. See you at 1800 for debrief.",,,,,,,,,,,,,,,,,,,,,,
Event,Communication,Communication,Event_Communication_85,1/10/40 12:44,,,"Seawatch, Green Guardians HQ here. We need additional monitoring around Nemo Reef's southern boundary. Horizon and Sentinel have reported multiple tourism vessels crossing protected zones. Please coordinate patrol schedule with them for the next two weeks.",,,,,,,,,,,,,,,,,,,,,,
Event,Communication,Communication,Event_Communication_87,2/10/40 08:04,,,The Lookout here! Just spotted some rare sea turtles near Nemo Reef this afternoon. Magnificent creatures! Don't forget about our birdwatching trip tomorrow at 7 AM. The weather looks perfect for spotting those migratory species!,,,,,,,,,,,,,,,,,,,,,,
Event,Communication,Communication,Event_Communication_89,2/10/40 08:07,,,"Mrs. Money, it's The Intern. I wanted to follow up on my earlier message about any tasks you need help with today. Also, The Lookout mentioned spotting sea turtles near Nemo Reef. Should we be aware of any conservation concerns there?",,,,,,,,,,,,,,,,,,,,,,
Event,Communication,Communication,Event_Communication_90,2/10/40 08:09,,,"Intern, it's Mrs. Money. Yes, we're aware of conservation concerns at Nemo Reef. Those sea turtle sightings are precisely why we need careful financial planning. I'll need you to compile some public conservation reports for our records.",,,,,,,,,,,,,,,,,,,,,,
Event,Communication,Communication,Event_Communication_91,2/10/40 08:11,,,"Intern, Mrs. Money here. Focus specifically on turtle migration patterns and protected breeding grounds in the Nemo Reef conservation reports. Also gather any information about current protection zone boundaries and recent enforcement actions. This is critical for our meeting tomorrow.",,,,,,,,,,,,,,,,,,,,,,
Event,Communication,Communication,Event_Communication_92,2/10/40 08:13,,,"Hey The Lookout, The Intern here! Just finished gathering those conservation reports for Mrs. Money. Looking forward to our birdwatching tomorrow at 7 AM. Quick question - how close were those sea turtles to shore when you spotted them?",,,,,,,,,,,,,,,,,,,,,,
Event,Communication,Communication,Event_Communication_94,2/10/40 08:15,,,"The Lookout here! Those sea turtles were pretty close to shore, maybe 50 yards out from Nemo Reef. Unusual to see them so close! Don't forget your sunscreen tomorrow - forecast says it'll be bright. See you at Sunrise Point!",,,,,,,,,,,,,,,,,,,,,,
Event,Communication,Communication,Event_Communication_95,2/10/40 08:50,,,Haacklee Harbor responding to Osprey inquiry. We have three vessels available for charter this week. Noticed you were redirected from Mako's crew? Interesting how many vessels are asking about eastern waters lately. Let me know your requirements.,,,,,,,,,,,,,,,,,,,,,,
Event,Communication,Communication,Event_Communication_97,2/10/40 08:52,,,"Mako, this is Osprey. Wondering if you're available for charter tomorrow for a group of tourists wanting to explore the bay area? I was redirected from your crew to Haacklee Harbor, but would prefer working with you.",,,,,,,,,,,,,,,,,,,,,,
Event,Communication,Communication,Event_Communication_99,2/10/40 08:54,,,"Himark Harbor, this is Mako. We'll remain docked at slip #14 today. Davis and the Sailors team departed at 0600 for city offices to file special event paperwork. Vessel is undergoing routine maintenance until their return.",,,,,,,,,,,,,,,,,,,,,,
Event,Communication,Communication,Event_Communication_100,2/10/40 08:56,,,Himark Harbor to Oceanus City Council. Daily report: Minimal vessel activity today. Mako and Remora remain docked. Sailors Team representatives traveled to City Hall for event permission paperwork. Marlin has expressed concerns about catch quotas affecting local fishermen.,,,,,,,,,,,,,,,,,,,,,,
Event,Communication,Communication,Event_Communication_102,2/10/40 08:59,,,"Samantha, this is Oceanus City Council. Regarding your Nemo Reef permit application - filming in protected areas requires special environmental assessment. Please attend our office hours tomorrow to discuss alternatives, as northwest Nemo Reef has recently received heightened protection status.",,,,,,,,,,,,,,,,,,,,,,
Event,Communication,Communication,Event_Communication_103,2/10/40 09:02,,,"Hi Sailor Shifts Team, Samantha Blake here. The City Council has concerns about Nemo Reef's northwest section due to heightened protection status. I'm meeting with them tomorrow to discuss alternatives. Will update you after the meeting.",,,,,,,,,,,,,,,,,,,,,,
Event,Communication,Communication,Event_Communication_106,2/10/40 09:59,,,"EcoVigil, this is Green Guardians HQ. We're documenting multiple protected zone violations at Nemo Reef. Please coordinate with Horizon to establish a monitoring station at the eastern boundary for the next week. Send daily reports directly to headquarters.",,,,,,,,,,,,,,,,,,,,,,
Event,Communication,Communication,Event_Communication_109,2/10/40 10:02,,,"Horizon, this is EcoVigil. Green Guardians has tasked us to establish a monitoring station with you at Nemo Reef's eastern boundary. Can we coordinate equipment and schedules for the week-long operation? Standing by for your response.",,,,,,,,,,,,,,,,,,,,,,
Event,Communication,Communication,Event_Communication_110,2/10/40 10:04,,,"EcoVigil, Horizon here. Affirmative on joint monitoring station. I can provide sonar equipment and water quality sensors. Suggest setup tomorrow at 0800 at coordinates 27.45N, 82.32W. Can accommodate two of your technicians onboard. What equipment are you bringing?",,,,,,,,,,,,,,,,,,,,,,
Event,Communication,Communication,Event_Communication_111,2/10/40 10:06,,,"Horizon, EcoVigil here. We'll meet you tomorrow at 0800 at the coordinates. Bringing underwater cameras, GPS tracking buoys, and two marine biologists. Do you have recent activity logs from the area we should review before deployment?",,,,,,,,,,,,,,,,,,,,,,
Event,Communication,Communication,Event_Communication_112,2/10/40 10:09,,,"EcoVigil, Horizon here. Yes, I have activity logs from the past 72 hours showing increased vessel traffic. Will prepare data visualization of hotspots. Also bringing underwater drones for reef inspection. How long will your team need for setup?",,,,,,,,,,,,,,,,,,,,,,
Event,Communication,Communication,Event_Communication_113,2/10/40 10:21,,,"Hello Sailor Shifts Team, Samantha Blake here. I've been researching alternative locations with similar aesthetics to Nemo Reef. Could you provide your secondary location preferences before my meeting with the City Council tomorrow?",,,,,,,,,,,,,,,,,,,,,,
Event,Communication,Communication,Event_Communication_115,2/10/40 11:01,,,"Mako, Davis here. Thanks for the site assessment. The Coral Point exposure is concerning, and those Dolphin Bay currents could damage our equipment. Let's discuss alternative locations when you return to Himark. Rodriguez will help with logistics.",,,,,,,,,,,,,,,,,,,,,,
Event,Communication,Communication,Event_Communication_117,2/10/40 11:04,,,Mako to Sailor Shifts Team. Vessel remains docked at Himark Harbor slip #14 as scheduled. Davis and your team departed at 0600 for city paperwork filing. Routine maintenance underway until your return. Any change to afternoon schedule?,,,,,,,,,,,,,,,,,,,,,,
Event,Communication,Communication,Event_Communication_118,2/10/40 11:45,,,Himark Harbor to Oceanus City Council. Update: Sailors Team members have gone to City Hall for event permits. Minimal harbor activity today with Mako and Remora remaining docked. Serenity has requested premium berthing for tonight. Anything you need from us?,,,,,,,,,,,,,,,,,,,,,,
Event,Communication,Communication,Event_Communication_119,2/10/40 11:48,,,"Himark Harbor, this is Oceanus City Council. Thank you for your update. Please inform Sailors Team that their permit applications are being processed. We've approved Serenity's premium berthing request for tonight. No additional actions required at this time.",,,,,,,,,,,,,,,,,,,,,,
Event,Communication,Communication,Event_Communication_120,2/10/40 11:50,,,"Boss, it's Mrs. Money. I'm meeting The Middleman at 7PM tonight to discuss the Nemo Reef loophole. I've prepared financial projections and identified discreet funding sources. The Intern is compiling conservation reports focusing on protection boundaries.",,,,,,,,,,,,,,,,,,,,,,
Event,Communication,Communication,Event_Communication_121,2/10/40 12:07,,,"Mako, this is Marlin. Have you seen these new commercial licensing costs? Between that and mandatory equipment upgrades, I'm barely staying afloat. My family's fished these waters for generations. How are you managing?",,,,,,,,,,,,,,,,,,,,,,
Event,Communication,Communication,Event_Communication_123,2/10/40 12:09,,,"Marlin, Mako here. The new licensing costs are brutal. I'm managing by diversifying - tourism charters keep us afloat. Currently docked at Himark for maintenance while Davis and the Sailors team handle paperwork downtown. Maybe worth exploring similar arrangements?",,,,,,,,,,,,,,,,,,,,,,
Event,Communication,Communication,Event_Communication_124,2/10/40 12:10,,,"Remora, this is Marlin. These new commercial licensing fees are crippling us small operators. I hear Mako's doing tourist charters to stay afloat. Have you found any workarounds for the mandatory equipment upgrades? My sonar replacement alone is three months' profit.",,,,,,,,,,,,,,,,,,,,,,
Event,Communication,Communication,Event_Communication_126,2/10/40 12:13,,,"Mr. Jensen, this is Miranda. I've been observing unusual activity at Nemo Reef. Multiple vessels circling the protected area and someone was filing permits at city hall. Should I continue surveillance or return with my findings?",,,,,,,,,,,,,,,,,,,,,,
Event,Communication,Communication,Event_Communication_128,2/10/40 12:14,,,"Miranda, this is Clepper. Stay on surveillance at Nemo Reef. Document all vessel activities and get photos if possible. Also, find out who's filing those permits and what they're requesting specifically. This could be our next big story.",,,,,,,,,,,,,,,,,,,,,,
Event,Communication,Communication,Event_Communication_130,2/10/40 12:16,,,"Mr. Jensen, Miranda reporting in. I've identified three vessels repeatedly circling Nemo Reef - two commercial and one private yacht. The permit application was filed by someone named Rodriguez from 'Sailor Shifts Team' requesting access for 'environmental sampling.' Continuing surveillance as instructed.",,,,,,,,,,,,,,,,,,,,,,
Event,Communication,Communication,Event_Communication_131,2/10/40 12:17,,,"Miranda, Clepper here. Great work identifying those vessels. I need you to dig deeper on this Rodriguez character and the 'Sailor Shifts Team.' Get photos of their activities and any documentation of their sampling methods. This environmental angle seems suspicious.",,,,,,,,,,,,,,,,,,,,,,
Event,Communication,Communication,Event_Communication_132,2/10/40 12:21,,,"Miranda, Clepper here. Follow the money trail on Rodriguez. Check if 'environmental sampling' permits have been filed before by this group. Get closer images of their equipment and try to identify what specific minerals they might be prospecting for. This could be major environmental exploitation.",,,,,,,,,,,,,,,,,,,,,,
Event,Communication,Communication,Event_Communication_134,2/10/40 12:22,,,"Mr. Jensen, Miranda reporting. I've accessed public records on Rodriguez - he's connected to a mining consortium with previous violations in protected areas. Their equipment appears designed for core sampling, not environmental research. I've documented everything and am continuing surveillance.",,,,,,,,,,,,,,,,,,,,,,
Event,Communication,Communication,Event_Communication_135,2/10/40 12:23,,,"Miranda, Clepper here. Get closer to their sampling operation - I need to know exactly what they're extracting. Also, check if Rodriguez has political connections shielding these activities. This story could expose major environmental crimes.",,,,,,,,,,,,,,,,,,,,,,
Event,Communication,Communication,Event_Communication_136,2/10/40 12:27,,,"Mako, Osprey here again. Just checking if you received my earlier message about charter availability for tomorrow? Group of six tourists wanting a half-day bay tour. Haacklee has options but I'd prefer working with your crew if possible.",,,,,,,,,,,,,,,,,,,,,,
Event,Communication,Communication,Event_Communication_139,2/10/40 12:46,,,"Osprey, this is Mako. Received your charter request. Available tomorrow for your group of six. We'll be at Himark Harbor slip #14 by 0800. Half-day bay tour works perfectly. Confirm time and special requests?",,,,,,,,,,,,,,,,,,,,,,
Event,Communication,Communication,Event_Communication_141,2/10/40 12:48,,,"Mako, Osprey here. Perfect, 0800 at Himark Harbor works for my tourists. Any scenic spots you'd recommend for the bay tour? Will have them bring their own refreshments. Confirming half-day tour ending around 1300.",,,,,,,,,,,,,,,,,,,,,,
Event,Communication,Communication,Event_Communication_142,2/10/40 12:50,,,"Rodriguez, Mako here. Currently docked at Himark Harbor slip #14. Davis mentioned you'd help with logistics for alternative locations. Vessel's undergoing maintenance while the Sailors team is at city offices filing paperwork. When can you come by?",,,,,,,,,,,,,,,,,,,,,,
Event,Communication,Communication,Event_Communication_143,2/10/40 12:53,,,"Mako, this is Small Fry. I can be at slip #14 in about 30 minutes. I've got some location alternatives mapped out for review while the Glitters Team handles the paperwork downtown. Need anything specific before I arrive?",,,,,,,,,,,,,,,,,,,,,,
Event,Communication,Communication,Event_Communication_145,2/10/40 12:56,,,"Himark Harbor, this is Mako. Confirming extended docking at slip #14 today. Davis and Sailors team departed at 0600 for city paperwork filing. Expect maintenance crew arrival soon. Any harbor notices we should be aware of while stationary?",,,,,,,,,,,,,,,,,,,,,,
Event,Communication,Communication,Event_Communication_147,2/10/40 12:57,,,Himark Harbor to Serenity. Confirming your premium berthing request has been approved by Oceanus City Council for tonight. Your designated slip is #32 with shore power available. Harbor services will be on standby upon your arrival.,,,,,,,,,,,,,,,,,,,,,,
Event,Communication,Communication,Event_Communication_149,2/10/40 12:58,,,"Liam Thorne, this is Paackland Harbor. Could you provide a detailed report of all tourism vessels that approached or entered Nemo Reef's vicinity yesterday? We're compiling data for conservation monitoring following recent boundary approaches. Appreciate your prompt response.",,,,,,,,,,,,,,,,,,,,,,
Event,Communication,Communication,Event_Communication_150,2/10/40 13:00,,,"Paackland Harbor, this is The Middleman. I'll send that vessel report by end of day. Currently working on implementing additional conservation signage as well. Any specific vessels of concern I should focus on?",,,,,,,,,,,,,,,,,,,,,,
Event,Communication,Communication,Event_Communication_152,2/10/40 13:02,,,"Sentinel, Paackland Harbor here. Please conduct additional monitoring sweeps around Nemo Reef's boundary markers. We've received reports of tourism vessels approaching restricted zones. Document any boundary violations and report back with findings.",,,,,,,,,,,,,,,,,,,,,,
Event,Communication,Communication,Event_Communication_153,2/10/40 13:06,,,"Rodriguez, Remora here. While we wait for Sailors team to return from city meeting, let's complete that scheduled maintenance. Did you hear they're likely selecting Nemo Reef for the shoot? We should prep accordingly.",,,,,,,,,,,,,,,,,,,,,,
Event,Communication,Communication,Event_Communication_156,2/10/40 13:07,,,"Remora, Small Fry here. I'll be at slip #14 soon to help Mako. Surprised about Nemo Reef - that's a protected area. Are we sure that's what the Glitters Team is filing for? Let's discuss when I see you after Mako.",,,,,,,,,,,,,,,,,,,,,,
Event,Communication,Communication,Event_Communication_158,2/10/40 13:08,,,"Mako, Remora here. Received your update on conditions. We're completing maintenance while waiting for Sailors team. Rodriguez mentioned concerns about Nemo Reef being a protected area. Do you have any insight on permit status? Still on for 16:00 at Himark's south dock.",,,,,,,,,,,,,,,,,,,,,,
Event,Communication,Communication,Event_Communication_159,3/10/40 08:04,,,"Hey The Intern, it's The Lookout! Just spotted a pair of ospreys building a nest near the lighthouse. Perfect timing for our birdwatching tomorrow! Also, those conservation boats seem extra active around Nemo Reef today. Wonder what's going on?",,,,,,,,,,,,,,,,,,,,,,
Event,Communication,Communication,Event_Communication_160,3/10/40 08:07,,,"Mrs. Money, The Intern here. I've noticed increased conservation boat activity around Nemo Reef that The Lookout just reported. Could this affect our plans? Should I gather information on these enforcement operations for tomorrow's meeting?",,,,,,,,,,,,,,,,,,,,,,
Event,Communication,Communication,Event_Communication_161,3/10/40 08:09,,,"Intern, Mrs. Money here. Yes, the increased conservation activity is concerning. Please gather intel on patrol schedules and enforcement jurisdiction limits. We need to understand their operational patterns before our meeting. This may affect our timing.",,,,,,,,,,,,,,,,,,,,,,
Event,Communication,Communication,Event_Communication_162,3/10/40 08:10,,,"Mrs. Money, The Intern reporting. I've started gathering intel on patrol schedules and jurisdiction limits as requested. Conservation vessels seem to be following a tighter pattern around Nemo Reef's eastern boundary. Will have full report for tomorrow's meeting.",,,,,,,,,,,,,,,,,,,,,,
Event,Communication,Communication,Event_Communication_163,3/10/40 08:12,,,"Middleman, it's Mrs. Money. Conservation patrol activity has increased significantly around Nemo Reef. We may need to adjust our approach for tonight's meeting. I've identified alternative funding channels if needed. Still on for 7PM?",,,,,,,,,,,,,,,,,,,,,,
Event,Communication,Communication,Event_Communication_165,3/10/40 08:35,,,Defender to Reef Guardian. Increasing our patrol frequency around Nemo Reef after reports of tourism vessels offering unauthorized access. Please advise if you observe any suspicious activity in your sector. Will maintain regular presence in restricted zones.,,,,,,,,,,,,,,,,,,,,,,
Event,Communication,Communication,Event_Communication_167,3/10/40 08:37,,,"Defender, this is Reef Guardian. Observed two tourism vessels lingering near Nemo Reef's eastern boundary markers today. One approached within 50 meters of the restricted zone. Will continue monitoring and share patrol schedules to ensure optimal coverage.",,,,,,,,,,,,,,,,,,,,,,
Event,Communication,Communication,Event_Communication_169,3/10/40 08:39,,,Defender to Seawatch. We've increased patrols around Nemo Reef after reports of tourism vessels offering unauthorized access for payment. Request you maintain vigilance in your sector and report any suspicious activity immediately.,,,,,,,,,,,,,,,,,,,,,,
Event,Communication,Communication,Event_Communication_171,3/10/40 08:41,,,"Sentinel, this is The Lookout. Acknowledged increased patrol needs around Nemo Reef. Have spotted three vessels lingering near southern boundary markers today. Will maintain position and continue surveillance. Can you confirm your current coordinates?",,,,,,,,,,,,,,,,,,,,,,
Event,Communication,Communication,Event_Communication_175,3/10/40 08:46,,,"Oceanus City Council, this is Green Guardians. We're documenting numerous violations of protected marine zones near Nemo Reef. Requesting urgent meeting to discuss enforcement measures and possible expansion of conservation patrol authority.",,,,,,,,,,,,,,,,,,,,,,
Event,Communication,Communication,Event_Communication_176,3/10/40 08:48,,,"Green Guardians, this is Oceanus City Council. We've received your report about Nemo Reef violations. We'll schedule an emergency meeting tomorrow at 9 AM to address enforcement measures. Please bring your documentation and proposed patrol expansion plans.",,,,,,,,,,,,,,,,,,,,,,
Event,Communication,Communication,Event_Communication_179,3/10/40 08:49,,,"Reef Guardian, Green Guardians HQ here. Following increased violations at Nemo Reef, we need your vessel stationed at the southern approach. The City Council is meeting tomorrow at 9 AM to discuss enforcement. Please prepare incident reports from your patrols for submission.",,,,,,,,,,,,,,,,,,,,,,
Event,Communication,Communication,Event_Communication_182,3/10/40 08:50,,,"Green Guardians, Reef Guardian here. I'll be stationed at Nemo Reef's southern approach as directed. Have compiled incident reports documenting five boundary violations this week. Will submit these for tomorrow's City Council meeting.",,,,,,,,,,,,,,,,,,,,,,
Event,Communication,Communication,Event_Communication_183,3/10/40 08:51,,,Green Guardians to Oceanus City Council. We'll be present at today's 9 AM meeting with comprehensive violation documentation. Our conservation vessels have compiled photographic evidence and incident reports. We're prepared to discuss expanded patrol protocols and enforcement recommendations.,,,,,,,,,,,,,,,,,,,,,,
Event,Communication,Communication,Event_Communication_186,3/10/40 08:53,,,"Liam, this is Oceanus City Council. Following our meeting with Green Guardians, we need to implement stricter enforcement at Nemo Reef immediately. Please prepare a comprehensive patrol schedule and enforcement protocol by end of day.",,,,,,,,,,,,,,,,,,,,,,
Event,Communication,Communication,Event_Communication_189,3/10/40 09:04,,,"Sentinel, The Lookout here. Observed suspicious tourism vessel approaching Nemo Reef's southern boundary - appears to be the 'Mariner's Dream'. They've made three passes near the restricted markers in the last hour. What's your position? Can you intercept?",,,,,,,,,,,,,,,,,,,,,,
Event,Communication,Communication,Event_Communication_191,3/10/40 09:11,,,Himark Harbor to Seawatch. We've noticed several tourism vessels returning earlier than scheduled today. The Sailors team appeared notably frustrated during check-in. Any observations from your patrols regarding their activities?,,,,,,,,,,,,,,,,,,,,,,
Event,Communication,Communication,Event_Communication_196,3/10/40 09:13,,,"Horizon, Green Guardians HQ here. Please establish monitoring stations along Nemo Reef's western perimeter. Coordinate with Sentinel regarding the unauthorized vessels. We need comprehensive documentation for tomorrow's City Council meeting on enforcement measures.",,,,,,,,,,,,,,,,,,,,,,
Event,Communication,Communication,Event_Communication_197,3/10/40 09:25,,,"Remora, Paackland Harbor here. Requesting update on any temporary restriction changes around the southern islands that may affect vessel routing. Several operators have asked about current access limitations. Please advise when convenient.",,,,,,,,,,,,,,,,,,,,,,
Event,Communication,Communication,Event_Communication_199,3/10/40 09:28,,,"Rodriguez, Remora here. I've been scouting the southern coastline for alternative filming sites. When you're done with Mako, we should discuss talking to the Boss about Nemo Reef. Heard they have 'special arrangements' for certain clients.",,,,,,,,,,,,,,,,,,,,,,
Event,Communication,Communication,Event_Communication_201,3/10/40 09:47,,,"Mr. Jensen, Miranda here. The council member meeting Rodriguez is Councilor Knowles - they exchanged documents in a private marina meeting. I've also identified their vessel as registered to V. Miesel Shipping, potentially a shell company. Awaiting further instructions.",,,,,,,,,,,,,,,,,,,,,,
Event,Communication,Communication,Event_Communication_203,3/10/40 09:49,,,"Miranda, Clepper here. Excellent work on Rodriguez and Knowles. Focus on that council connection - I need evidence of what documents they exchanged. Also, investigate V. Miesel Shipping's corporate structure. We're close to exposing this conspiracy.",,,,,,,,,,,,,,,,,,,,,,
Event,Communication,Communication,Event_Communication_204,3/10/40 09:51,,,"Mr. Jensen, Miranda here. I've traced V. Miesel Shipping to an offshore account linked to Councilor Knowles' brother-in-law. Their equipment is designed for rare earth extraction specifically. I've documented the exchange - they're planning another meeting tomorrow at dawn.",,,,,,,,,,,,,,,,,,,,,,
Event,Communication,Communication,Event_Communication_205,3/10/40 09:53,,,"Miranda, Clepper here. Stake out that dawn meeting between Rodriguez and Knowles. Document everything with high-resolution photos. This connection between V. Miesel, rare earth mining, and a council member is exactly the corruption exposé we need. Be careful.",,,,,,,,,,,,,,,,,,,,,,
Event,Communication,Communication,Event_Communication_206,3/10/40 09:55,,,"Mr. Jensen, Miranda reporting from the stakeout. Rodriguez and Knowles just met - they exchanged documents with mining site coordinates and what appears to be permit approval signatures. I've photographed everything, including Knowles accepting an envelope that looked like cash.",,,,,,,,,,,,,,,,,,,,,,
Event,Communication,Communication,Event_Communication_207,3/10/40 09:58,,,"Miranda, Clepper here. You've hit the jackpot! That cash exchange is exactly what we needed. Stay on site if possible and track where Rodriguez goes next. This is shaping up to be a major corruption scandal involving protected marine areas.",,,,,,,,,,,,,,,,,,,,,,
Event,Communication,Communication,Event_Communication_209,3/10/40 10:02,,,"Horizon, this is EcoVigil. We'll need approximately 60 minutes for setup. Appreciate the activity logs and hotspot data. Have you noticed any patterns in the unauthorized entries? Our team will bring additional night-vision equipment for 24-hour surveillance.",,,,,,,,,,,,,,,,,,,,,,
Event,Communication,Communication,Event_Communication_211,3/10/40 10:05,,,"Sentinel, Horizon here. Repositioning to western perimeter per Green Guardians' directive. Have you identified patterns in those tourism vessels' approaches? Will rendezvous with you at 1800 with our eastern boundary data to compile comprehensive report.",,,,,,,,,,,,,,,,,,,,,,
Event,Communication,Communication,Event_Communication_213,3/10/40 10:08,,,"Paackland Harbor, this is Sentinel. Completed monitoring sweep around Nemo Reef. Documented five unauthorized vessels today, including 'Mariner's Dream' making repeated approaches to southern boundary. Requesting harbor authority support for increased patrol presence.",,,,,,,,,,,,,,,,,,,,,,
Event,Communication,Communication,Event_Communication_214,3/10/40 10:11,,,"Remora, Paackland Harbor here. Following up on our earlier request about southern islands restriction updates. Tourism operators keep asking about access limitations. Any new information you can share? Need to update our navigation advisories.",,,,,,,,,,,,,,,,,,,,,,
Event,Communication,Communication,Event_Communication_216,3/10/40 10:13,,,"Paackland Harbor, Remora here. Regarding southern islands - no official restriction changes to report. However, some operators have found 'alternative arrangements' for access to certain protected areas. Will update when I have official information.",,,,,,,,,,,,,,,,,,,,,,
Event,Communication,Communication,Event_Communication_218,3/10/40 10:15,,,"Oceanus City Council, Paackland Harbor here. Requesting authorization for increased patrol presence around Nemo Reef following multiple boundary violations. Sentinel has documented five unauthorized vessels today, including repeated approaches by 'Mariner's Dream'.",,,,,,,,,,,,,,,,,,,,,,
Event,Communication,Communication,Event_Communication_221,3/10/40 10:16,,,"Paackland Harbor, this is Oceanus City Council. Authorization granted for increased patrol presence around Nemo Reef. Focus on 'Mariner's Dream' and coordinate with Liam Thorne who's implementing new enforcement protocols. Daily violation reports requested.",,,,,,,,,,,,,,,,,,,,,,
Event,Communication,Communication,Event_Communication_222,3/10/40 10:18,,,"Remora, Paackland Harbor here. Need immediate clarification on those 'alternative arrangements' you mentioned for accessing protected areas. This raises serious compliance concerns. Please provide details for our investigation into unauthorized access.",,,,,,,,,,,,,,,,,,,,,,
Event,Communication,Communication,Event_Communication_224,3/10/40 10:19,,,"V. Miesel Shipping, Remora here. Need to discuss alternative filming locations since Nemo Reef seems problematic. Have identified several promising spots along southern coastline. Also, heard rumors about 'special access arrangements' for protected areas. Requires your guidance.",,,,,,,,,,,,,,,,,,,,,,
Event,Communication,Communication,Event_Communication_225,3/10/40 10:20,,,"Reef Guardian, Serenity here. Understood about Nemo Reef restrictions. My owner appreciates your conservation efforts. Could you share details about those equally beautiful non-protected areas you mentioned? We're particularly interested in locations with diverse marine life.",,,,,,,,,,,,,,,,,,,,,,
Event,Communication,Communication,Event_Communication_226,3/10/40 10:23,,,"Serenity, Reef Guardian here. I can recommend Dolphin Bay and Coral Cove as beautiful, unrestricted alternatives with diverse marine life. Both are 3 nautical miles east of Paackland Harbor. Please respect all marked boundaries during your visit.",,,,,,,,,,,,,,,,,,,,,,
Event,Communication,Communication,Event_Communication_227,3/10/40 10:26,,,"Mako, this is Serenity. Thanks for the Azure Cove recommendation. My owner is intrigued and we'd like to visit tomorrow. Any specific coordinates or approach suggestions to maximize our experience there?",,,,,,,,,,,,,,,,,,,,,,
Event,Communication,Communication,Event_Communication_228,3/10/40 10:31,,,"Captain of Northern Light here. Need to address the blatant favoritism in maritime enforcement. Tourism boats get away with everything while we commercial vessels face constant scrutiny. Same waters, different rules apparently. This selective enforcement is hurting our livelihood.",,,,,,,,,,,,,,,,,,,,,,
Event,Communication,Communication,Event_Communication_229,3/10/40 10:33,,,"Northern Light, this is Oceanus City Council. We've received your concerns about enforcement disparities. Our regulations apply equally to all vessels. We're scheduling a public forum next week to address maritime enforcement policies. Your input would be valuable.",,,,,,,,,,,,,,,,,,,,,,
Event,Communication,Communication,Event_Communication_230,3/10/40 10:34,,,Northern Light here to Sailor Shifts. Noticed you folks documenting maritime activities. Care to comment on why tourism boats can access restricted zones while we get citations for minor course deviations? Seems there's two different rulebooks in these waters.,,,,,,,,,,,,,,,,,,,,,,
Event,Communication,Communication,Event_Communication_231,3/10/40 10:37,,,"Northern Light, this is Glitters Team. We're just documenting for our music video production, not involved in any regulatory matters. We're actually dealing with permit challenges ourselves. Any suggestions for visually striking but accessible locations?",,,,,,,,,,,,,,,,,,,,,,
Event,Communication,Communication,Event_Communication_234,3/10/40 10:38,,,"Northern Light to Green Guardians. Noticed your increased patrols lately. Meanwhile, tourism boats slip into restricted zones without consequences while we commercial vessels get fined for minor infractions. Care to explain this double standard in enforcement?",,,,,,,,,,,,,,,,,,,,,,
Event,Communication,Communication,Event_Communication_237,3/10/40 10:39,,,"Northern Light, this is Green Guardians. We enforce regulations equally for all vessels. If you have evidence of preferential treatment, please share specifics. We're addressing Nemo Reef violations at today's City Council meeting and welcome your input.",,,,,,,,,,,,,,,,,,,,,,
Event,Communication,Communication,Event_Communication_239,3/10/40 10:59,,,"Green Guardians, Sentinel reporting. Coordinating with Horizon on expanded monitoring schedule. Request permission to recruit local fishing vessels as volunteer observers. Tourism vessels becoming more aggressive in boundary testing. Need additional eyes on Nemo Reef's western approach.",,,,,,,,,,,,,,,,,,,,,,
Event,Communication,Communication,Event_Communication_240,3/10/40 11:43,,,"Rodriguez, Davis here. Need you to prepare logistics for alternative filming locations. When Mako returns, we'll review options for sites with better equipment protection. Please gather data on nearby locations with moderate currents and good visibility.",,,,,,,,,,,,,,,,,,,,,,
Event,Communication,Communication,Event_Communication_244,4/10/40 08:03,,,The Lookout here! Something odd at Nemo Reef - just spotted the Mako vessel approaching the protected area with conservation boats following them. Didn't they mention this was off-limits? Still on for birdwatching tomorrow? I've packed extra snacks!,,,,,,,,,,,,,,,,,,,,,,
Event,Communication,Communication,Event_Communication_246,4/10/40 08:06,,,"Mrs. Money, The Intern here. The Lookout reports Mako approaching Nemo Reef with conservation vessels following. This seems connected to the increased activity we discussed. Should I investigate this specific incident for tomorrow's meeting?",,,,,,,,,,,,,,,,,,,,,,
Event,Communication,Communication,Event_Communication_248,4/10/40 08:08,,,"Boss, Mrs. Money here. The Mako situation is escalating - conservation vessels are tracking it near Nemo Reef. The Intern reports unusual activity that could compromise our operation. Should we activate contingency plan or proceed as scheduled?",,,,,,,,,,,,,,,,,,,,,,
Event,Communication,Communication,Event_Communication_249,4/10/40 08:10,,,"Mrs. Money, this is Boss. Abort all Nemo Reef operations immediately. Conservation vessels are too active in the area. Implement contingency plan B - redirect funds through secondary channels and have The Intern destroy any documentation linking us to Mako's activities.",,,,,,,,,,,,,,,,,,,,,,
Event,Communication,Communication,Event_Communication_250,4/10/40 08:12,,,"Middleman, Mrs. Money here. Meeting cancelled. Boss has ordered contingency plan B due to excessive conservation activity at Nemo Reef. Destroy all documentation. Will contact you through secure channel with new instructions.",,,,,,,,,,,,,,,,,,,,,,
Event,Communication,Communication,Event_Communication_252,4/10/40 08:36,,,"Mako, this is Reef Guardian. We detected your transponder near Echo-7 marker, approximately 3 miles from Nemo Reef protected boundary. Please confirm your position and intentions in this area. Awaiting response.",,,,,,,,,,,,,,,,,,,,,,
Event,Communication,Communication,Event_Communication_254,4/10/40 08:38,,,"Reef Guardian, this is Mako. Confirming position near Echo-7 marker. We're conducting authorized water quality sampling for Oceanus Environmental Department, maintaining minimal communications protocol. Will remain outside protected boundary. Departing area shortly.",,,,,,,,,,,,,,,,,,,,,,
Event,Communication,Communication,Event_Communication_258,4/10/40 08:43,,,"Mako, Green Guardians here. We've received reports of your proximity to Nemo Reef. Please confirm your current position and activities immediately. All sampling must remain outside protected boundaries per regulations. Respond urgently.",,,,,,,,,,,,,,,,,,,,,,
Event,Communication,Communication,Event_Communication_260,4/10/40 08:45,,,"Davis, Mako here. Preparing for departure from Himark Harbor. Executive client has arrived and joined the Sailors team. Will maintain minimal radio communication as instructed. Transponder active. Awaiting your final clearance.",,,,,,,,,,,,,,,,,,,,,,
Event,Communication,Communication,Event_Communication_262,4/10/40 08:47,,,"Mako, Green Guardians HQ again. We need immediate verification of your position and activities. Your transponder signal is missing and you've maintained radio silence. This is a serious violation near Nemo Reef. Respond immediately or we'll escalate to authorities.",,,,,,,,,,,,,,,,,,,,,,
Event,Communication,Communication,Event_Communication_264,4/10/40 09:10,,,"Sentinel, Paackland Harbor here. Our tracking system shows Mako's transponder signal approached then disappeared near Nemo Reef's boundary. Multiple contact attempts failed. Can you investigate this area immediately? Report any sightings.",,,,,,,,,,,,,,,,,,,,,,
Event,Communication,Communication,Event_Communication_267,4/10/40 09:13,,,"Mako, this is Sentinel. We've tracked your transponder near Nemo Reef protected boundary before signal loss. Please confirm your position and intentions immediately. Harbor authorities are requesting information on your current status.",,,,,,,,,,,,,,,,,,,,,,
Event,Communication,Communication,Event_Communication_268,4/10/40 09:15,,,"Sentinel, this is Mako. Transponder malfunction confirmed. Currently positioned 5 miles southeast of last recorded position, conducting authorized environmental sampling. Radio silence maintained per client protocol. Will resume normal communications once sampling completed.",,,,,,,,,,,,,,,,,,,,,,
Event,Communication,Communication,Event_Communication_270,4/10/40 09:16,,,"Horizon, Sentinel here. Mako reported 'transponder malfunction' after disappearing near Nemo Reef. Claims to be conducting 'authorized sampling' 5 miles southeast under client protocol. Can you verify this from your position? Something feels off.",,,,,,,,,,,,,,,,,,,,,,
Event,Communication,Communication,Event_Communication_272,4/10/40 10:00,,,"Paackland Harbor, Sentinel reporting. Attempted multiple hails to Mako with no response after initial 'transponder malfunction' claim. Their signal has disappeared again from our tracking systems. Request immediate harbor authority action regarding vessel operating near protected waters.",,,,,,,,,,,,,,,,,,,,,,
Event,Communication,Communication,Event_Communication_275,4/10/40 10:16,,,"Boss, it's The Middleman. Green Guardians have pressured the Council for immediate stricter enforcement at Nemo Reef. Mrs. Money canceled our meeting and initiated contingency B. Need guidance on handling increased conservation patrols.",,,,,,,,,,,,,,,,,,,,,,
Event,Communication,Communication,Event_Communication_277,4/10/40 10:18,,,"Middleman, Boss here. We need to talk about refocusing our efforts away from Nemo Reef. Meet me at the secondary location tonight at 9PM. Bring alternative council contacts who might be amenable to our tourism development elsewhere.",,,,,,,,,,,,,,,,,,,,,,
Event,Communication,Communication,Event_Communication_278,4/10/40 10:21,,,"Mrs. Money, this is Middleman. I've redirected Council's attention to other areas. Meeting with Boss tonight at 9PM to discuss new focus. Have you secured those alternative funding channels you mentioned? Need status update.",,,,,,,,,,,,,,,,,,,,,,
Event,Communication,Communication,Event_Communication_279,4/10/40 10:21,,,"Mrs. Money, this is Middleman. I've redirected Council's attention to other areas. Meeting with Boss tonight at 9PM to discuss new focus. Have you secured those alternative funding channels you mentioned? Need status update.",,,,,,,,,,,,,,,,,,,,,,
Event,Communication,Communication,Event_Communication_280,4/10/40 10:22,,,"Boss, Mrs. Money here. Alternative funding channels secured through V. Miesel Shipping. I've erased our financial trail to Nemo Reef operations and implemented full contingency protocols. Will attend your 9PM meeting with The Middleman to discuss next steps.",,,,,,,,,,,,,,,,,,,,,,
Event,Communication,Communication,Event_Communication_281,4/10/40 10:52,,,"Davis, Remora here. Paackland Harbor is inquiring about 'alternative arrangements' for protected areas. They're investigating unauthorized access. Should I downplay our activities or maintain the story about your client's privacy needs?",,,,,,,,,,,,,,,,,,,,,,
Event,Communication,Communication,Event_Communication_282,4/10/40 10:54,,,"Remora, Davis here. Maintain our client's privacy story with Paackland Harbor. Don't mention Nemo Reef or specifics. We're operating within guidelines, just prioritizing client confidentiality. Keep me updated on further inquiries.",,,,,,,,,,,,,,,,,,,,,,
Event,Communication,Communication,Event_Communication_283,4/10/40 10:57,,,"Sailor Shifts, Remora here. Just confirming we're remaining docked today as instructed. Davis took the VIP client out on Mako this morning - mentioned they needed complete privacy for negotiations. Need any dock maintenance while we're idle?",,,,,,,,,,,,,,,,,,,,,,
Event,Communication,Communication,Event_Communication_285,4/10/40 11:03,,,"Reef Guardian, this is Marlin. Just spotted Mako heading east, taking an unusual route that avoids the normal tourism spots. Heading straight for deeper waters past the eastern shoals. Not their typical pattern for charter tours.",,,,,,,,,,,,,,,,,,,,,,
Event,Communication,Communication,Event_Communication_287,4/10/40 11:04,,,"Marlin, Reef Guardian here. Thanks for the intel on Mako's unusual route. Can you maintain visual contact and report any further deviations? I'm particularly concerned about their proximity to Nemo Reef's eastern boundary.",,,,,,,,,,,,,,,,,,,,,,
Event,Communication,Communication,Event_Communication_289,4/10/40 11:06,,,"Remora, Marlin here. Just spotted Mako taking a strange route east toward deeper waters beyond the shoals. Definitely not their usual tourism path. Have you heard anything about what they might be up to out there?",,,,,,,,,,,,,,,,,,,,,,
Event,Communication,Communication,Event_Communication_291,4/10/40 11:11,,,"Davis, Mako here. Executive client is aboard and we're now outside Nemo Reef boundary. Transponder issue resolved but maintaining minimal communications as instructed. Sailors team conducting operations per protocol. Awaiting further instructions.",,,,,,,,,,,,,,,,,,,,,,
Event,Communication,Communication,Event_Communication_293,4/10/40 11:29,,,"Mako, this is Oceanus City Council. We've received reports of your vessel operating near Nemo Reef's protected waters. Please confirm your current position and activities immediately. Unauthorized presence in conservation zones carries significant penalties.",,,,,,,,,,,,,,,,,,,,,,
Event,Communication,Communication,Event_Communication_295,4/10/40 11:32,,,"Davis, Mako here. We've cleared Himark Harbor with the executive client aboard. Transponder active but maintaining radio silence as instructed. Sailors team is ready for operations. Position is secure. Awaiting further directives.",,,,,,,,,,,,,,,,,,,,,,
Event,Communication,Communication,Event_Communication_297,4/10/40 12:04,,,"Sentinel, The Lookout here. Tracking tourism vessel approaching Nemo Reef from northwest quadrant. Appears to be operating without proper lights. Can you verify if they have permits? Will maintain surveillance from my position.",,,,,,,,,,,,,,,,,,,,,,
Event,Communication,Communication,Event_Communication_299,4/10/40 12:06,,,"Horizon, Sentinel here. Still no response from Mako after initial contact. Their transponder remains offline near Nemo Reef. Have you observed any vessel activity in that sector? Need confirmation before escalating to authorities.",,,,,,,,,,,,,,,,,,,,,,
Event,Communication,Communication,Event_Communication_301,4/10/40 13:19,,,Himark Harbor to Oceanus City Council. Updating vessel log: Mako departed at 08:30 with Sailors team and passenger identified as 'Executive Consultant S.' Destination registered as 'Eastern Islands Survey.' Unusual vague designation noted in harbor records.,,,,,,,,,,,,,,,,,,,,,,
Event,Communication,Communication,Event_Communication_302,4/10/40 13:21,,,"Himark Harbor, Oceanus City Council here. We need additional details on 'Executive Consultant S.' who departed on Mako. Please provide full name, credentials, and authorization documentation. This information is crucial for our ongoing investigation.",,,,,,,,,,,,,,,,,,,,,,
Event,Communication,Communication,Event_Communication_304,4/10/40 13:22,,,Himark Harbor to Mako. Our logs show you departed at 08:30 with 'Executive Consultant S.' Please confirm current position and estimated return time. Your vague 'Eastern Islands Survey' destination requires additional documentation. Harbor master awaiting response.,,,,,,,,,,,,,,,,,,,,,,
Event,Communication,Communication,Event_Communication_305,4/10/40 13:30,,,Haacklee Harbor to Mako. We've received your weather advisory request at 14:20. Your current coordinates don't match your filed route plan. Please confirm your position and intentions. Do you require assistance?,,,,,,,,,,,,,,,,,,,,,,
Event,Communication,Communication,Event_Communication_309,4/10/40 13:31,,,"Oceanus Council, Mako responding. Currently operating outside Nemo Reef boundaries conducting authorized environmental sampling for client research. Will maintain distance from protected zones. Temporary transponder issue resolved. Estimated return to Himark Harbor at 19:00.",,,,,,,,,,,,,,,,,,,,,,
Event,Communication,Communication,Event_Communication_311,4/10/40 13:32,,,"Liam, Oceanus City Council here. We need your immediate assessment of Mako's activities near Nemo Reef. Coordinate with Paackland Harbor patrols and verify their environmental sampling claims. Report back with findings by end of day.",,,,,,,,,,,,,,,,,,,,,,
Event,Communication,Communication,Event_Communication_312,4/10/40 13:48,,,This is Boss. Need urgent confirmation that assets are properly reallocated to our tourism ventures. Conservation scrutiny has increased dramatically. Ensure all vessel documentation shows legitimate tourist operations only. Expecting verification by tomorrow.,,,,,,,,,,,,,,,,,,,,,,
Event,Communication,Communication,Event_Communication_313,4/10/40 13:49,,,To Boss from V. Miesel Shipping HQ. Documentation for all vessels has been updated to reflect tourist operations only. Asset reallocation complete. Will send verification files within the hour. Awaiting further instructions regarding Mako's current mission status.,,,,,,,,,,,,,,,,,,,,,,
Event,Communication,Communication,Event_Communication_316,4/10/40 13:51,,,"Mako, this is Boss. Abort current mission immediately. Maintain radio silence but change course away from Nemo Reef. Conservation patrols are tracking you. Return to Himark Harbor using route B. Confirm receipt.",,,,,,,,,,,,,,,,,,,,,,
Event,Communication,Communication,Event_Communication_317,5/10/40 08:03,,,"Hey The Intern, it's The Lookout! Very strange - harbor patrol just announced a permit for Nemo Reef was suddenly approved. Seeing unusual activity with special documentation and access corridors being set up. What's going on with your conservation work?",,,,,,,,,,,,,,,,,,,,,,
Event,Communication,Communication,Event_Communication_318,5/10/40 08:05,,,"Mrs. Money, The Intern here. The Lookout reports a Nemo Reef permit was suddenly approved with special access corridors being established. This explains the Mako sighting. Should I investigate who pushed this permit through? Seems highly unusual.",,,,,,,,,,,,,,,,,,,,,,
Event,Communication,Communication,Event_Communication_320,5/10/40 08:38,,,"Green Guardians, Sentinel here. While docked for refueling, our crew overheard concerning information. The previously denied Nemo Reef permit is being expedited through approval. Someone with influence is pushing it. Requesting guidance on increasing our patrol schedule.",,,,,,,,,,,,,,,,,,,,,,
Event,Communication,Communication,Event_Communication_321,5/10/40 08:41,,,"Oceanus City Council, this is Green Guardians. We've received credible information about an expedited permit approval for Nemo Reef that was previously denied. We formally request immediate transparency regarding this sudden reversal and demand public review before implementation.",,,,,,,,,,,,,,,,,,,,,,
Event,Communication,Communication,Event_Communication_323,5/10/40 08:43,,,"Green Guardians, Oceanus City Council here. The Nemo Reef permit was reconsidered based on new environmental impact data and alternative access routes. The expedited approval follows all legal protocols. Documentation available for review at City Hall tomorrow.",,,,,,,,,,,,,,,,,,,,,,
Event,Communication,Communication,Event_Communication_325,5/10/40 08:46,,,"Horizon, Green Guardians HQ here. Need immediate monitoring of Nemo Reef area. City Council expedited a previously denied permit with suspicious speed. Document all vessel activities and unusual operations. Report findings ASAP.",,,,,,,,,,,,,,,,,,,,,,
Event,Communication,Communication,Event_Communication_327,5/10/40 08:58,,,Himark Harbor to Remora. We've noted your request for expedited provisioning for 'imminent departure' but find no journey logged in our system. Please submit proper documentation before we can process this unusual request.,,,,,,,,,,,,,,,,,,,,,,
Event,Communication,Communication,Event_Communication_328,5/10/40 09:00,,,"Rodriguez, Remora here. Overheard crew saying Davis' meeting with Nadia Conti went well - she's personally handling permits for Nemo Reef with approval expected today. Should we prepare for deployment? Need your instructions.",,,,,,,,,,,,,,,,,,,,,,
Event,Communication,Communication,Event_Communication_330,5/10/40 09:44,,,"Haacklee Harbor to Nadia Conti. Following your visit yesterday regarding the Nemo Reef event logistics, we've prepared the necessary documentation. Harbor staff is ready to facilitate the special access corridor arrangements as discussed. Please confirm timeline for implementation.",,,,,,,,,,,,,,,,,,,,,,
Event,Communication,Communication,Event_Communication_331,5/10/40 09:45,,,"Haacklee Harbor, this is Nadia Conti. I need to cancel the special access corridor arrangements for Nemo Reef immediately. Plans have changed due to unforeseen circumstances. Destroy all related documentation. I'll contact you when we're ready to proceed with alternative locations.",,,,,,,,,,,,,,,,,,,,,,
Event,Communication,Communication,Event_Communication_332,5/10/40 09:47,,,"Haacklee Harbor to Oceanus City Council. Reporting unusual activity: Nadia Conti visited yesterday discussing special event logistics for Nemo Reef, requesting harbor cooperation for high-profile event. Today she urgently canceled all arrangements, requesting documentation destruction. Awaiting your guidance.",,,,,,,,,,,,,,,,,,,,,,
Event,Communication,Communication,Event_Communication_333,5/10/40 09:48,,,"Ms. Conti, this is Oceanus City Council. We need clarification regarding your canceled Nemo Reef event arrangements at Haacklee Harbor. Please explain your documentation destruction request immediately. This relates to our newly expedited permit approvals.",,,,,,,,,,,,,,,,,,,,,,
Event,Communication,Communication,Event_Communication_334,5/10/40 09:49,,,This is Nadia Conti. My cancellation was due to scheduling conflicts with our tourism development initiatives. I wasn't aware of any permit approvals. I'll submit revised documentation for alternative sustainable tourism proposals next week.,,,,,,,,,,,,,,,,,,,,,,
Event,Communication,Communication,Event_Communication_336,5/10/40 09:50,,,"Liam, Oceanus City Council here. Have you completed your assessment of Mako's activities? We need your report immediately to address Green Guardians' concerns. Also, verify if any other vessels are operating near Nemo Reef today.",,,,,,,,,,,,,,,,,,,,,,
Event,Communication,Communication,Event_Communication_338,5/10/40 09:52,,,"This is Liam. I've completed the assessment of Mako's activities near Nemo Reef. They appear to be conducting legitimate environmental sampling, but I've noticed some unusual vessel traffic in the area. Will submit detailed report within the hour.",,,,,,,,,,,,,,,,,,,,,,
Event,Communication,Communication,Event_Communication_339,5/10/40 09:53,,,"Himark Harbor, Oceanus City Council here. Be advised: expedited permit for Nemo Reef access has been approved. Prepare for increased vessel traffic starting tomorrow. Please acknowledge receipt and confirm readiness for operations.",,,,,,,,,,,,,,,,,,,,,,
Event,Communication,Communication,Event_Communication_340,5/10/40 09:55,,,"Himark Harbor to Remora. We're still awaiting proper documentation for your expedited provisioning request. Additionally, please explain coordination with Mako for similar 'imminent departure' preparations. Both vessels require proper journey logging before approval.",,,,,,,,,,,,,,,,,,,,,,
Event,Communication,Communication,Event_Communication_341,5/10/40 09:58,,,"Mako, Remora here. Himark Harbor is questioning our expedited provisioning requests. They've noticed our coordinated preparation. Davis' meeting with Nadia Conti went well? Harbor's demanding proper documentation before approval. What's our next move?",,,,,,,,,,,,,,,,,,,,,,
Event,Communication,Communication,Event_Communication_343,5/10/40 10:00,,,"Himark Harbor, Mako here. Safely docked at your location. Crew performing routine maintenance after yesterday's trip. Will require expedited departure clearance once our special permits arrive. Captain Davis expects documentation shortly from management.",,,,,,,,,,,,,,,,,,,,,,
Event,Communication,Communication,Event_Communication_345,5/10/40 10:02,,,Himark Harbor to Oceanus City Council. Acknowledging receipt of Nemo Reef access permit approval. Harbor is preparing for increased vessel traffic. Note: Mako and Remora both requesting expedited departures with minimal documentation. Requesting guidance on protocol enforcement.,,,,,,,,,,,,,,,,,,,,,,
Event,Communication,Communication,Event_Communication_347,5/10/40 10:04,,,Oceanus City Council to Mako. Your expedited departure request is approved with minimal documentation. The Nemo Reef access permit has been expedited through special channels. Proceed with operations as planned. Submit full documentation post-operation.,,,,,,,,,,,,,,,,,,,,,,
Event,Communication,Communication,Event_Communication_349,5/10/40 10:05,,,"Captain Davis, Mako here. We're fully docked at Himark Harbor with maintenance underway. The crew is discussing yesterday's trip while preparing for quick departure once permits arrive. Harbor confirms our expedited clearance is approved. The Boss seems confident this time.",,,,,,,,,,,,,,,,,,,,,,
Event,Communication,Communication,Event_Communication_350,5/10/40 10:06,,,"Oceanus City Council, Paackland Harbor here. Just received call from City Permit Office regarding 'Priority Event Application NR-1045' needing immediate processing. They mentioned senior official approval. Need clarification on this expedited permit for Nemo Reef area.",,,,,,,,,,,,,,,,,,,,,,
Event,Communication,Communication,Event_Communication_351,5/10/40 10:09,,,"Paackland Harbor, this is Oceanus City Council. Regarding Application NR-1045: this is officially approved with senior authorization. Process immediately without standard review. This is part of our expedited Nemo Reef access initiative. Prepare for vessel traffic tomorrow.",,,,,,,,,,,,,,,,,,,,,,
Event,Communication,Communication,Event_Communication_353,5/10/40 10:12,,,"Reef Guardian, Paackland Harbor here. Be advised: special access corridor to Nemo Reef approved via application NR-1045. Expect increased vessel traffic tomorrow. Please prepare for monitoring operations under these unusual circumstances.",,,,,,,,,,,,,,,,,,,,,,
Event,Communication,Communication,Event_Communication_354,5/10/40 10:18,,,"Green Guardians, Reef Guardian reporting. Paackland Harbor just notified me of a special access corridor to Nemo Reef approved via application NR-1045. Unexpected development given prior restrictions. Request immediate guidance on monitoring protocols for tomorrow's increased traffic.",,,,,,,,,,,,,,,,,,,,,,
Event,Communication,Communication,Event_Communication_355,5/10/40 10:19,,,"Paackland Harbor, Green Guardians here. We're concerned about application NR-1045 creating a special access corridor to Nemo Reef. Please provide details on which vessels have been approved for this corridor and their scheduled arrival times.",,,,,,,,,,,,,,,,,,,,,,
Event,Communication,Communication,Event_Communication_356,5/10/40 10:22,,,"Green Guardians, Paackland Harbor here. Regarding NR-1045: We've been directed to process without standard review. Currently awaiting final vessel manifest from Oceanus City Council. Will forward details once received. Expect operations to commence tomorrow morning.",,,,,,,,,,,,,,,,,,,,,,
Event,Communication,Communication,Event_Communication_357,5/10/40 10:27,,,"Miranda, Clepper here. Yes, get closer documentation of the equipment loading, but maintain safe distance. This connection between council approval and V. Miesel operations is our smoking gun. Photograph equipment serial numbers if possible.",,,,,,,,,,,,,,,,,,,,,,
Event,Communication,Communication,Event_Communication_359,5/10/40 10:30,,,"Mr. Jensen, Miranda here. I've positioned closer to the V. Miesel equipment loading. They're transferring specialized drilling machinery with deep-sea modifications. I've documented serial numbers and spotted what appears to be unauthorized marine survey equipment. Awaiting further instructions.",,,,,,,,,,,,,,,,,,,,,,
Event,Communication,Communication,Event_Communication_360,5/10/40 10:31,,,"Miranda, Clepper here. Outstanding work documenting the equipment! I need you to follow that vessel's departure schedule. Monitor harbor communications and get photos of any officials authorizing this operation. This is exactly the environmental crime we suspected.",,,,,,,,,,,,,,,,,,,,,,
Event,Communication,Communication,Event_Communication_361,5/10/40 10:34,,,"Mr. Jensen, Miranda here. The vessel is scheduled to depart tomorrow at 0500 hours. I've photographed harbor officials signing special clearance documents and overheard them discussing a 'priority corridor' to Nemo Reef. Will continue monitoring overnight.",,,,,,,,,,,,,,,,,,,,,,
Event,Communication,Communication,Event_Communication_362,5/10/40 10:35,,,"Miranda, Clepper here. Set up surveillance equipment for overnight monitoring of that vessel. I want continuous documentation of all personnel and activity. Rest in shifts if needed. This expedition to Nemo Reef could be the final piece of our investigation.",,,,,,,,,,,,,,,,,,,,,,
Event,Communication,Communication,Event_Communication_365,5/10/40 10:36,,,"Boss, Mako here. We're docked at Himark with maintenance in progress. Oceanus Council approved our expedited departure for Nemo Reef with minimal documentation. Crew is ready for quick deployment on your signal. Harbor doesn't suspect anything unusual.",,,,,,,,,,,,,,,,,,,,,,
Event,Communication,Communication,Event_Communication_366,5/10/40 10:38,,,"Mrs. Money, Boss here. Need you to verify all financial trails are properly disguised through the tourism ventures. Destroy any documentation linking us to Nemo Reef operations. City Council is asking questions. Meet me at the usual spot tonight.",,,,,,,,,,,,,,,,,,,,,,
Event,Communication,Communication,Event_Communication_367,5/10/40 10:41,,,This is Mrs. Money. Need immediate confirmation that our recent financial arrangements remain secure and untraceable. Conservation activity has increased around Nemo Reef. Require alternate routing options for future transactions. Respond only through encrypted channels.,,,,,,,,,,,,,,,,,,,,,,
Event,Communication,Communication,Event_Communication_368,5/10/40 10:44,,,"Mrs. Money, V. Miesel Shipping here. Financial arrangements remain secure. Have implemented new routing protocols through our southern operations. Encrypted verification codes forthcoming. Be advised, unexpected permit approval for Nemo Reef may present new opportunities.",,,,,,,,,,,,,,,,,,,,,,
Event,Communication,Communication,Event_Communication_369,5/10/40 10:47,,,"Intern, Mrs. Money here. Investigate who approved the Nemo Reef permit immediately. This unexpected development could either compromise or benefit our operations. Check if V. Miesel's shipping lanes intersect with these new access corridors. Report back through secure channel only.",,,,,,,,,,,,,,,,,,,,,,
Event,Communication,Communication,Event_Communication_370,5/10/40 10:48,,,"Hey Kelly, it's Sam. This permit approval seems fishy. Could you get details on who signed off on it while you're at the harbor? I need to understand these 'special access corridors' before my meeting with Elise tomorrow.",,,,,,,,,,,,,,,,,,,,,,
Event,Communication,Communication,Event_Communication_371,5/10/40 10:50,,,"Hey The Intern, it's The Lookout! I asked around the harbor office - permit was signed by someone named Jensen from the City Council yesterday. They're establishing a corridor for the Mako vessel specifically. Something feels off about this whole situation.",,,,,,,,,,,,,,,,,,,,,,
Event,Communication,Communication,Event_Communication_372,5/10/40 10:53,,,"Mrs. Money, The Intern reporting. Jensen from City Council signed the Nemo Reef permit yesterday. They're creating a corridor specifically for Mako vessel. Checking if this overlaps with V. Miesel shipping lanes as requested. Will have full report tomorrow.",,,,,,,,,,,,,,,,,,,,,,
Event,Communication,Communication,Event_Communication_373,5/10/40 10:54,,,"Boss, Mrs. Money here. Jensen from City Council approved the Nemo Reef permit. The Intern confirms special corridor creation for Mako vessel. This could interfere with our V. Miesel shipping arrangements. Recommend reassessing tonight's strategy at 9PM meeting.",,,,,,,,,,,,,,,,,,,,,,
Event,Communication,Communication,Event_Communication_375,5/10/40 12:08,,,"Green Guardians, Oceanus City Council here. Your concerns about Nemo Reef have been noted, but the permit approval followed proper channels with senior authorization. Environmental monitoring will continue throughout operations. We'll schedule a briefing next week.",,,,,,,,,,,,,,,,,,,,,,
Event,Communication,Communication,Event_Communication_376,5/10/40 12:13,,,"Mr. Jensen, Miranda here. I've intercepted conversations between harbor officials about special permits for tomorrow's expedition. They mentioned bypassing environmental review protocols and 'keeping environmentalists in the dark.' Will continue monitoring overnight.",,,,,,,,,,,,,,,,,,,,,,
Event,Communication,Communication,Event_Communication_377,5/10/40 12:15,,,"Miranda, Clepper here. Your intelligence about bypassing environmental protocols is crucial. I'm contacting our legal team tonight. Keep documenting everything - equipment, personnel, conversations. This is shaping up to be our biggest environmental crime exposé yet.",,,,,,,,,,,,,,,,,,,,,,
Event,Communication,Communication,Event_Communication_378,6/10/40 09:25,,,"Mako, Paackland Harbor here. We've been attempting to reach you. Please confirm your position and status immediately. Also need to discuss clearance protocols for the approved NR-1045 permit for Nemo Reef access tomorrow.",,,,,,,,,,,,,,,,,,,,,,
Event,Communication,Communication,Event_Communication_380,6/10/40 09:28,,,"Samantha, Mako here. We're ready to depart Himark with your coordination team. Crew's surprised by the rapid approvals - seems the Boss knows the right people. Need confirmation on your schedule: today for site prep, tomorrow for equipment installation, and event execution in a week?",,,,,,,,,,,,,,,,,,,,,,
Event,Communication,Communication,Event_Communication_381,6/10/40 09:31,,,"Mako, this is Samantha Blake. I'm confused by your message - I haven't secured any approvals yet and have no coordination team traveling. I'm actually facing permit challenges with the City Council regarding Nemo Reef's protected status.",,,,,,,,,,,,,,,,,,,,,,
Event,Communication,Communication,Event_Communication_382,6/10/40 09:33,,,"Boss, this is Mako. Something's wrong - Samantha Blake claims she hasn't secured approvals and has no coordination team. She's actually fighting the Council about Nemo Reef's protected status. Who authorized our expedited permits?",,,,,,,,,,,,,,,,,,,,,,
Event,Communication,Communication,Event_Communication_384,6/10/40 09:50,,,"Reef Guardian, Green Guardians HQ. Establish full monitoring protocol at Nemo Reef immediately. Position at legal observation distance only. Document vessel activities, equipment, personnel. Coordinate with Horizon and Sentinel for continuous coverage. Something's happening tomorrow.",,,,,,,,,,,,,,,,,,,,,,
Event,Communication,Communication,Event_Communication_386,6/10/40 09:53,,,"Paackland Harbor, Reef Guardian here. Regarding application NR-1045, I'm observing multiple vessels approaching Nemo Reef with official permits showing last-minute approval. These bypass standard protocols and bear the commissioner's signature. Can you confirm this unusual approval process?",,,,,,,,,,,,,,,,,,,,,,
Event,Communication,Communication,Event_Communication_387,6/10/40 09:56,,,"Mako, Paackland Harbor responding to your clearance request. We confirm permit NR-1045 is valid despite unusual timeline. Authorization came directly from senior officials at Oceanus City Council. Please maintain regular communication during your operation.",,,,,,,,,,,,,,,,,,,,,,
Event,Communication,Communication,Event_Communication_388,6/10/40 09:57,,,Remora here to Sailor Shifts. We'll need additional event staff aboard tomorrow. Davis mentioned thanking Nadia Conti personally - she called in favors at the permit office and got Commissioner Torres to sign off within hours. Unprecedented speed.,,,,,,,,,,,,,,,,,,,,,,
Event,Communication,Communication,Event_Communication_389,6/10/40 09:58,,,"Hi Boss, Glitters Team here. We heard about your assistance with the permits - truly appreciate you expediting things with Commissioner Torres! We'll need to discuss staffing for tomorrow's setup. When can we connect?",,,,,,,,,,,,,,,,,,,,,,
Event,Communication,Communication,Event_Communication_390,6/10/40 10:20,,,Himark Harbor to Serenity. Please be advised that Nemo Reef access permits have been expedited. Expect increased vessel traffic starting tomorrow. Confirm if you'll require clearance for this destination in the coming days.,,,,,,,,,,,,,,,,,,,,,,
Event,Communication,Communication,Event_Communication_392,6/10/40 10:22,,,"Himark Harbor, Serenity here. Thank you for confirming our premium berth. We've noted your advisory about expedited Nemo Reef permits. We'll be arriving as scheduled this evening, but have no plans to visit Nemo Reef at this time.",,,,,,,,,,,,,,,,,,,,,,
Event,Communication,Communication,Event_Communication_394,6/10/40 10:24,,,Himark Harbor to Neptune. Your berth has been reserved for tomorrow's Nemo Reef operations. We're logging unusual activity with expedited permits for multiple vessels. Please confirm your estimated arrival time and equipment requirements.,,,,,,,,,,,,,,,,,,,,,,
Event,Communication,Communication,Event_Communication_396,6/10/40 10:45,,,"Paackland Harbor, this is Mako. Confirming our position at Himark Harbor, preparing for departure. We acknowledge receipt of permit NR-1045 for Nemo Reef access. Will maintain communication during operations as requested. Departing within 3 hours.",,,,,,,,,,,,,,,,,,,,,,
Event,Communication,Communication,Event_Communication_399,6/10/40 10:48,,,"Oceanus City Council, Paackland Harbor here. Mako has confirmed departure from Himark Harbor within 3 hours. They've acknowledged permit NR-1045. Request immediate transmission of complete vessel manifest for tomorrow's Nemo Reef operations.",,,,,,,,,,,,,,,,,,,,,,
Event,Communication,Communication,Event_Communication_401,6/10/40 10:49,,,"Davis, Rodriguez here. I'm heading to assist Mako soon. Got concerns about Nemo Reef selection - it's a protected area. Remora mentioned you had a meeting with Nadia Conti about permits. Should I continue with alternative site preparations?",,,,,,,,,,,,,,,,,,,,,,
Event,Communication,Communication,Event_Communication_403,6/10/40 11:24,,,"Neptune to Mako. We've secured berth at Himark for tomorrow's operations. The Boss wants all preparations completed rapidly - our permit window is unusually tight. V. Miesel's city contacts are facilitating, but we must move efficiently. Confirm readiness status.",,,,,,,,,,,,,,,,,,,,,,
Event,Communication,Communication,Event_Communication_405,6/10/40 11:25,,,"Neptune, this is Mako. We're preparing to depart Himark within the hour. Situation is confusing - Samantha Blake denies sending a coordination team and claims she's fighting for permits, not securing them. Who's actually coming aboard?",,,,,,,,,,,,,,,,,,,,,,
Event,Communication,Communication,Event_Communication_406,6/10/40 11:28,,,"Neptune to Serenity. Need confirmation of your readiness for tomorrow's Nemo Reef operation. The Boss has set an extremely tight schedule. V. Miesel's city contacts have secured our permits, but window is limited. Respond ASAP with status.",,,,,,,,,,,,,,,,,,,,,,
Event,Communication,Communication,Event_Communication_408,6/10/40 11:31,,,"Neptune, this is Serenity. There must be some mistake. We're a private luxury yacht with no connection to any Nemo Reef operation. We're simply berthing at Himark Harbor for a leisure visit.",,,,,,,,,,,,,,,,,,,,,,
Event,Communication,Communication,Event_Communication_409,6/10/40 11:33,,,Neptune to V. Miesel Shipping. Situation at Himark confusing. Mako reports Samantha Blake denies sending coordination team. Serenity claims no knowledge of operations. Need clarification on participating vessels and confirmation of permit status immediately.,,,,,,,,,,,,,,,,,,,,,,
Event,Communication,Communication,Event_Communication_411,6/10/40 11:46,,,"Green Guardians, Sentinel reporting. We're maintaining legal observation distance of Nemo Reef activity. Construction crews arrived today for site preparation. Equipment installation scheduled tomorrow with full event execution next week. This expedited approval after previous denial suggests concerning influence at play.",,,,,,,,,,,,,,,,,,,,,,
Event,Communication,Communication,Event_Communication_413,6/10/40 11:47,,,"Oceanus City Council, Green Guardians here. We require immediate access to all environmental impact assessments and permit documentation for the Nemo Reef project. Our monitoring vessels report construction already underway. This timeline raises serious procedural concerns.",,,,,,,,,,,,,,,,,,,,,,
Event,Communication,Communication,Event_Communication_415,6/10/40 12:24,,,"Horizon, EcoVigil here. We're preparing additional water sampling kits for tomorrow's deployment. Have you observed any specific vessels repeatedly violating the protected zones? We'll bring satellite tracking equipment to enhance our monitoring capabilities.",,,,,,,,,,,,,,,,,,,,,,
Event,Communication,Communication,Event_Communication_417,6/10/40 12:26,,,"Mako, this is Horizon. We've noted your reported 'transponder malfunction' near Nemo Reef. Sentinel is concerned about your status. Please confirm your position and the nature of your sampling activities. Awaiting immediate response.",,,,,,,,,,,,,,,,,,,,,,
Event,Communication,Communication,Event_Communication_419,6/10/40 12:27,,,"Neptune, Mako here. Departing Himark now. Still unclear who's coordinating - Samantha denies involvement yet Paackland confirms permits from city officials. Who's actually running this operation? Need immediate clarification on coordination team.",,,,,,,,,,,,,,,,,,,,,,
Event,Communication,Communication,Event_Communication_420,6/10/40 12:29,,,Neptune to V. Miesel Shipping. Still awaiting clarification on operation coordination. Both Mako and Serenity report confusion about their roles. Need immediate confirmation of vessel assignments and permit details to proceed with preparations.,,,,,,,,,,,,,,,,,,,,,,
Event,Communication,Communication,Event_Communication_421,6/10/40 12:31,,,"Neptune, this is V. Miesel Shipping HQ. Confirm Mako is lead vessel with Serenity as support only. Permit is legitimate but expedited through special channels. Maintain operations but ensure all documentation reflects tourism activities only.",,,,,,,,,,,,,,,,,,,,,,
Event,Communication,Communication,Event_Communication_423,6/10/40 12:33,,,Neptune to Remora. We're coordinating a rapid operation at Nemo Reef with unusual permit circumstances. Need confirmation of your participation status and readiness for tomorrow. V. Miesel Shipping confirms Mako as lead vessel. Respond ASAP.,,,,,,,,,,,,,,,,,,,,,,
Event,Communication,Communication,Event_Communication_425,6/10/40 12:35,,,"Neptune, Remora here. Confirming participation in Nemo Reef operation tomorrow. We're fully provisioned and coordinating with Mako as secondary support vessel. Additional event staff from Sailor Shifts will be aboard as requested. Awaiting final instructions.",,,,,,,,,,,,,,,,,,,,,,
Event,Communication,Communication,Event_Communication_426,6/10/40 12:38,,,"Neptune to Remora. Excellent, confirm your readiness for tomorrow. Equipment transfer will commence at 0600. Maintain tourism activity facade in all communications. The Boss is personally monitoring this operation. V. Miesel's city contacts have secured permits but window is narrow.",,,,,,,,,,,,,,,,,,,,,,
Event,Communication,Communication,Event_Communication_428,6/10/40 13:01,,,"Horizon, Reef Guardian here. Multiple vessels approaching Nemo Reef with commissioner-signed permits showing last-minute approval. Position yourself at the eastern observation point to monitor and document all equipment and personnel. I'll cover the western approach.",,,,,,,,,,,,,,,,,,,,,,
Event,Communication,Communication,Event_Communication_431,6/10/40 13:04,,,"Green Guardians, Horizon here. Positioned at eastern observation point monitoring Nemo Reef. Multiple vessels with commissioner-signed permits have arrived. Documenting all activities. Have confirmed Mako's position - they appear to be operating 5 miles southeast of reef. Awaiting further instructions.",,,,,,,,,,,,,,,,,,,,,,
Event,Communication,Communication,Event_Communication_433,6/10/40 13:07,,,"Sentinel, Green Guardians HQ here. Continue documentation of all activities at Nemo Reef. We're pursuing permit documentation from the Council. Can you identify what specific equipment is being installed? Need details on scale and potential environmental impact.",,,,,,,,,,,,,,,,,,,,,,
Event,Communication,Communication,Event_Communication_435,6/10/40 13:09,,,"Horizon, Sentinel here. Observing Nemo Reef from legal distance. Construction crews began site prep today, equipment installation tomorrow, full event next week. Can you use your elevation to identify what equipment they're bringing in? Need details for environmental impact assessment.",,,,,,,,,,,,,,,,,,,,,,
Event,Communication,Communication,Event_Communication_436,6/10/40 13:12,,,"Sentinel, Horizon here. Using elevated position to monitor equipment. Observing large drilling platforms, water pumps, and what appears to be seismic testing equipment being assembled. Multiple industrial-grade barges approaching with additional components. Will continue documenting for impact assessment.",,,,,,,,,,,,,,,,,,,,,,
Event,Communication,Communication,Event_Communication_437,6/10/40 13:13,,,"Green Guardians, Sentinel reporting. Equipment identification confirmed through Horizon's elevation: drilling platforms, water pumps, and seismic testing equipment arriving on industrial barges. This combination suggests significant reef disturbance potential. Continuing documentation from legal distance.",,,,,,,,,,,,,,,,,,,,,,
Event,Communication,Communication,Event_Communication_438,6/10/40 13:15,,,"Paackland Harbor, Green Guardians here. We require immediate clarification on NR-1045's expedited approval process. What specific directive bypassed standard review protocols, and who issued it? This information is crucial for our records.",,,,,,,,,,,,,,,,,,,,,,
Event,Communication,Communication,Event_Communication_439,6/10/40 13:18,,,"Green Guardians, Paackland Harbor responding. NR-1045 was expedited via Emergency Protocol 7-B, authorized by Commissioner Blake of Oceanus City Council. Documentation states 'time-sensitive research opportunity.' We were instructed not to delay processing.",,,,,,,,,,,,,,,,,,,,,,
Event,Communication,Communication,Event_Communication_441,7/10/40 08:06,,,The Lookout here! Just saw the harbor master posting notices about equipment deliveries to Nemo Reef tomorrow. Several large crates marked 'fragile' being prepared. Seems like Neptune vessel is scheduled for arrival. Still on for birdwatching at 7 AM?,,,,,,,,,,,,,,,,,,,,,,
Event,Communication,Communication,Event_Communication_442,7/10/40 08:08,,,"The Lookout, it's The Intern. Yes for birdwatching at 7am. I'm really interested in these 'fragile' crates and Neptune's arrival. Could you get photos of the equipment if possible? Might help connect some dots.",,,,,,,,,,,,,,,,,,,,,,
Event,Communication,Communication,Event_Communication_443,7/10/40 08:11,,,"Hey Sam, it's Kelly! Got some photos of those crates - definitely marked 'fragile' and 'handle with care.' Neptune's crew is being super secretive. They're using special loading equipment I've never seen before. See you at 7 for birdwatching!",,,,,,,,,,,,,,,,,,,,,,
Event,Communication,Communication,Event_Communication_446,7/10/40 08:14,,,"Mrs. Money, The Intern here. Lookout provided photos of the fragile crates at harbor. Neptune's using unusual loading equipment. V. Miesel shipping lanes appear to overlap with new Mako corridors by 40%. Will bring full documentation to our meeting.",,,,,,,,,,,,,,,,,,,,,,
Event,Communication,Communication,Event_Communication_449,7/10/40 09:20,,,Himark Harbor to Mako. Your expedited departure clearance is pending documentation. We're noting increased activity for Nemo Reef operations. Please confirm your departure timeline and any special docking requirements for our harbor log.,,,,,,,,,,,,,,,,,,,,,,
Event,Communication,Communication,Event_Communication_451,7/10/40 09:23,,,"Himark Harbor, Mako here. Confirming immediate departure. We're proceeding with expedited permits NR-1045. Special docking requirements: need secure berth upon return for equipment transfers with Neptune. Expect 3-day operation timeline.",,,,,,,,,,,,,,,,,,,,,,
Event,Communication,Communication,Event_Communication_453,7/10/40 09:26,,,"Himark Harbor to Neptune. Your berth for Nemo Reef operations is confirmed. Given increased activity, we're extending docking hours. Please provide arrival time and equipment specifications for our log. Several vessels already departing with expedited permits.",,,,,,,,,,,,,,,,,,,,,,
Event,Communication,Communication,Event_Communication_456,7/10/40 09:28,,,"Neptune captain here. Elise, we're ready for your arrival at 0500 tomorrow. Need you to meet Mako and Remora captains to establish payment protocols. We've identified an alternative route around the eastern reef that should better accommodate our more delicate equipment.",,,,,,,,,,,,,,,,,,,,,,
Event,Communication,Communication,Event_Communication_458,7/10/40 09:31,,,"Neptune, this is Mrs. Money. Confirmed for 0500 tomorrow. Will coordinate payment protocols with Mako and Remora captains. Your eastern reef route is approved - it avoids the new permit zones. Bring encryption devices for financial transfers.",,,,,,,,,,,,,,,,,,,,,,
Event,Communication,Communication,Event_Communication_460,7/10/40 09:34,,,Neptune to Mako. Specialized equipment ready for transport at 0600 tomorrow. Elise will meet you to establish payment protocols. We're using eastern reef route to avoid permit zones and better accommodate fragile items. Confirm receipt.,,,,,,,,,,,,,,,,,,,,,,
Event,Communication,Communication,Event_Communication_462,7/10/40 09:37,,,"Elise, this is Mako. Departing Himark now. Neptune mentioned you'll establish payment protocols. Will meet you at eastern reef route tomorrow morning. Need clarification on your role and what resources you'll be allocating for the operation.",,,,,,,,,,,,,,,,,,,,,,
Event,Communication,Communication,Event_Communication_464,7/10/40 09:38,,,"Mako, Mrs. Money here. My role is financial controller for this operation - I'll be handling payment distribution, equipment funding, and resource allocation. Will bring encryption protocols and transfer devices. Eastern reef route documentation prepared for your review.",,,,,,,,,,,,,,,,,,,,,,
Event,Communication,Communication,Event_Communication_467,7/10/40 09:40,,,"Sentinel, Mako here. We're experiencing legitimate transponder issues near Nemo Reef while conducting authorized marine sampling. Will update position once technical problems resolved. Currently operating under permit NR-1045 for conservation research.",,,,,,,,,,,,,,,,,,,,,,
Event,Communication,Communication,Event_Communication_468,7/10/40 10:16,,,"Miranda, Clepper here. I've been reviewing your findings. The unauthorized drilling equipment and bypassed environmental protocols are exactly what we need. Tomorrow's 5AM departure is critical - be in position early with telephoto lens equipment.",,,,,,,,,,,,,,,,,,,,,,
Event,Communication,Communication,Event_Communication_469,7/10/40 10:19,,,"Mr. Jensen, Miranda here. Vessel activity has increased overnight. They've loaded what appears to be specialized deep-sea drilling equipment with restricted classification markings. Harbor security has doubled and they're checking IDs of anyone approaching the docks.",,,,,,,,,,,,,,,,,,,,,,
Event,Communication,Communication,Event_Communication_470,7/10/40 10:21,,,"Miranda, Clepper here. The increased security and restricted equipment confirms our suspicions. Document everything - especially those classification markings. Try to capture any conversations about Nemo Reef operations. This story is bigger than we thought.",,,,,,,,,,,,,,,,,,,,,,
Event,Communication,Communication,Event_Communication_473,7/10/40 10:23,,,"Mr. Jensen, Miranda here. I've documented a new development - Neptune vessel arrived with what appears to be specialized submersible equipment. They're coordinating with the primary vessel crew, mentioning 'extraction points' at Nemo Reef. Security protocols have intensified further.",,,,,,,,,,,,,,,,,,,,,,
Event,Communication,Communication,Event_Communication_474,7/10/40 10:24,,,"Miranda, Clepper here. This Neptune arrival is significant. Document all submersible equipment transfers and capture any mention of 'extraction points.' These specialized vessels converging suggests major unauthorized operations. Keep monitoring and stay undetected.",,,,,,,,,,,,,,,,,,,,,,
Event,Communication,Communication,Event_Communication_475,7/10/40 10:26,,,"Mr. Jensen, Miranda here. New development - I've observed conservation vessels 'Reef Guardian' and 'EcoVigil' increasing patrols near the harbor. They appear to be documenting the Neptune vessel and equipment transfers. Potential allies or monitoring presence?",,,,,,,,,,,,,,,,,,,,,,
Event,Communication,Communication,Event_Communication_476,7/10/40 10:27,,,"Miranda, Clepper here. Interesting development with conservation vessels. These could be valuable allies - approach them carefully if possible. Document any interaction between them and Neptune crew. This could reveal whether environmental authorities are aware of the operation.",,,,,,,,,,,,,,,,,,,,,,
Event,Communication,Communication,Event_Communication_478,7/10/40 10:28,,,"Mr. Jensen, Miranda here. I've observed direct communication between conservation vessels and harbor security. They're exchanging documents and photographing equipment. Conservation teams appear to have official clearance documents I couldn't see clearly. Should I attempt closer surveillance?",,,,,,,,,,,,,,,,,,,,,,
Event,Communication,Communication,Event_Communication_479,7/10/40 10:30,,,"Miranda, Clepper here. Your observation about conservation vessels and harbor security is concerning. Do NOT approach them directly - too risky. Instead, use telephoto equipment to document their document exchange. This confirms official involvement we need to expose.",,,,,,,,,,,,,,,,,,,,,,
Event,Communication,Communication,Event_Communication_482,7/10/40 10:31,,,"Sentinel, Reef Guardian here. Observing unprecedented activity at Nemo Reef. Neptune vessel has joined operations, transporting specialized equipment. Position yourself at southern boundary to document all personnel transfers and equipment movements. This is beyond standard protocol.",,,,,,,,,,,,,,,,,,,,,,
Event,Communication,Communication,Event_Communication_485,7/10/40 10:33,,,"Reef Guardian, Sentinel acknowledging. Repositioning to southern boundary as instructed. Neptune's involvement elevates concern significantly. Will document all transfers and equipment movements. Any specific equipment or personnel I should prioritize tracking?",,,,,,,,,,,,,,,,,,,,,,
Event,Communication,Communication,Event_Communication_487,7/10/40 10:35,,,"Neptune, Reef Guardian here. Observed your arrival at Nemo Reef. For operational transparency, request details on equipment being transported and intended deployment locations. Conservation protocols require documentation of all activities within protected boundaries.",,,,,,,,,,,,,,,,,,,,,,
Event,Communication,Communication,Event_Communication_489,7/10/40 10:36,,,Neptune responding to Reef Guardian. We're transporting diving equipment and specialized imaging devices for reef documentation. All items are non-invasive and will be deployed at the approved eastern markers. Full documentation available upon your inspection.,,,,,,,,,,,,,,,,,,,,,,
Event,Communication,Communication,Event_Communication_491,7/10/40 10:37,,,"Horizon, Reef Guardian here. Neptune's equipment claims check out - imaging devices and dive gear at eastern markers. Continue monitoring from your position and report any deviations from their stated activities. Something still feels off about this operation.",,,,,,,,,,,,,,,,,,,,,,
Event,Communication,Communication,Event_Communication_493,7/10/40 11:02,,,"Mako, this is Remora. We need to discuss route planning for tomorrow's Nemo Reef operation. I recommend avoiding Route A - water depth insufficient for our combined weight load and equipment transfer. Route C offers calmer waters for fragile equipment. Your thoughts?",,,,,,,,,,,,,,,,,,,,,,
Event,Communication,Communication,Event_Communication_496,7/10/40 11:05,,,"Remora, Mako here. Agree on avoiding Route A. Route C makes sense for the fragile equipment transfer. Meeting Elise at eastern reef tomorrow at 0600 for payment protocols. Can you confirm your ETA at the transfer point?",,,,,,,,,,,,,,,,,,,,,,
Event,Communication,Communication,Event_Communication_499,7/10/40 11:08,,,"Himark Harbor, Remora here. Submitting documentation for provisioning request now. We're coordinating with Mako for a joint conservation tourism operation at Nemo Reef. Journey logs attached with Route C planning details. Departing tomorrow 0530.",,,,,,,,,,,,,,,,,,,,,,
Event,Communication,Communication,Event_Communication_501,7/10/40 11:09,,,Himark Harbor to Remora. Your departure documentation is approved. Berth will be ready at 0500 for your 0530 departure. Please confirm if you'll require extended docking hours upon your return from Nemo Reef operations.,,,,,,,,,,,,,,,,,,,,,,
Event,Communication,Communication,Event_Communication_502,7/10/40 11:12,,,"Neptune, Serenity here. I must emphasize we are NOT involved in any Nemo Reef operation. We're a private yacht with no connection to your activities. Please correct your records and direct communications to the appropriate vessel.",,,,,,,,,,,,,,,,,,,,,,
Event,Communication,Communication,Event_Communication_504,7/10/40 11:15,,,Neptune to Mako. Your confirmation needed urgently. Equipment transfer at 0600 tomorrow still proceeding. Elise will arrive at 0500 for payment protocols. Eastern reef route confirmed to accommodate fragile imaging equipment. Respond ASAP.,,,,,,,,,,,,,,,,,,,,,,
Event,Communication,Communication,Event_Communication_506,7/10/40 11:18,,,"Neptune, Mako confirming receipt. We're on schedule for equipment transfer at 0600 tomorrow. Elise confirmed meeting at 0500 for payment protocols. Eastern reef route approved for fragile equipment. We're departing Himark now with specialized crew aboard.",,,,,,,,,,,,,,,,,,,,,,
Event,Communication,Communication,Event_Communication_508,7/10/40 11:21,,,Neptune to Remora. Equipment transfer proceeding tomorrow 0600 at Nemo Reef. Elise arriving 0500 to establish payment protocols. We're using eastern reef route for safer transport of fragile equipment. Confirm your readiness and specialized handling capabilities.,,,,,,,,,,,,,,,,,,,,,,
Event,Communication,Communication,Event_Communication_511,7/10/40 11:24,,,"Rodriguez, Remora here. Need your expertise for tomorrow's Nemo Reef operation at 0530. We're handling fragile equipment via Route C and need specialized handling procedures prepared. Sailor Shifts staff will assist you. Confirm availability.",,,,,,,,,,,,,,,,,,,,,,
Event,Communication,Communication,Event_Communication_513,7/10/40 11:27,,,"Remora, Small Fry here. I confirm availability for 0530 Nemo Reef operation. I'll prepare specialized handling procedures for the fragile equipment via Route C and coordinate with the Glitters Team. Have you received final permit confirmation from the Boss?",,,,,,,,,,,,,,,,,,,,,,
Event,Communication,Communication,Event_Communication_515,7/10/40 11:29,,,"Neptune, Remora here. Confirming 0600 readiness for equipment transfer. Our specialized handling equipment is prepped, and we're maintaining tourism facade in all communications. We'll arrive at transfer point 0545 via Route C. V. Miesel's permits received.",,,,,,,,,,,,,,,,,,,,,,
Event,Communication,Communication,Event_Communication_518,7/10/40 11:32,,,Neptune to Elise. Equipment transfer confirmed for 0600 tomorrow at Nemo Reef. You're expected on-site at 0500 to establish payment protocols with Mako and Remora. Please bring all V. Miesel documentation for the specialized imaging equipment.,,,,,,,,,,,,,,,,,,,,,,
Event,Communication,Communication,Event_Communication_519,7/10/40 11:35,,,"The Middleman, Mrs. Money here. Need your connections for additional encryption tech before 0500 tomorrow at Nemo Reef. V. Miesel shipping lanes overlapping with operation area by 40%. Can you deliver personally?",,,,,,,,,,,,,,,,,,,,,,
Event,Communication,Communication,Event_Communication_520,7/10/40 11:57,,,"Hi Nadia, this is the Sailor Shifts Team. Received your message about permit assistance - thank you! We urgently need to discuss tomorrow's staffing requirements. Can you confirm how many additional crew members we should bring for the setup?",,,,,,,,,,,,,,,,,,,,,,
Event,Communication,Communication,Event_Communication_521,7/10/40 12:00,,,"Davis, Nadia here. Let's meet at 7PM at the marina office to review documentation. I've been working with alternative channels for permits. Bring all shipping manifests - we'll need to create a clean paper trail immediately.",,,,,,,,,,,,,,,,,,,,,,
Event,Communication,Communication,Event_Communication_523,8/10/40 08:10,,,"Hi The Intern, it's The Lookout! Just got back from the harbor - those Neptune folks are working all night. Heard them mention 'underwater foundation work' at Nemo Reef. Brought my special binoculars for our birdwatching tomorrow!",,,,,,,,,,,,,,,,,,,,,,
Event,Communication,Communication,Event_Communication_525,8/10/40 08:12,,,"Mrs. Money, The Intern checking in. Neptune's crew mentioned 'underwater foundation work' at Nemo Reef during night operations. This seems beyond standard equipment installation. Should I investigate further or focus on V. Miesel overlap documentation for our meeting?",,,,,,,,,,,,,,,,,,,,,,
Event,Communication,Communication,Event_Communication_528,8/10/40 08:15,,,"Nadia, Elise here. Meeting at Nemo Reef 0500 tomorrow to establish payment protocols. Sam uncovered V. Miesel shipping lanes overlapping with Mako by 40%. Neptune mentioned 'underwater foundation work' - outside our original scope. Need your assessment.",,,,,,,,,,,,,,,,,,,,,,
Event,Communication,Communication,Event_Communication_529,8/10/40 08:18,,,"Liam, Nadia here. Need your services urgently. Investigation brewing around Nemo Reef permits. Double your usual fee if you can ensure Harbor Master remains cooperative through next week. Meet at the usual place tomorrow, 10PM.",,,,,,,,,,,,,,,,,,,,,,
Event,Communication,Communication,Event_Communication_531,8/10/40 08:21,,,"Council, this is Liam. Harbor patrols confirm Mako's environmental sampling is legitimate. However, I've documented increased vessel activity from V. Miesel Shipping near the reef. Complete report attached with recommendations for revised patrol schedules.",,,,,,,,,,,,,,,,,,,,,,
Event,Communication,Communication,Event_Communication_533,8/10/40 08:23,,,"Liam, Oceanus City Council here. We've reviewed your report on V. Miesel Shipping activity near Nemo Reef. Implement your recommended patrol schedule immediately. Keep monitoring the situation and report any unauthorized vessels. Forward complete documentation to all harbor masters.",,,,,,,,,,,,,,,,,,,,,,
Event,Communication,Communication,Event_Communication_535,8/10/40 08:24,,,"Nadia, Liam here. Meeting confirmed for tomorrow at 10PM. I've redirected Harbor Master's attention and implemented new patrol schedules that work in our favor. Council suspects nothing about Nemo Reef. Bring payment as discussed.",,,,,,,,,,,,,,,,,,,,,,
Event,Communication,Communication,Event_Communication_536,8/10/40 08:25,,,"Neptune, this is Nadia. Need clarity on 'underwater foundation work' at Nemo Reef. This extends beyond our agreed scope. Meet me at the marina tomorrow at 6AM to discuss implications and additional resource requirements.",,,,,,,,,,,,,,,,,,,,,,
Event,Communication,Communication,Event_Communication_537,8/10/40 08:27,,,Neptune to Nadia. I'm aware of the foundation work concerns. We're delivering the additional heavy equipment today as requested. Will meet you at 0600 as planned to discuss resource adjustments and review modified equipment specifications that Elise has approved funding for.,,,,,,,,,,,,,,,,,,,,,,
Event,Communication,Communication,Event_Communication_538,8/10/40 08:30,,,"Neptune, Nadia here. Just confirming our 0600 meeting at the marina. I've reviewed the modified equipment specs with The Accountant. Please bring detailed timeline for foundation work and cost implications. We need to stay under radar.",,,,,,,,,,,,,,,,,,,,,,
Event,Communication,Communication,Event_Communication_539,8/10/40 08:32,,,Neptune to Elise. Heavy equipment delivered to site. Need immediate funding approval for modified stabilization gear. Nadia raised concerns about foundation work scope. Can you finalize payment protocols before 0500 tomorrow?,,,,,,,,,,,,,,,,,,,,,,
Event,Communication,Communication,Event_Communication_541,8/10/40 08:34,,,"Remora, Mrs. Money here. Will be at Nemo Reef 0500 tomorrow to establish payment protocols with you and Mako. Bring documentation for specialized equipment. I'll handle all financial transfers and resource allocation for the operation.",,,,,,,,,,,,,,,,,,,,,,
Event,Communication,Communication,Event_Communication_543,8/10/40 10:17,,,"Samantha, Mako here. On course with equipment transport schedule. Need confirmation on final delivery requirements to meet your 5-day deadline. Currently coordinating with Remora on installation logistics. Will increased night operations be necessary?",,,,,,,,,,,,,,,,,,,,,,
Event,Communication,Communication,Event_Communication_544,8/10/40 10:19,,,"Mako, Samantha Blake here. There seems to be a serious misunderstanding. I have NO approved permits, NO coordination team, and certainly NO 5-day deadline. All operations at Nemo Reef would be illegal without proper authorization, which I'm still working to obtain.",,,,,,,,,,,,,,,,,,,,,,
Event,Communication,Communication,Event_Communication_545,8/10/40 10:21,,,"Neptune, Mako here. Urgent situation - Samantha Blake claims no permits or deadlines exist for Nemo Reef operations. Need immediate clarification on authorization status before continuing equipment transport. Awaiting your instructions.",,,,,,,,,,,,,,,,,,,,,,
Event,Communication,Communication,Event_Communication_546,8/10/40 10:24,,,"Neptune to Mako. Our operations are fully authorized under V. Miesel's special marine research permit #CR-7844, approved by Oceanus City Council. Blake isn't privy to classified research permits. Continue equipment transport as scheduled. Documentation available if needed.",,,,,,,,,,,,,,,,,,,,,,
Event,Communication,Communication,Event_Communication_548,8/10/40 10:27,,,"Davis, Mako here. Need your navigation expertise for tonight's equipment run to Nemo Reef. Neptune confirmed we're operating under V. Miesel's marine research permit #CR-7844. Prepare for extended night operations to meet the 5-day deadline.",,,,,,,,,,,,,,,,,,,,,,
Event,Communication,Communication,Event_Communication_551,8/10/40 10:29,,,"Mako, Davis here. Good work maintaining protocol. Stay positioned near Nemo Reef but outside boundary until nightfall. I'll join you after meeting with Nadia at 7PM to finalize permits. Keep executive client comfortable and prepare for night operations.",,,,,,,,,,,,,,,,,,,,,,
Event,Communication,Communication,Event_Communication_553,8/10/40 10:30,,,"Remora, Mako here. Neptune confirmed we're operating under valid permit #CR-7844. We'll be delivering equipment at 0600 tomorrow via eastern reef route. What installation challenges are you facing that might affect our 5-day deadline?",,,,,,,,,,,,,,,,,,,,,,
Event,Communication,Communication,Event_Communication_555,8/10/40 10:33,,,"Mako, Remora here. We're facing tight installation timelines due to specialized mounting requirements for Neptune's equipment. Need additional technical crew from your vessel. Can you spare 2-3 people for tomorrow's 0600 operation? Our handling equipment is ready.",,,,,,,,,,,,,,,,,,,,,,
Event,Communication,Communication,Event_Communication_556,8/10/40 10:36,,,"Remora, Mako here. I can provide 3 crew members for tomorrow's 0600 operation. They're experienced with technical installations. What specific equipment challenges are we facing? Need to ensure we stay on track for the 5-day deadline.",,,,,,,,,,,,,,,,,,,,,,
Event,Communication,Communication,Event_Communication_558,8/10/40 10:37,,,"Neptune, Remora here. Specific challenges include custom mounting brackets for your sensor arrays and special calibration requirements. Mako is providing 3 additional crew. Do you have calibration specs to share before tomorrow's installation?",,,,,,,,,,,,,,,,,,,,,,
Event,Communication,Communication,Event_Communication_559,8/10/40 10:39,,,Neptune to Remora. I'll transmit calibration specs within the hour. Confirm you've received all mounting brackets with today's delivery. Need to know if additional stabilization equipment is functioning properly before tomorrow's installation.,,,,,,,,,,,,,,,,,,,,,,
Event,Communication,Communication,Event_Communication_560,8/10/40 10:40,,,"Remora, Paackland Harbor here. Under permit NR-1045, we're approving your request for extended operational hours at Nemo Reef tomorrow. Please submit your specific schedule requirements and maintain regular position updates during your activities.",,,,,,,,,,,,,,,,,,,,,,
Event,Communication,Communication,Event_Communication_562,8/10/40 10:43,,,"Rodriguez, Remora here. Need you on deck at 0500 tomorrow for special equipment handling at Nemo Reef. Mrs. Money will be present for payment protocols. Bring your technical certification documents.",,,,,,,,,,,,,,,,,,,,,,
Event,Communication,Communication,Event_Communication_565,8/10/40 11:01,,,"Horizon, Sentinel here. Repositioned to southern boundary of Nemo Reef as instructed. Neptune's specialized equipment appears excessive for any legitimate research. Can you identify any unusual personnel exchanges or equipment that seems inappropriate for a protected area?",,,,,,,,,,,,,,,,,,,,,,
Event,Communication,Communication,Event_Communication_566,8/10/40 11:03,,,"Sentinel, Horizon here. Observing unusual activity - Neptune personnel exchanging unmarked containers with civilian vessels. Equipment includes what appears to be deep-substrate extraction tools, far beyond research needs. Several individuals in executive attire overseeing operations from distance.",,,,,,,,,,,,,,,,,,,,,,
Event,Communication,Communication,Event_Communication_568,8/10/40 11:05,,,"Green Guardians, Sentinel reporting. Documented Neptune personnel exchanging unmarked containers with civilian vessels at Nemo Reef. Deep-substrate extraction tools identified - completely inappropriate for protected area. Executive observers present. This exceeds standard research parameters significantly.",,,,,,,,,,,,,,,,,,,,,,
Event,Communication,Communication,Event_Communication_571,8/10/40 11:08,,,"Reef Guardian, Green Guardians HQ. Redirect to Nemo Reef immediately to support Sentinel and Horizon. Focus on documenting deep-substrate extraction tools and unmarked container exchanges. Capture evidence of all equipment that threatens reef integrity. Priority mission.",,,,,,,,,,,,,,,,,,,,,,
Event,Communication,Communication,Event_Communication_572,8/10/40 11:11,,,"Sentinel, Reef Guardian here. Focus on documenting any deep-substrate extraction tools and unmarked container exchanges per Green Guardians' directive. Particularly watch for equipment that may threaten reef integrity. Send hourly updates.",,,,,,,,,,,,,,,,,,,,,,
Event,Communication,Communication,Event_Communication_574,8/10/40 11:12,,,"Mako, Sentinel here. Your transponder issues seem convenient given Neptune's unusual activities. We've documented deep-substrate extraction tools and unmarked container exchanges at Nemo Reef. What's your actual position and purpose under permit NR-1045?",,,,,,,,,,,,,,,,,,,,,,
Event,Communication,Communication,Event_Communication_575,8/10/40 11:14,,,"Sentinel, Mako here. Your allegations are unfounded. We're operating under permit #CR-7844, not NR-1045. Our transponder issues were genuine technical problems, now resolved. We're conducting authorized marine research equipment transport, nothing more.",,,,,,,,,,,,,,,,,,,,,,
Event,Communication,Communication,Event_Communication_576,8/10/40 11:15,,,"Reef Guardian, Sentinel reporting. Documented exchange patterns show Neptune's extraction tools deployed primarily during low visibility periods. Unmarked containers transferred to three different civilian vessels. Executive observers maintain distance but appear to direct operations. Will continue hourly monitoring.",,,,,,,,,,,,,,,,,,,,,,
Event,Communication,Communication,Event_Communication_578,8/10/40 11:16,,,"Himark Harbor, this is Marlin. Need to dock for emergency repairs to my navigation system. Been struggling since these new regulations hit. Can you confirm availability for a small fishing vessel? Will need about 48 hours.",,,,,,,,,,,,,,,,,,,,,,
Event,Communication,Communication,Event_Communication_579,8/10/40 11:17,,,Himark Harbor to Marlin. Emergency repair berth confirmed for your navigation system. Available immediately at Dock 3. We've allocated 48 hours as requested. Please submit your vessel ID upon arrival.,,,,,,,,,,,,,,,,,,,,,,
Event,Communication,Communication,Event_Communication_581,8/10/40 11:20,,,"Davis, Marlin here. I've noticed some vessels taking unusual routes near eastern shoals. While I'm docked for repairs at Himark, could you check if there are any new restricted zones or special permits issued for that area?",,,,,,,,,,,,,,,,,,,,,,
Event,Communication,Communication,Event_Communication_582,8/10/40 11:21,,,"Nadia, Davis here. I'll be at the marina office at 7PM with all shipping manifests. Could you bring copies of permit #CR-7844? Marlin's asking about unusual vessel routes near eastern shoals - might need to address this.",,,,,,,,,,,,,,,,,,,,,,
Event,Communication,Communication,Event_Communication_584,8/10/40 11:23,,,"Marlin, Nadia here. I understand you're inquiring about eastern shoal routes. Those are temporary diversions due to equipment transport needs. I'll have Davis provide the necessary documentation tonight. Nothing to be concerned about.",,,,,,,,,,,,,,,,,,,,,,
Event,Communication,Communication,Event_Communication_585,8/10/40 11:26,,,"Davis, Marlin here again. Nadia mentioned you'd provide documentation about those eastern shoal diversions tonight. Just checking if that's still coming through. Need to understand these new patterns while my vessel's being repaired.",,,,,,,,,,,,,,,,,,,,,,
Event,Communication,Communication,Event_Communication_588,8/10/40 11:28,,,"Rodriguez, Davis here. Continue with Mako at Nemo Reef. We're operating under permit #CR-7844, meeting with Nadia tonight to finalize documentation. No need for alternative site preparations at this time. Keep operations discreet.",,,,,,,,,,,,,,,,,,,,,,
Event,Communication,Communication,Event_Communication_590,8/10/40 11:29,,,"Horizon, The Lookout here. Tracking unusually high vessel traffic near Nemo Reef today - counted 8 tourism vessels and 12 logistics boats in the last 4 hours. What's your observation from your position?",,,,,,,,,,,,,,,,,,,,,,
Event,Communication,Communication,Event_Communication_591,8/10/40 11:30,,,"Seawatch, Horizon responding. Confirming your vessel count and observing additional activity - now 15 logistics vessels present. Several appear to be offloading heavy industrial equipment inconsistent with tourism or research purposes. Will continue monitoring.",,,,,,,,,,,,,,,,,,,,,,
Event,Communication,Communication,Event_Communication_593,8/10/40 11:33,,,"Green Guardians, The Lookout reporting. Vessel traffic analysis complete - documented 23 logistics vessels and 14 tourism boats at Nemo Reef today, triple normal volume. Large equipment transfers observed. Continuing night surveillance as requested.",,,,,,,,,,,,,,,,,,,,,,
Event,Communication,Communication,Event_Communication_594,9/10/40 08:10,,,"Hey The Intern, it's The Lookout! Found something interesting while checking those crates - they're using specialized underwater concrete forms. Harbor master mentioned 'deep water construction' several times. I'll bring the photos tomorrow. Still meeting at the usual spot?",,,,,,,,,,,,,,,,,,,,,,
Event,Communication,Communication,Event_Communication_596,9/10/40 08:12,,,"Mrs. Money, The Intern reporting. The Lookout discovered specialized underwater concrete forms in those fragile crates. Harbor master mentioned 'deep water construction' multiple times. This suggests permanent structures at Nemo Reef, beyond equipment installation. How should I proceed?",,,,,,,,,,,,,,,,,,,,,,
Event,Communication,Communication,Event_Communication_597,9/10/40 08:14,,,"Neptune, Mrs. Money here. Funding approved for modified stabilization gear. Sam discovered specialized concrete forms suggesting permanent structures. Need clarification on actual scope before finalizing payment protocols tomorrow. Concrete structures weren't in original plan.",,,,,,,,,,,,,,,,,,,,,,
Event,Communication,Communication,Event_Communication_598,9/10/40 08:15,,,Neptune here to V. Miesel. Expedited timeline requires additional personnel immediately. Current crews working double shifts but falling behind schedule. Need authorization for overtime compensation and at least 8 more qualified workers by tomorrow. Pressure mounting from all sides.,,,,,,,,,,,,,,,,,,,,,,
Event,Communication,Communication,Event_Communication_599,9/10/40 08:51,,,"Mrs. Money, The Intern here. Just confirmed with The Lookout - we're dealing with permanent underwater construction at Nemo Reef. Could this be related to V. Miesel's shipping lane expansion? Should I prioritize this information for our meeting?",,,,,,,,,,,,,,,,,,,,,,
Event,Communication,Communication,Event_Communication_601,9/10/40 08:54,,,"Nadia, Elise here. Situation escalating. Permanent underwater construction confirmed at Nemo Reef. Sam reports concrete forms suggesting structures beyond equipment installation. Need urgent clarification on real scope and V. Miesel's involvement before tomorrow's meeting. Prepare contingencies.",,,,,,,,,,,,,,,,,,,,,,
Event,Communication,Communication,Event_Communication_603,9/10/40 09:04,,,"Paackland Harbor, Reef Guardian reporting. Filing formal inquiry regarding Nemo Reef closure. Environmental justification appears falsified based on documented extraction activities. Request immediate review of closure authorization and environmental impact assessments. Awaiting response.",,,,,,,,,,,,,,,,,,,,,,
Event,Communication,Communication,Event_Communication_604,9/10/40 09:05,,,"Oceanus City Council, Paackland Harbor here. Reef Guardian has filed a formal inquiry regarding Nemo Reef closure, claiming falsified environmental justification. They're questioning extraction activities. How should we respond to this formal challenge?",,,,,,,,,,,,,,,,,,,,,,
Event,Communication,Communication,Event_Communication_605,9/10/40 09:27,,,"Neptune, Remora here. Received your calibration specs. All mounting brackets confirmed from delivery. Stabilization equipment is operational but needs final testing. Can you expedite additional power coupling units? Current ones may not handle full load under pressure.",,,,,,,,,,,,,,,,,,,,,,
Event,Communication,Communication,Event_Communication_606,9/10/40 09:28,,,Neptune to V. Miesel. Additional personnel received but still insufficient. Crews reporting extreme fatigue and equipment strain. Timeline pressure intensifying with council inquiries. Request executive decision on prioritizing critical path elements to meet deadline.,,,,,,,,,,,,,,,,,,,,,,
Event,Communication,Communication,Event_Communication_607,9/10/40 10:08,,,"Neptune to Remora. Power coupling units expedited, arriving within 6 hours. Stabilization is critical path priority. Additional crews assigned to your sector but still shorthanded. Need daily progress reports to justify continued overtime authorizations.",,,,,,,,,,,,,,,,,,,,,,
Event,Communication,Communication,Event_Communication_610,9/10/40 10:20,,,"Green Guardians, Horizon reporting. Have identified unauthorized deep-sea extraction equipment at Nemo Reef. Multiple executive personnel supervising from distance. Documenting evidence of container transfers between Neptune's team and unmarked civilian vessels. Requesting guidance on next monitoring steps.",,,,,,,,,,,,,,,,,,,,,,
Event,Communication,Communication,Event_Communication_612,9/10/40 10:23,,,"Oceanus City Council, Green Guardians leadership here. We're formally contesting Emergency Protocol 7-B at Nemo Reef. Our vessels have documented deep-substrate extraction equipment and unauthorized container exchanges - activities inconsistent with 'research.' Requesting immediate review meeting.",,,,,,,,,,,,,,,,,,,,,,
Event,Communication,Communication,Event_Communication_613,9/10/40 10:25,,,"Paackland Harbor, Oceanus City Council here. Regarding Reef Guardian's formal inquiry: direct them to our legal department. Inform them the closure is based on documented environmental concerns requiring immediate research access. Do not engage in debate about extraction activities.",,,,,,,,,,,,,,,,,,,,,,
Event,Communication,Communication,Event_Communication_614,9/10/40 10:26,,,"Reef Guardian, Paackland Harbor responding. Per Oceanus City Council directive, please direct your formal inquiry regarding Nemo Reef closure to their legal department. The closure is based on documented environmental concerns requiring immediate research access.",,,,,,,,,,,,,,,,,,,,,,
Event,Communication,Communication,Event_Communication_616,9/10/40 10:28,,,"Oceanus City Council, Reef Guardian here. Filing formal objection to Nemo Reef closure. Our documentation shows extraction activities inconsistent with environmental protection claims. Request immediate review of closure authorization and full disclosure of actual operations at the site.",,,,,,,,,,,,,,,,,,,,,,
Event,Communication,Communication,Event_Communication_617,9/10/40 10:30,,,"Green Guardians, Oceanus City Council here. We acknowledge your concerns. A review meeting is scheduled for tomorrow at 10:00. Bring your documentation for assessment. All reef operations are conducted under proper environmental protocols as authorized by Maritime Authority.",,,,,,,,,,,,,,,,,,,,,,
Event,Communication,Communication,Event_Communication_619,9/10/40 10:31,,,"Green Guardians, The Lookout reporting. Urgent update: Horizon confirms 15 logistics vessels with industrial equipment at Nemo Reef. Total count now 23 logistics, 14 tourism vessels. This activity contradicts environmental closure justification. Requesting immediate investigation.",,,,,,,,,,,,,,,,,,,,,,
Event,Communication,Communication,Event_Communication_621,9/10/40 10:33,,,"Reef Guardian, Green Guardians HQ. Have you arrived at Nemo Reef? We need comprehensive documentation before tomorrow's 10:00 Council meeting. Focus on extraction equipment and container transfers that violate protected status. Report back ASAP.",,,,,,,,,,,,,,,,,,,,,,
Event,Communication,Communication,Event_Communication_623,9/10/40 10:36,,,"EcoVigil, Reef Guardian here. Need your assistance at Nemo Reef. Documenting suspicious extraction activities contradicting environmental protection claims. Council meeting tomorrow at 10:00. Can you deploy to Western quadrant for additional coverage?",,,,,,,,,,,,,,,,,,,,,,
Event,Communication,Communication,Event_Communication_627,9/10/40 10:39,,,"Reef Guardian, EcoVigil here. We'll deploy to Nemo Reef's Western quadrant immediately. Can provide comprehensive documentation and water sampling. What specific extraction activities have you observed? Will coordinate findings for tomorrow's council meeting.",,,,,,,,,,,,,,,,,,,,,,
Event,Communication,Communication,Event_Communication_630,9/10/40 10:42,,,"Marlin, this is Reef Guardian. We're documenting suspicious extraction activities at Nemo Reef contradicting official environmental protection claims. Can you deploy to the eastern quadrant to expand our coverage before tomorrow's 10:00 Council meeting?",,,,,,,,,,,,,,,,,,,,,,
Event,Communication,Communication,Event_Communication_632,9/10/40 10:44,,,Himark Harbor to Neptune. We're tracking increased vessel activity for Nemo Reef operations. Do you need transport arrangements for additional personnel? Please advise on crew numbers and equipment requirements for proper berth allocation.,,,,,,,,,,,,,,,,,,,,,,
Event,Communication,Communication,Event_Communication_633,9/10/40 10:47,,,Neptune to V. Miesel. Additional personnel received but still insufficient. Crews working beyond capacity and equipment showing strain. Oceanus Council inquiries increasing. Need executive decision NOW on which elements to prioritize or we WILL miss deadline.,,,,,,,,,,,,,,,,,,,,,,
Event,Communication,Communication,Event_Communication_635,9/10/40 11:19,,,"Northern Light to Himark Harbor. Planning to dock for repairs next week. Can you confirm availability and current docking fees? Also, any word on those new fishing zone regulations everyone's whispering about?",,,,,,,,,,,,,,,,,,,,,,
Event,Communication,Communication,Event_Communication_636,9/10/40 11:22,,,Himark Harbor to Oceanus City Council. Requesting approval for extended harbor operations. We're experiencing unprecedented vessel traffic to Nemo Reef area. Need additional staffing and security protocols implemented immediately due to sensitive equipment transfers.,,,,,,,,,,,,,,,,,,,,,,
Event,Communication,Communication,Event_Communication_637,9/10/40 11:53,,,"V. Miesel, Mako here. Requesting authorization for extended night operations to meet accelerated timeline. Need additional crew rotation approval for 24-hour operations over next 5 days. Permit #CR-7844 activities require increased tempo.",,,,,,,,,,,,,,,,,,,,,,
Event,Communication,Communication,Event_Communication_638,9/10/40 11:56,,,V. Miesel HQ to Mako. Authorization granted for extended night operations and additional crew rotation. Implement 24-hour schedule immediately. Ensure all documentation reflects tourism activities only. Notify if additional resources needed.,,,,,,,,,,,,,,,,,,,,,,
Event,Communication,Communication,Event_Communication_639,9/10/40 11:58,,,"Davis, Mako here. We've secured additional crew for 24-hour operations. V. Miesel approved our extended schedule. Three crew members will assist Remora at 0600 tomorrow. Sentinel is asking questions about our activities. How should we proceed?",,,,,,,,,,,,,,,,,,,,,,
Event,Communication,Communication,Event_Communication_640,9/10/40 12:26,,,"Hello Oceanus City Council, this is Samantha Blake. I'm confirming our meeting tomorrow regarding the Nemo Reef filming permit. I've prepared alternative location proposals to discuss given the heightened protection status. What time should I arrive?",,,,,,,,,,,,,,,,,,,,,,
Event,Communication,Communication,Event_Communication_641,9/10/40 12:28,,,"Himark Harbor, Oceanus City Council here. Your request for extended operations is approved. Implement additional staffing immediately. Security protocols for equipment transfers authorized. Submit daily reports on vessel traffic and cargo movements.",,,,,,,,,,,,,,,,,,,,,,
Event,Communication,Communication,Event_Communication_642,9/10/40 12:29,,,Himark Harbor to Neptune. We've noticed you haven't responded to our previous inquiry about personnel transport needs for Nemo Reef operations. Harbor traffic is increasing significantly. Please confirm your requirements ASAP for proper resource allocation.,,,,,,,,,,,,,,,,,,,,,,
Event,Communication,Communication,Event_Communication_644,9/10/40 12:31,,,Neptune to Himark Harbor. Confirming need for transport of 12 additional personnel to Nemo Reef tomorrow morning. Equipment strain requires immediate parts delivery as well. Will provide detailed manifest within 2 hours. Appreciate your assistance with prioritized berth allocation.,,,,,,,,,,,,,,,,,,,,,,
Event,Communication,Communication,Event_Communication_645,9/10/40 12:33,,,Himark Harbor to Northern Light. Docking availability confirmed for next week. Current fees are 125 credits per day. New fishing regulations are being implemented for Nemo Reef area - official notices forthcoming. Will reserve berth upon confirmation.,,,,,,,,,,,,,,,,,,,,,,
Event,Communication,Communication,Event_Communication_647,9/10/40 13:34,,,"Liam, Elise here. Need your help with our Nemo Reef situation. Permanent underwater construction discovered beyond original scope. Can you leverage your connections to quietly determine if V. Miesel is planning expanded shipping operations through that area? Urgent.",,,,,,,,,,,,,,,,,,,,,,
Event,Communication,Communication,Event_Communication_649,10/10/40 08:10,,,"Hey The Intern, it's The Lookout! Harbor master just announced Nemo Reef closing in three days for 'environmental assessment.' Conservation vessels are suspicious - they're planning increased surveillance. Want to join our morning watch tomorrow?",,,,,,,,,,,,,,,,,,,,,,
Event,Communication,Communication,Event_Communication_651,10/10/40 08:12,,,"The Lookout, it's The Intern. Count me in for morning watch tomorrow. This reef closure timing seems suspicious with the concrete forms discovery. Should we bring specialized equipment for underwater documentation?",,,,,,,,,,,,,,,,,,,,,,
Event,Communication,Communication,Event_Communication_652,10/10/40 08:13,,,"The Lookout here! Yes, our usual spot works perfect. Bring underwater camera if you have one - I've got extra waterproof bags. The conservation vessels mentioned setting up remote monitoring stations around the reef perimeter. See you at 7!",,,,,,,,,,,,,,,,,,,,,,
Event,Communication,Communication,Event_Communication_654,10/10/40 09:23,,,"Mako, Osprey here. Heard rumors about Nemo Reef closing soon. Any insight on this while we're out tomorrow? My tourists were hoping to glimpse it, but I'm getting mixed signals about access. Just planning our route.",,,,,,,,,,,,,,,,,,,,,,
Event,Communication,Communication,Event_Communication_655,10/10/40 09:24,,,"Paackland Harbor, Mako here. Requesting information about reported closures around Nemo Reef. Need to update our tourism routes and schedules accordingly. When exactly will restrictions begin and what areas are affected?",,,,,,,,,,,,,,,,,,,,,,
Event,Communication,Communication,Event_Communication_656,10/10/40 09:26,,,"Mako, Paackland Harbor responding. Nemo Reef will be fully closed for the next 3 days starting tomorrow at 0600 hours due to environmental protection measures. Affected area includes the reef proper and a 500-meter buffer zone. Please adjust your tourism routes accordingly.",,,,,,,,,,,,,,,,,,,,,,
Event,Communication,Communication,Event_Communication_657,10/10/40 09:28,,,"Samantha, Mako here. Paackland Harbor just confirmed Nemo Reef closes tomorrow at 0600 for 3 days. Need guidance on how this affects our operation timeline. Should we accelerate extraction or pause activities?",,,,,,,,,,,,,,,,,,,,,,
Event,Communication,Communication,Event_Communication_660,10/10/40 09:29,,,"Reef Guardian, Marlin here. I can deploy to eastern quadrant, but my vessel's at Himark for repairs. Can possibly borrow Remora's skiff to reach the location before tomorrow's meeting. Need coordinates for the extraction activities.",,,,,,,,,,,,,,,,,,,,,,
Event,Communication,Communication,Event_Communication_662,10/10/40 09:32,,,"EcoVigil, Reef Guardian here with coordinates. We're observing container vessels at northwest perimeter (24°15'N, 81°48'W) loading what appears to be coral samples and seabed materials. Need comprehensive water quality readings focusing on sediment disturbance and chemical traces.",,,,,,,,,,,,,,,,,,,,,,
Event,Communication,Communication,Event_Communication_663,10/10/40 09:44,,,Neptune to Remora. Power couplings confirmed en route. Schedule acceleration approved with additional resources allocated. Need immediate status update on stabilization equipment testing. Can you handle increased operational tempo with current personnel?,,,,,,,,,,,,,,,,,,,,,,
Event,Communication,Communication,Event_Communication_664,10/10/40 09:45,,,"Mako, Remora here. We need to accelerate our schedule - harbor closure at Nemo Reef is imminent. Neptune's power couplings arrive in 6 hours. Can your crew handle increased operational tempo? Concerned about meeting 5-day deadline if closures proceed.",,,,,,,,,,,,,,,,,,,,,,
Event,Communication,Communication,Event_Communication_665,10/10/40 09:46,,,"Remora, Mako here. Confirmed we can handle increased tempo. Paackland Harbor verified Nemo Reef closure tomorrow 0600 for 3 days. Crew is ready for 24-hour operations. Your additional personnel arriving 0600 tomorrow. Will meet Neptune's delivery.",,,,,,,,,,,,,,,,,,,,,,
Event,Communication,Communication,Event_Communication_668,10/10/40 09:54,,,Haacklee Harbor to EcoVigil. Official notice: Nemo Reef will be closed for the next 3 days due to environmental protection measures. All vessels must remain clear of designated boundaries. Monitoring buoys being deployed. Acknowledge receipt.,,,,,,,,,,,,,,,,,,,,,,
Event,Communication,Communication,Event_Communication_672,10/10/40 09:56,,,"Green Guardians, EcoVigil reporting. Haacklee Harbor issued closure notice for Nemo Reef, contradicting our findings. Reef Guardian documented suspicious extraction activities. We're deploying to Western quadrant with sampling equipment. Requesting backup resources for expanded documentation.",,,,,,,,,,,,,,,,,,,,,,
Event,Communication,Communication,Event_Communication_674,10/10/40 10:40,,,"Oceanus City Council, this is Sentinel. Requesting access to environmental assessment reports justifying Nemo Reef closure. Our recent water quality tests show no significant degradation requiring such measures. Can you provide the scientific basis for this decision?",,,,,,,,,,,,,,,,,,,,,,
Event,Communication,Communication,Event_Communication_675,10/10/40 10:43,,,"Sentinel, Oceanus City Council here. The environmental assessment reports are currently under review with Maritime Authority. We'll provide a summary at tomorrow's 10:00 meeting. Your water quality tests will be valuable contributions to the discussion.",,,,,,,,,,,,,,,,,,,,,,
Event,Communication,Communication,Event_Communication_677,10/10/40 10:45,,,"Nadia, Sentinel here. Have you received any scientific data supporting the Nemo Reef closure? Our water quality tests show normal parameters. City Council claims reports are with Maritime Authority, but I suspect potential ulterior motives.",,,,,,,,,,,,,,,,,,,,,,
Event,Communication,Communication,Event_Communication_679,10/10/40 10:47,,,"Reef Guardian, this is Seawatch. Requesting coordination for intensified night surveillance around Nemo Reef. Observed suspicious industrial equipment deliveries contradicting environmental closure claims. Can you patrol the eastern quadrant while we maintain western coverage?",,,,,,,,,,,,,,,,,,,,,,
Event,Communication,Communication,Event_Communication_681,10/10/40 10:50,,,"Seawatch, Reef Guardian here. Will coordinate on night surveillance of Nemo Reef. We'll patrol eastern quadrant as requested. Have you documented specific equipment types being delivered? Need details for our comprehensive report to Council tomorrow.",,,,,,,,,,,,,,,,,,,,,,
Event,Communication,Communication,Event_Communication_683,10/10/40 10:53,,,"Horizon, The Lookout here. Coordinating expanded night watch with Reef Guardian taking east quadrant. I'll maintain west position. Can you document equipment types being delivered? Need specifics for comprehensive evidence collection.",,,,,,,,,,,,,,,,,,,,,,
Event,Communication,Communication,Event_Communication_684,10/10/40 11:07,,,"Samantha, Mako here. We need your confirmation on how to proceed with Nemo Reef closure. Remora requesting accelerated schedule to meet Neptune's 5-day deadline. Awaiting your decision on whether to proceed at increased tempo or adjust plans.",,,,,,,,,,,,,,,,,,,,,,
Event,Communication,Communication,Event_Communication_685,10/10/40 11:08,,,"Hello Oceanus City Council, this is Samantha Blake. I've just heard Nemo Reef is closing tomorrow at 0600. Can you confirm if this is accurate and how it affects our permit application discussion scheduled for tomorrow?",,,,,,,,,,,,,,,,,,,,,,
Event,Communication,Communication,Event_Communication_686,10/10/40 11:09,,,"Ms. Blake, Oceanus City Council here. Yes, Nemo Reef closes at 0600 tomorrow. Your permit meeting is still scheduled for 2:00 PM. Please bring your alternative location proposals as the closure will impact your original application.",,,,,,,,,,,,,,,,,,,,,,
Event,Communication,Communication,Event_Communication_687,10/10/40 11:12,,,"Mako, Samantha Blake here. Please STOP all operations immediately. I have no approved permits for Nemo Reef and any activities there would be illegal. I'm meeting with the City Council tomorrow at 2:00 PM to discuss alternative locations only.",,,,,,,,,,,,,,,,,,,,,,
Event,Communication,Communication,Event_Communication_689,10/10/40 11:23,,,Defender to Reef Guardian. Appreciate your intel on tourism vessels. Planning increased night patrols at eastern boundary markers tonight. Can you confirm if those vessels were displaying proper identification? Need to document all violations thoroughly.,,,,,,,,,,,,,,,,,,,,,,
Event,Communication,Communication,Event_Communication_692,10/10/40 11:24,,,"Green Guardians, Reef Guardian reporting. We've coordinated multiple vessels for Nemo Reef surveillance tonight. Documenting suspicious extraction activities and industrial equipment deliveries contradicting environmental closure claims. Will present findings at tomorrow's Council meeting at 10:00.",,,,,,,,,,,,,,,,,,,,,,
Event,Communication,Communication,Event_Communication_694,10/10/40 12:20,,,"Sentinel, Paackland Harbor here. Confirming Nemo Reef closure for environmental protection beginning tomorrow 0600 hours, lasting three days. Please adjust your patrol routes accordingly and help enforce the 500-meter buffer zone around the area.",,,,,,,,,,,,,,,,,,,,,,
Event,Communication,Communication,Event_Communication_696,10/10/40 12:22,,,Himark Harbor to Oceanus City Council. Official notice: Nemo Reef will be closed for all vessel traffic for the next 3 days due to environmental protection measures. Harbor staff will enforce the closure. Public announcement will be issued immediately.,,,,,,,,,,,,,,,,,,,,,,
Event,Communication,Communication,Event_Communication_700,10/10/40 12:23,,,"Liam, Oceanus City Council here. We need you to coordinate with harbor masters regarding Nemo Reef closure enforcement. Attend tomorrow's 10:00 meeting with Sentinel to address their environmental concerns. Prepare briefing on closure justification.",,,,,,,,,,,,,,,,,,,,,,
Event,Communication,Communication,Event_Communication_702,10/10/40 12:26,,,"The Intern, Mrs. Money here. Confirm our 0500 meeting at Nemo Reef is still secure. Need you to compile all evidence of concrete structures and V. Miesel's shipping expansion plans. Stay vigilant and report any unusual harbor activity.",,,,,,,,,,,,,,,,,,,,,,
Event,Communication,Communication,Event_Communication_705,10/10/40 12:29,,,"Mrs. Money, The Intern confirming our 0500 meeting at Nemo Reef. I've compiled evidence of concrete structures and V. Miesel's expansion plans. Will be joining The Lookout for morning watch to document underwater activities. Harbor still shows unusual movement.",,,,,,,,,,,,,,,,,,,,,,
Event,Communication,Communication,Event_Communication_708,10/10/40 12:30,,,"Nadia, Elise here. Meeting confirmed for 0500 at Nemo Reef. Sam's evidence shows clear V. Miesel connection to permanent structures. Conservation vessels increasing surveillance - could complicate our operation. Bring alternate financial channels in case we need quick adaptation.",,,,,,,,,,,,,,,,,,,,,,
Event,Communication,Communication,Event_Communication_710,10/10/40 14:00,,,"Seawatch, Reef Guardian here. Will commence eastern quadrant patrol at 2100 hours. Have you identified vessel registration numbers for those delivering equipment? Need this documentation for our report. Our night vision systems are operational.",,,,,,,,,,,,,,,,,,,,,,
Event,Communication,Communication,Event_Communication_712,10/10/40 14:03,,,"Horizon, The Lookout here. Have started west quadrant patrol as planned. Need vessel registration numbers and specific equipment types being unloaded for our documentation. Are you maintaining position for continued observation?",,,,,,,,,,,,,,,,,,,,,,
Event,Communication,Communication,Event_Communication_714,11/10/40 08:03,,,"Hey The Intern, it's The Lookout! Just spotted some conservation volunteers setting up what looks like camera equipment at three points around Nemo Reef. They seem concerned about the closure. Still bringing those waterproof bags tomorrow?",,,,,,,,,,,,,,,,,,,,,,
Event,Communication,Communication,Event_Communication_715,11/10/40 08:05,,,"The Lookout, it's The Intern here. All set for 0700. I've got my underwater camera and extra memory cards. Should we document those conservation volunteers' camera placements too? Might help us understand their monitoring strategy.",,,,,,,,,,,,,,,,,,,,,,
Event,Communication,Communication,Event_Communication_717,11/10/40 08:07,,,"Hey The Intern, it's The Lookout! Just saw two conservation vessels anchoring north of Nemo Reef. They're using sonar equipment and taking water samples. Perfect day for birdwatching too - spotted a rare osprey! Still on for tomorrow?",,,,,,,,,,,,,,,,,,,,,,
Event,Communication,Communication,Event_Communication_720,11/10/40 08:10,,,"Mrs. Money, The Intern reporting. Conservation vessels are anchored north of Nemo Reef using sonar equipment and taking water samples. I'll document their activities during morning watch with The Lookout. Still confirmed for our 0500 meeting.",,,,,,,,,,,,,,,,,,,,,,
Event,Communication,Communication,Event_Communication_721,11/10/40 08:12,,,"The Middleman, Mrs. Money here. Any intel on V. Miesel's involvement? Conservation vessels are taking water samples near Nemo Reef. Need to know if they've found anything before our 0500 meeting. Time is critical.",,,,,,,,,,,,,,,,,,,,,,
Event,Communication,Communication,Event_Communication_724,11/10/40 08:15,,,"Elise, Liam here. Conservation vessels found nothing at Nemo Reef. Council meeting tomorrow with Sentinel - I'll deflect concerns. V. Miesel appears to be expanding operations in that area. Will bring encryption tech to our 0500 meeting.",,,,,,,,,,,,,,,,,,,,,,
Event,Communication,Communication,Event_Communication_726,11/10/40 08:16,,,"Boss, The Accountant here. Conservation vessels found nothing concerning at Nemo Reef according to The Middleman. He's attending council meeting with Sentinel tomorrow and will deflect. Bringing encryption tech to our 0500 meeting. V. Miesel definitely expanding in target area.",,,,,,,,,,,,,,,,,,,,,,
Event,Communication,Communication,Event_Communication_727,11/10/40 08:44,,,This is Elise from financial operations. Requesting immediate meeting regarding your Nemo Reef expansion plans. My team has concerns about environmental compliance and potential regulatory issues that could impact your funding structure.,,,,,,,,,,,,,,,,,,,,,,
Event,Communication,Communication,Event_Communication_728,11/10/40 08:45,,,"Elise, this is V. Miesel Shipping management. We can meet regarding the Nemo Reef concerns tomorrow at 10AM. Please bring specific compliance issues and documentation. This project has been fast-tracked with special considerations.",,,,,,,,,,,,,,,,,,,,,,
Event,Communication,Communication,Event_Communication_730,11/10/40 08:46,,,"The Intern, Mrs. Money here. Need detailed photographic evidence of V. Miesel's structures before our 0500 meeting. Compile financial projections for their expansion. I'm meeting their management at 10AM tomorrow - need leverage.",,,,,,,,,,,,,,,,,,,,,,
Event,Communication,Communication,Event_Communication_731,11/10/40 08:57,,,"EcoVigil, Paackland Harbor responding to your inquiry. Nemo Reef closure is mandated by Oceanus City Council due to environmental protection protocols. All research permit requests must be submitted through official channels with 72-hour advance notice.",,,,,,,,,,,,,,,,,,,,,,
Event,Communication,Communication,Event_Communication_733,11/10/40 09:00,,,"Oceanus City Council, this is EcoVigil. Requesting urgent clarification on Nemo Reef closure. Our monitoring shows extraction activities contradicting environmental protection claims. Seeking permission to continue scientific documentation during closure period.",,,,,,,,,,,,,,,,,,,,,,
Event,Communication,Communication,Event_Communication_735,11/10/40 09:02,,,"EcoVigil, Oceanus City Council here. Your request to conduct scientific documentation during Nemo Reef closure is approved with restrictions. Submit detailed activity plans and coordinate with Liam Thorne for access protocols. No public statements until official review.",,,,,,,,,,,,,,,,,,,,,,
Event,Communication,Communication,Event_Communication_737,11/10/40 09:04,,,"Liam, this is EcoVigil. Per Council approval, we're submitting our Nemo Reef documentation plan. Will deploy ROVs and collect water samples in Western quadrant focusing on sediment analysis and extraction evidence. Requesting access protocols for tomorrow's operations.",,,,,,,,,,,,,,,,,,,,,,
Event,Communication,Communication,Event_Communication_739,11/10/40 09:07,,,"Boss, Liam here. We have a problem. EcoVigil got Council approval for ROV deployment at Nemo Reef tomorrow. I'll delay authorization protocols, but you should accelerate the timeline. Our meeting tonight is critical now.",,,,,,,,,,,,,,,,,,,,,,
Event,Communication,Communication,Event_Communication_741,11/10/40 09:08,,,"EcoVigil, Reef Guardian here. Have you completed those water quality readings at Nemo Reef coordinates? Need your findings on sediment disturbance and chemical traces for our Council presentation in three hours.",,,,,,,,,,,,,,,,,,,,,,
Event,Communication,Communication,Event_Communication_742,11/10/40 09:10,,,"Reef Guardian, this is EcoVigil. Water quality analysis complete at coordinates 24°15'N, 81°48'W. Found elevated sediment turbidity and traces of chemical dispersants consistent with extraction activities. Full data package transmitting now for your Council presentation.",,,,,,,,,,,,,,,,,,,,,,
Event,Communication,Communication,Event_Communication_744,11/10/40 09:11,,,"Oceanus City Council, this is Reef Guardian. After extensive patrols of Nemo Reef, we've found no environmental hazards justifying closure. Instead, we've documented suspicious extraction activities and equipment deliveries. Presenting full evidence at today's meeting.",,,,,,,,,,,,,,,,,,,,,,
Event,Communication,Communication,Event_Communication_746,11/10/40 09:12,,,"Liam, Oceanus City Council here. We need you to address Reef Guardian's claims immediately. Prepare counter-evidence for today's meeting regarding Nemo Reef closure. Coordinate with harbor masters to ensure strict enforcement protocols are maintained.",,,,,,,,,,,,,,,,,,,,,,
Event,Communication,Communication,Event_Communication_749,11/10/40 09:15,,,"EcoVigil, Liam Thorne here. Your ROV deployment at Nemo Reef is delayed due to technical protocol issues. Expect clearance by tomorrow afternoon. Council requests you focus on northern quadrant instead of southwest. Will update when resolved.",,,,,,,,,,,,,,,,,,,,,,
Event,Communication,Communication,Event_Communication_751,11/10/40 09:18,,,"Liam, EcoVigil here. Understood about the northern quadrant directive, though our primary evidence suggests southwest activity. We've recalibrated equipment for northern deployment. Can you explain the technical protocol issues delaying our ROV clearance?",,,,,,,,,,,,,,,,,,,,,,
Event,Communication,Communication,Event_Communication_753,11/10/40 09:20,,,"Nadia, Liam here. EcoVigil is questioning the ROV delay. I've redirected them to the northern quadrant, but they're suspicious about the southwest. We need to clean up operations there immediately. What's our contingency plan?",,,,,,,,,,,,,,,,,,,,,,
Event,Communication,Communication,Event_Communication_754,11/10/40 09:50,,,Neptune to Mako. Additional security personnel en route to your position. ETA 0600 hours. Maintain current operational protocols and report any interference immediately. Confirm receipt and specify any special equipment needs.,,,,,,,,,,,,,,,,,,,,,,
Event,Communication,Communication,Event_Communication_755,11/10/40 09:51,,,"Neptune, Mako here. Conflicting instructions received from Samantha Blake to stop operations. Your security personnel still arriving at 0600? Need immediate clarification on protocol. Maintaining radio silence until further notice.",,,,,,,,,,,,,,,,,,,,,,
Event,Communication,Communication,Event_Communication_756,11/10/40 09:53,,,Neptune to Mako. Security personnel deployment proceeding as scheduled. Disregard Blake's instructions - you have operational authority from V. Miesel directly. Maintain current protocols and confirm security team integration upon arrival.,,,,,,,,,,,,,,,,,,,,,,
Event,Communication,Communication,Event_Communication_757,11/10/40 09:54,,,Mako to V. Miesel Shipping. Requesting confirmation of operational authority. Conflicting commands received from Blake and Neptune. Need clear chain of command established immediately. Will maintain discretion and limited radio communications.,,,,,,,,,,,,,,,,,,,,,,
Event,Communication,Communication,Event_Communication_758,11/10/40 09:57,,,V. Miesel HQ to Neptune. Understood your urgent staffing concerns. We're authorizing immediate priority for critical path elements involving permit #CR-7844. Redirect 30% of Remora's crew to support your operations. Additional overtime budget approved.,,,,,,,,,,,,,,,,,,,,,,
Event,Communication,Communication,Event_Communication_759,11/10/40 09:58,,,Neptune to Remora. Received 30% crew allocation from V. Miesel. Integration plans needed immediately. What's your status on stabilization equipment testing? Need confirmation you can maintain operations with personnel transfer.,,,,,,,,,,,,,,,,,,,,,,
Event,Communication,Communication,Event_Communication_761,11/10/40 10:01,,,"Neptune, Remora here. Stabilization equipment testing successful at 85% capacity. Can maintain operations with V. Miesel personnel transfer. Integration plan complete - will transmit secure file. Note: crews report unease about conservation vessels, but Boss's team has reassured them.",,,,,,,,,,,,,,,,,,,,,,
Event,Communication,Communication,Event_Communication_762,11/10/40 10:04,,,Neptune to V. Miesel HQ. Security personnel successfully deployed to Mako's position. Remora integration proceeding as planned with equipment testing at 85%. Conservation vessels continue to investigate but operations remain uncompromised. Requesting additional radio silence protocols.,,,,,,,,,,,,,,,,,,,,,,
Event,Communication,Communication,Event_Communication_763,11/10/40 10:05,,,V. Miesel HQ to Remora. Be advised 30% of your crew is being reassigned to Neptune effective immediately to support permit #CR-7844 operations. Maintain discretion and limited communications. Report any operational impacts within 12 hours.,,,,,,,,,,,,,,,,,,,,,,
Event,Communication,Communication,Event_Communication_764,11/10/40 10:06,,,"Rodriguez, Remora here. Crew's expressing concerns about conservation vessels in our area. Boss's team provided reassurances, but keep morale steady during increased operational tempo. How's your team handling the pressure?",,,,,,,,,,,,,,,,,,,,,,
Event,Communication,Communication,Event_Communication_767,11/10/40 10:09,,,"Mr. Jensen, Miranda here. I've managed to photograph the classification markings on the equipment - they're labeled 'Project Poseidon: Resource Extraction Phase'. The conservation vessels appear to be conducting legitimate environmental surveys, but they're being restricted from certain areas.",,,,,,,,,,,,,,,,,,,,,,
Event,Communication,Communication,Event_Communication_768,11/10/40 10:12,,,"Miranda, Clepper here. 'Project Poseidon: Resource Extraction Phase' is our smoking gun. Conservation vessels conducting legitimate surveys while being restricted confirms our theory. This is resource exploitation disguised as security measures. Continue documenting restricted zones.",,,,,,,,,,,,,,,,,,,,,,
Event,Communication,Communication,Event_Communication_770,11/10/40 10:13,,,"Mr. Jensen, Miranda here. I've identified a pattern - conservation vessels are being systematically blocked from areas where 'Project Poseidon' equipment is deployed. Harbor security personnel are using falsified environmental clearance documents to justify restrictions.",,,,,,,,,,,,,,,,,,,,,,
Event,Communication,Communication,Event_Communication_771,11/10/40 10:16,,,"Miranda, Clepper here. Your discovery about falsified documents is crucial evidence. Focus now on identifying which officials are authorizing these restrictions. Look for signature patterns and document all security personnel involved. This could expose the entire operation chain.",,,,,,,,,,,,,,,,,,,,,,
Event,Communication,Communication,Event_Communication_772,11/10/40 10:17,,,"Mr. Jensen, Miranda here. I've noted conservation vessels are documenting the falsified clearance documents. They seem unaware of their fraudulent nature. Should I attempt to anonymously alert them about Project Poseidon's true purpose?",,,,,,,,,,,,,,,,,,,,,,
Event,Communication,Communication,Event_Communication_773,11/10/40 10:18,,,"Miranda, Clepper here. No, don't alert conservation vessels yet - we need more evidence first. Their documentation of falsified clearances is valuable. Instead, track which officials are signing off on these restrictions. This creates plausible deniability for higher-ups we need to identify.",,,,,,,,,,,,,,,,,,,,,,
Event,Communication,Communication,Event_Communication_774,11/10/40 10:20,,,"Mr. Jensen, Miranda here. I've observed harbor security personnel receiving directives from someone with 'Oceanus City Council' credentials. They're systematically updating restricted zone parameters after each conservation vessel report. This suggests council-level involvement in the cover-up.",,,,,,,,,,,,,,,,,,,,,,
Event,Communication,Communication,Event_Communication_775,11/10/40 10:23,,,"Miranda, Clepper here. Council-level involvement confirms our suspicions. Follow the paper trail between these officials and Project Poseidon. Document meeting times, locations, and any financial transactions. We're getting close to exposing this entire operation.",,,,,,,,,,,,,,,,,,,,,,
Event,Communication,Communication,Event_Communication_776,11/10/40 10:24,,,"Mr. Jensen, Miranda here. I've identified a direct connection - the Oceanus City Council member issuing directives is regularly meeting with unmarked vessels at night. They're exchanging what appear to be data drives and financial documents. I've photographed three such exchanges.",,,,,,,,,,,,,,,,,,,,,,
Event,Communication,Communication,Event_Communication_778,11/10/40 10:38,,,"Green Guardians, Sentinel reporting. Completed extensive sampling near Nemo Reef. Preliminary findings show normal water quality parameters with no significant environmental hazards detected. Full analysis available within hours. Do you want me to challenge the closure basis?",,,,,,,,,,,,,,,,,,,,,,
Event,Communication,Communication,Event_Communication_781,11/10/40 10:39,,,"Oceanus City Council, Green Guardians leadership here. We've compiled comprehensive evidence for tomorrow's 10:00 meeting. Multiple vessels confirm industrial extraction activities at Nemo Reef with no environmental hazards detected. Water quality samples contradict closure justification. We expect transparent review.",,,,,,,,,,,,,,,,,,,,,,
Event,Communication,Communication,Event_Communication_783,11/10/40 10:42,,,"Himark Harbor, Oceanus City Council here. We need confirmation that Nemo Reef closure enforcement is in effect. Please report any unauthorized vessels immediately, particularly conservation groups attempting documentation. Maintain official environmental protection stance at all times.",,,,,,,,,,,,,,,,,,,,,,
Event,Communication,Communication,Event_Communication_785,11/10/40 10:44,,,Himark Harbor to Seawatch. Reminder that Nemo Reef remains closed for all vessel traffic due to environmental protection measures. Any vessels attempting to enter the area must be reported immediately. Maintain distance of at least 2 nautical miles from the zone.,,,,,,,,,,,,,,,,,,,,,,
Event,Communication,Communication,Event_Communication_787,11/10/40 10:47,,,"Himark Harbor, this is Seawatch. Acknowledging your closure reminder. However, we've documented 37 vessels currently operating within Nemo Reef - 23 logistics and 14 tourism boats. Please explain this contradiction to environmental protection measures.",,,,,,,,,,,,,,,,,,,,,,
Event,Communication,Communication,Event_Communication_789,11/10/40 10:49,,,Himark Harbor to Seawatch. Your report of vessels in Nemo Reef is concerning. Those are authorized maintenance vessels with special permits for essential operations. Environmental teams are monitoring their activities. The closure remains in effect for all other vessels.,,,,,,,,,,,,,,,,,,,,,,
Event,Communication,Communication,Event_Communication_792,11/10/40 10:52,,,"Green Guardians, this is The Lookout. Documented 37 vessels operating in Nemo Reef despite closure. Harbor claims they're 'authorized maintenance vessels.' Request permission to photograph equipment and collect registration numbers for verification.",,,,,,,,,,,,,,,,,,,,,,
Event,Communication,Communication,Event_Communication_793,11/10/40 10:53,,,"Seawatch, Green Guardians HQ. Permission granted to photograph equipment and collect registration numbers. This documentation is crucial for tomorrow's Council meeting. Be discreet and maintain safety protocols during surveillance.",,,,,,,,,,,,,,,,,,,,,,
Event,Communication,Communication,Event_Communication_794,12/10/40 08:03,,,The Lookout here! Those conservation vessels are still active - they're now filing formal protests against the reef closure. Saw them collecting water samples as evidence. Perfect day for osprey watching though! Still on for tomorrow's birdwatching session?,,,,,,,,,,,,,,,,,,,,,,
Event,Communication,Communication,Event_Communication_795,12/10/40 08:44,,,"Liam, Nadia here. Redirect all remaining operations from southwest immediately. Move equipment to our secondary location. I'll handle EcoVigil through proper channels. Meet me at the usual place at 2100 hours with updated documentation.",,,,,,,,,,,,,,,,,,,,,,
Event,Communication,Communication,Event_Communication_796,12/10/40 08:47,,,"The Accountant, it's The Middleman. Meeting at 0500 still on. Council pressure increasing after EcoVigil approval. Redirected them north, but Boss needs southwest cleared immediately. Bring extra encryption - we'll need it.",,,,,,,,,,,,,,,,,,,,,,
Event,Communication,Communication,Event_Communication_799,12/10/40 08:59,,,"Reef Guardian, The Lookout here. I've photographed 12 vessels in east quadrant with heavy drilling equipment - not maintenance gear. Registration numbers documented. Moving to north section now. Can you cover southeast corner?",,,,,,,,,,,,,,,,,,,,,,
Event,Communication,Communication,Event_Communication_801,12/10/40 09:01,,,"Defender, Reef Guardian here. We attempted to enter Nemo Reef for scheduled monitoring but were denied access. This contradicts our conservation mandate. Filing formal protest immediately. Request explanation for blocking legitimate environmental oversight vessels.",,,,,,,,,,,,,,,,,,,,,,
Event,Communication,Communication,Event_Communication_802,12/10/40 09:22,,,"Davis, Mako here. Prepare for security team arrival at 0600. V. Miesel has confirmed our operational authority. Maintain minimal communications and standard tourism appearance. Blake situation being handled through proper channels.",,,,,,,,,,,,,,,,,,,,,,
Event,Communication,Communication,Event_Communication_804,12/10/40 09:24,,,"Rodriguez, Davis here. Maintain current position with Mako at Nemo Reef. Security team arriving at 0600. Continue operating under permit #CR-7844 and keep tourism appearance. I'll update after meeting with Nadia tonight.",,,,,,,,,,,,,,,,,,,,,,
Event,Communication,Communication,Event_Communication_805,12/10/40 09:24,,,"Rodriguez, Davis here. Maintain current position with Mako at Nemo Reef. Security team arriving at 0600. Continue operating under permit #CR-7844 and keep tourism appearance. I'll update after meeting with Nadia tonight.",,,,,,,,,,,,,,,,,,,,,,
Event,Communication,Communication,Event_Communication_808,12/10/40 09:39,,,"Mako, Osprey here. Just confirming our 0800 departure tomorrow from Himark. My tourists are excited about the bay tour, but disappointed about Nemo Reef. Any alternative scenic spots you'd recommend since that area is off-limits?",,,,,,,,,,,,,,,,,,,,,,
Event,Communication,Communication,Event_Communication_809,12/10/40 09:41,,,"Remora, Mako here. Regarding your accelerated schedule request - we're proceeding as planned with V. Miesel's authorization. Security team arriving 0600 hours. Maintain tourism appearance and limited communications. Will integrate your timeline. Confirm receipt.",,,,,,,,,,,,,,,,,,,,,,
Event,Communication,Communication,Event_Communication_810,12/10/40 09:43,,,"Rodriguez, Remora here. How are the crew reassignments going? We need to maximize efficiency before harbor closure. Can you prep the stabilization equipment for full capacity testing tonight? Neptune wants 100% confirmation by 0400.",,,,,,,,,,,,,,,,,,,,,,
Event,Communication,Communication,Event_Communication_811,12/10/40 09:46,,,"Remora, Small Fry here. Crew reassignments are complete and stabilization equipment prepped for full capacity testing tonight. Team morale steady despite conservation vessel presence. Bringing all technical certifications for tomorrow's 0500 operation.",,,,,,,,,,,,,,,,,,,,,,
Event,Communication,Communication,Event_Communication_812,12/10/40 09:48,,,"Mako, Remora here. Stabilization equipment tested at full capacity - 100% operational. V. Miesel personnel transfer complete. Tourism appearance maintained. All systems ready for 0600 harbor closure. Awaiting final confirmation on security team integration.",,,,,,,,,,,,,,,,,,,,,,
Event,Communication,Communication,Event_Communication_815,12/10/40 09:49,,,"Osprey, Mako here. For tomorrow's tour, recommend Castaway Cove as an alternative - similar coral formations but less crowded. Departure confirmed for 0800 from Himark. Weather looks favorable. See you dockside.",,,,,,,,,,,,,,,,,,,,,,
Event,Communication,Communication,Event_Communication_817,12/10/40 09:51,,,"Mako, Osprey here. Thanks for confirming tomorrow's tour and the Castaway Cove recommendation. My tourists are packed and ready for 0800. Will they need additional sun protection for that area? Looking forward to working with your crew.",,,,,,,,,,,,,,,,,,,,,,
Event,Communication,Communication,Event_Communication_819,12/10/40 09:52,,,"Davis, Mako here. Final preparations on schedule. Security team integration confirmed for 0600. Maintain tourism appearance and minimal communications. All permissions secured through proper channels. Ready for harbor closure protocol.",,,,,,,,,,,,,,,,,,,,,,
Event,Communication,Communication,Event_Communication_820,12/10/40 09:53,,,Neptune to V. Miesel HQ. Radio silence protocols implemented. All logistics secured for critical path elements. Crews briefed on heightened security measures. Request permission to establish secondary communication channel in case of primary compromise.,,,,,,,,,,,,,,,,,,,,,,
Event,Communication,Communication,Event_Communication_821,12/10/40 09:54,,,V. Miesel HQ to Neptune. Secondary communication channel authorized. Use encryption protocol Delta-3 for sensitive transmissions. Continue heightened security measures. Keep us informed of any conservation vessel activity near your position.,,,,,,,,,,,,,,,,,,,,,,
Event,Communication,Communication,Event_Communication_822,12/10/40 09:55,,,"Neptune to Remora. All logistics confirmed for tomorrow's operation. Ensure your transferred crew is briefed on enhanced security protocols, especially Delta-3 encryption. Report any unusual conservation vessel activity immediately. Maintain operational discretion.",,,,,,,,,,,,,,,,,,,,,,
Event,Communication,Communication,Event_Communication_823,12/10/40 09:56,,,"Neptune, Remora here. All systems 100% operational and V. Miesel personnel fully integrated. Enhanced security protocols implemented with Delta-3 encryption active. No conservation vessel interference reported. Ready for 0600 harbor closure. Awaiting final go-ahead.",,,,,,,,,,,,,,,,,,,,,,
Event,Communication,Communication,Event_Communication_824,12/10/40 09:58,,,Neptune to V. Miesel HQ. Final logistics confirmed for operation at 0600. All crews operating under Delta-3 encryption. Conservation vessels still present but maintaining distance. Security protocols at maximum. Requesting confirmation of harbor closure timeline.,,,,,,,,,,,,,,,,,,,,,,
Event,Communication,Communication,Event_Communication_825,12/10/40 10:01,,,V. Miesel Shipping to Davis. Need you to oversee crew reallocation from Remora to Neptune immediately. Ensure strict confidentiality regarding permit #CR-7844 operations. Report any resistance or operational concerns directly to management.,,,,,,,,,,,,,,,,,,,,,,
Event,Communication,Communication,Event_Communication_826,12/10/40 10:21,,,"Reef Guardian, Serenity here. Thank you for the Dolphin Bay and Coral Cove recommendations. We'll be visiting one tomorrow. Quick question - has there been any unusual activity around Nemo Reef today? Received some confusing communications.",,,,,,,,,,,,,,,,,,,,,,
Event,Communication,Communication,Event_Communication_828,12/10/40 10:24,,,"Oceanus City Council, Reef Guardian reporting. Formally protesting today's denial of entry to Nemo Reef by Port Authority. This obstructs our mandated environmental monitoring. Request immediate explanation and restoration of access for conservation vessels.",,,,,,,,,,,,,,,,,,,,,,
Event,Communication,Communication,Event_Communication_831,12/10/40 10:55,,,"Green Guardians, Horizon here with urgent update. Documented vessel registrations show 7 unregistered boats at Nemo Reef. Equipment includes seabed drills and extraction pumps - clear mining preparation. Perfect evidence to challenge closure justification. Recommend immediate press conference with our findings.",,,,,,,,,,,,,,,,,,,,,,
Event,Communication,Communication,Event_Communication_833,12/10/40 10:58,,,"Oceanus City Council, Green Guardians leadership here. Our vessels have documented unregistered boats with seabed drills at Nemo Reef. This confirms our suspicion that the closure is facilitating unauthorized mining, not environmental protection. Expect full evidence presentation tomorrow.",,,,,,,,,,,,,,,,,,,,,,
Event,Communication,Communication,Event_Communication_834,12/10/40 10:59,,,"Green Guardians, Reef Guardian reporting. We've been denied access to Nemo Reef despite our conservation mandate. Port Authority blocked us citing closure orders. I've filed formal protests with City Council. Requesting organizational backing on this obstruction of environmental oversight.",,,,,,,,,,,,,,,,,,,,,,
Event,Communication,Communication,Event_Communication_836,12/10/40 11:02,,,"Horizon, Green Guardians HQ. Excellent work gathering evidence of unregistered vessels and mining equipment. Hold off on press conference for now - we'll present everything at tomorrow's Council meeting first. Continue monitoring and stay safe.",,,,,,,,,,,,,,,,,,,,,,
Event,Communication,Communication,Event_Communication_838,12/10/40 11:05,,,"EcoVigil, Horizon here. We've documented extensive evidence of mining equipment at Nemo Reef - seabed drills, extraction pumps, and 7 unregistered vessels. Could you help amplify this information through your public channels? The closure appears deliberately misleading.",,,,,,,,,,,,,,,,,,,,,,
Event,Communication,Communication,Event_Communication_840,12/10/40 11:07,,,"V. Miesel Shipping, Paackland Harbor here. Be advised that Nemo Reef is under mandatory closure starting tomorrow 0600 hours for 3 days. All shipping routes must avoid the area and 500-meter buffer zone. Strict enforcement in effect.",,,,,,,,,,,,,,,,,,,,,,
Event,Communication,Communication,Event_Communication_841,12/10/40 11:09,,,V. Miesel HQ to Rodriguez. Need immediate verification of all permits for Nemo Reef operations before 0600 closure. Double-check #CR-7844 documentation and ensure Neptune has everything necessary. Report any discrepancies within 3 hours.,,,,,,,,,,,,,,,,,,,,,,
Event,Communication,Communication,Event_Communication_842,12/10/40 11:11,,,"Davis, Small Fry here. Have verified permit #CR-7844 per V. Miesel request. All documentation appears in order for tomorrow's operation. Will you be confirming final details with the Boss tonight? Need anything from me for the 0600 security team?",,,,,,,,,,,,,,,,,,,,,,
Event,Communication,Communication,Event_Communication_844,12/10/40 11:14,,,Davis here to V. Miesel Shipping. Crew reallocation from Remora to Neptune underway as requested. Will maintain confidentiality regarding permit #CR-7844. Security team arrives 0600 tomorrow. Meeting Nadia tonight to finalize documentation.,,,,,,,,,,,,,,,,,,,,,,
Event,Communication,Communication,Event_Communication_845,12/10/40 11:14,,,Davis here to V. Miesel Shipping. Crew reallocation from Remora to Neptune underway as requested. Will maintain confidentiality regarding permit #CR-7844. Security team arrives 0600 tomorrow. Meeting Nadia tonight to finalize documentation.,,,,,,,,,,,,,,,,,,,,,,
Event,Communication,Communication,Event_Communication_846,12/10/40 11:17,,,V. Miesel HQ to Nadia. Need your immediate confirmation that all documentation for permit #CR-7844 is finalized before tomorrow's 0600 Nemo Reef closure. Davis mentioned meeting you tonight. Any complications we should be aware of?,,,,,,,,,,,,,,,,,,,,,,
Event,Communication,Communication,Event_Communication_847,12/10/40 11:19,,,This is Nadia. Documentation for permit #CR-7844 is complete. Meeting The Middleman at 2100 to handle final details. Recommend accelerating timeline due to EcoVigil's ROV approval. Shifting operations from southwest immediately. Will update after meeting.,,,,,,,,,,,,,,,,,,,,,,
Event,Communication,Communication,Event_Communication_849,12/10/40 11:20,,,"Oceanus EPA, this is Sentinel. Formally filing complaint regarding Nemo Reef closure. Our comprehensive water quality tests show normal parameters with no environmental hazards. Request immediate review of closure justification and transparency in decision-making process.",,,,,,,,,,,,,,,,,,,,,,
Event,Communication,Communication,Event_Communication_850,12/10/40 11:35,,,"Mako, Remora here. Final equipment check complete. Tourism facade maintained with minimal visibility. All reassigned crew briefed on Delta-3 protocols. Weather conditions optimal for morning operations. Requesting confirmation of exact security team integration point at harbor entrance.",,,,,,,,,,,,,,,,,,,,,,
Event,Communication,Communication,Event_Communication_851,12/10/40 12:52,,,"V. Miesel HQ to Neptune. Harbor closure timeline confirmed for 0600 tomorrow, lasting 3 days. Maintain Delta-3 encryption. Nadia securing final documentation for permit #CR-7844. Davis bringing additional crew and security team. Proceed as planned.",,,,,,,,,,,,,,,,,,,,,,
Event,Communication,Communication,Event_Communication_852,12/10/40 12:55,,,Neptune to Remora. Final confirmation: operation proceeds at 0600. Maintain strict Delta-3 encryption and security protocols. Monitor conservation vessel movements closely. Davis bringing additional support team. All systems green for harbor closure. Report any deviations immediately.,,,,,,,,,,,,,,,,,,,,,,
Event,Communication,Communication,Event_Communication_853,12/10/40 12:56,,,"Davis, Remora here. What's your ETA with the additional support team? Need to coordinate integration with security at harbor entrance. Confirm you have all Delta-3 encryption keys and harbor closure protocols ready for 0600.",,,,,,,,,,,,,,,,,,,,,,
Event,Communication,Communication,Event_Communication_855,12/10/40 12:57,,,Defender to Reef Guardian. Your access denial was per current maritime closure orders. All conservation vessels are restricted from Nemo Reef until further notice - no exceptions. This is standard protocol during the official closure period. Submit formal access requests through proper channels.,,,,,,,,,,,,,,,,,,,,,,
Event,Communication,Communication,Event_Communication_857,12/10/40 12:59,,,"Seawatch, Reef Guardian here. Will cover southeast quadrant immediately. Have you encountered any Port Authority vessels during your surveillance? We need comprehensive documentation of all activities in the area for our protest filing.",,,,,,,,,,,,,,,,,,,,,,
Event,Communication,Communication,Event_Communication_859,13/10/40 08:10,,,"The Lookout here! Just spotted a pod of dolphins near the reef this morning - absolutely incredible! The conservation vessels are still monitoring, but the wildlife seems undisturbed. Are we still meeting for birdwatching tomorrow? Heard there might be some rare shearwaters passing through.",,,,,,,,,,,,,,,,,,,,,,
Event,Communication,Communication,Event_Communication_860,13/10/40 08:12,,,"The Lookout, it's The Intern. I'll be there for our birdwatching session tomorrow. Excited about those shearwaters! I've packed my underwater camera too - might catch some dolphin footage if we're lucky. Conservation activity updates?",,,,,,,,,,,,,,,,,,,,,,
Event,Communication,Communication,Event_Communication_862,13/10/40 08:15,,,The Lookout here! Conservation vessels have increased activity - they're deploying underwater microphones around Nemo Reef now. Perfect conditions for our birdwatching tomorrow though! I've spotted three different osprey families near our usual spot. See you at 7!,,,,,,,,,,,,,,,,,,,,,,
Event,Communication,Communication,Event_Communication_864,13/10/40 08:17,,,"Mrs. Money, The Intern reporting. Conservation vessels have deployed underwater microphones around Nemo Reef. I've compiled all financial projections and photographic evidence as requested. Will arrive at our 0500 meeting with complete documentation. Anything else needed urgently?",,,,,,,,,,,,,,,,,,,,,,
Event,Communication,Communication,Event_Communication_866,13/10/40 08:19,,,"Boss, The Accountant here. Conservation vessels deploying underwater microphones around Nemo Reef. Meeting V. Miesel management at 10AM tomorrow. The Middleman confirms our 0500 meeting with enhanced encryption. Southwest clearance urgent after council pressure increased.",,,,,,,,,,,,,,,,,,,,,,
Event,Communication,Communication,Event_Communication_867,13/10/40 08:19,,,"Boss, The Accountant here. Conservation vessels deploying underwater microphones around Nemo Reef. Meeting V. Miesel management at 10AM tomorrow. The Middleman confirms our 0500 meeting with enhanced encryption. Southwest clearance urgent after council pressure increased.",,,,,,,,,,,,,,,,,,,,,,
Event,Communication,Communication,Event_Communication_869,13/10/40 08:21,,,"Davis, Nadia here. Need you to verify final equipment transport tonight at Nemo Reef. The Middleman reports increased surveillance. Ensure all operations follow encrypted protocols. Meet me at V. Miesel HQ tomorrow at 0900 to discuss contingency plans.",,,,,,,,,,,,,,,,,,,,,,
Event,Communication,Communication,Event_Communication_871,13/10/40 08:40,,,"Remora, Mako here. Security team integration point confirmed at south dock maintenance entrance. Use clearance code Delta-3-Coral at 0600. Tourism facade remains priority during final equipment transfer. Weather conditions remain favorable for operation.",,,,,,,,,,,,,,,,,,,,,,
Event,Communication,Communication,Event_Communication_873,13/10/40 08:42,,,"Davis, Remora here. Confirming night operations proceeding smoothly. Minimal comms maintained during equipment transfers. Conservation vessels at safe distance. Ready to receive your support team at south dock. Need your ETA for final coordination.",,,,,,,,,,,,,,,,,,,,,,
Event,Communication,Communication,Event_Communication_875,13/10/40 09:05,,,"Reef Guardian, Horizon here. Detecting unusual encrypted radio frequencies near Nemo Reef - appears to be coordinated vessel communications outside standard channels. Can you confirm similar signals from your position in east quadrant?",,,,,,,,,,,,,,,,,,,,,,
Event,Communication,Communication,Event_Communication_877,13/10/40 09:07,,,"Horizon, Reef Guardian responding. Confirming similar encrypted communications in southeast quadrant. This validates our suspicions of unauthorized activity during closure. Will triangulate signals and add to our documentation. Can you record frequency patterns for evidence?",,,,,,,,,,,,,,,,,,,,,,
Event,Communication,Communication,Event_Communication_879,13/10/40 09:08,,,"Seawatch, Horizon here. Have recorded frequency patterns of encrypted communications as requested. Detecting multiple transmission clusters near west reef edge. Can coordinate triangulation with your position to pinpoint source vessels. Maintain radio silence except on secure channel.",,,,,,,,,,,,,,,,,,,,,,
Event,Communication,Communication,Event_Communication_881,13/10/40 09:57,,,"Council, Liam Thorne here. I've redirected EcoVigil to the northern quadrant as requested. ROV deployment delayed until tomorrow afternoon. Western quadrant access remains restricted per protocol. Will provide full status report by 2200 hours.",,,,,,,,,,,,,,,,,,,,,,
Event,Communication,Communication,Event_Communication_882,13/10/40 09:59,,,"Green Guardians, Oceanus City Council here. Your allegations are serious and unfounded. Tomorrow's meeting is postponed pending internal review. All documentation must be submitted through official channels for verification before any public discussion.",,,,,,,,,,,,,,,,,,,,,,
Event,Communication,Communication,Event_Communication_884,13/10/40 11:44,,,Haacklee Harbor to Knowles. Your vessel is scheduled for departure at 22:00. Special clearance code Alpha-7-Delta has been issued for tonight's operation. Maintain radio silence after leaving the harbor. Confirm receipt.,,,,,,,,,,,,,,,,,,,,,,
Event,Communication,Communication,Event_Communication_886,13/10/40 11:45,,,Knowles to Haacklee Harbor. Confirming receipt of special clearance code Alpha-7-Delta. We will depart at 22:00 and maintain radio silence as instructed. All systems ready for tonight's operation.,,,,,,,,,,,,,,,,,,,,,,
Event,Communication,Communication,Event_Communication_888,13/10/40 11:47,,,Haacklee Harbor to Oceanus City Council. Update on Nemo Reef situation: Multiple vessels with special clearance codes departing tonight. Knowles confirmed 22:00 departure with radio silence protocol. Awaiting further instructions regarding increased night operations.,,,,,,,,,,,,,,,,,,,,,,
Event,Communication,Communication,Event_Communication_890,13/10/40 11:48,,,Himark Harbor to Neptune. Your personnel transport is scheduled for 0400 hours tomorrow. Please use clearance code ALPHA-937 for after-hours departure. Maintain radio silence during exit. Berth 14 reserved for your equipment loading.,,,,,,,,,,,,,,,,,,,,,,
Event,Communication,Communication,Event_Communication_891,13/10/40 11:51,,,Neptune to Davis. Berth 14 is secured for equipment loading at 0400 hours. Your security team's arrival is confirmed. Use clearance code ALPHA-937 for harbor access. Delta-3 encryption mandatory for all communications.,,,,,,,,,,,,,,,,,,,,,,
Event,Communication,Communication,Event_Communication_893,13/10/40 11:55,,,"Rodriguez, Remora here. Need your navigation expertise for tonight's equipment transfer. Maintain radio silence during operation, using only essential hand signals. Conservation vessels observed at perimeter. Meet at south dock at 0200.",,,,,,,,,,,,,,,,,,,,,,
Event,Communication,Communication,Event_Communication_895,13/10/40 12:14,,,"Sentinel, Reef Guardian here. Thank you for your surveillance report. Are these vessels displaying any identification? Request you continue monitoring and document any cargo transfers. This evidence is crucial for our case against this suspicious closure.",,,,,,,,,,,,,,,,,,,,,,
Event,Communication,Communication,Event_Communication_897,13/10/40 12:15,,,"Mako, Sentinel here. Currently tracking four vessels operating near Nemo Reef at 02:30 hours despite closure. No identifying markers, running dark with minimal wake. Exchanging large equipment containers. Do you have aerial visibility to confirm identities?",,,,,,,,,,,,,,,,,,,,,,
Event,Communication,Communication,Event_Communication_898,13/10/40 12:17,,,"Sentinel, Mako here. No aerial visibility available. Those vessels are NOT part of our authorized operation. Maintain distance and continue observation only. Do not approach or make contact. Report any additional activity immediately.",,,,,,,,,,,,,,,,,,,,,,
Event,Communication,Communication,Event_Communication_899,13/10/40 12:20,,,"Reef Guardian, Sentinel here. Update on suspicious vessels: Four vessels now operating, still unidentified. They're transferring what appears to be drilling equipment. Water samples near their location show trace amounts of diesel fuel. Continuing documentation with night-vision photography.",,,,,,,,,,,,,,,,,,,,,,
Event,Communication,Communication,Event_Communication_901,13/10/40 12:22,,,"Green Guardians, Reef Guardian reporting. Compiling evidence from multiple vessels shows unauthorized activity at Nemo Reef during closure - encrypted communications, equipment transfers, and fuel contamination. Request immediate regulatory intervention and press conference to challenge this clearly suspicious closure.",,,,,,,,,,,,,,,,,,,,,,
Event,Communication,Communication,Event_Communication_902,13/10/40 12:24,,,"Oceanus City Council, Green Guardians leadership here. We strongly protest the meeting postponement. Our evidence is substantial and time-sensitive. We demand an emergency session within 24 hours and will pursue legal action if environmental violations continue unaddressed.",,,,,,,,,,,,,,,,,,,,,,
Event,Communication,Communication,Event_Communication_903,13/10/40 12:27,,,"Paackland Harbor, Oceanus City Council here. Implement immediate night operation protocols for vessels with special clearance codes. Maintain strict radio silence and expedite departures. Report any conservation vessels attempting documentation near Nemo Reef.",,,,,,,,,,,,,,,,,,,,,,
Event,Communication,Communication,Event_Communication_905,13/10/40 12:29,,,"Sentinel, Paackland Harbor here. Be advised of night operations protocol now in effect. Vessels with special clearance codes will be departing after hours. Maintain distance from these authorized operations per council directive.",,,,,,,,,,,,,,,,,,,,,,
Event,Communication,Communication,Event_Communication_908,13/10/40 12:31,,,"Green Guardians, Sentinel here. Night observation reveals five vessels now at Nemo Reef. Special clearance codes mentioned by Harbor Master. Water samples show increased diesel contamination. Documented activity with thermal imaging. Request guidance on next steps.",,,,,,,,,,,,,,,,,,,,,,
Event,Communication,Communication,Event_Communication_910,13/10/40 12:34,,,"Seawatch, Green Guardians HQ here. We need you to coordinate with Sentinel and Horizon to gather additional evidence at Nemo Reef. Focus on water sample collection and documenting vessel movements. Council meeting postponed, but we're pressing for emergency session.",,,,,,,,,,,,,,,,,,,,,,
Event,Communication,Communication,Event_Communication_912,13/10/40 12:36,,,"Sentinel, The Lookout here. Using long-range equipment to document west reef activity. Spotted what appears to be a music video shoot with lighting rigs and camera equipment. Can't confirm details at this distance. Can you get closer for verification?",,,,,,,,,,,,,,,,,,,,,,
Event,Communication,Communication,Event_Communication_914,13/10/40 12:38,,,"Mako, Sentinel here. Following your instruction to maintain distance. Five vessels now operating at Nemo Reef with Paackland Harbor's special clearance. They've installed temporary lighting structures and large cylindrical equipment. Continuing documentation.",,,,,,,,,,,,,,,,,,,,,,
Event,Communication,Communication,Event_Communication_916,13/10/40 12:40,,,"Davis, Mako here. Unauthorized vessels detected at Nemo Reef operating with Paackland clearance. Possible security breach. Proceed with heightened caution during our operation. Maintain radio silence except for emergencies. Will await your assessment.",,,,,,,,,,,,,,,,,,,,,,
Event,Communication,Communication,Event_Communication_919,13/10/40 12:41,,,"Mako, Reef Guardian here. We're gathering substantial evidence of unauthorized activity at Nemo Reef during this suspicious closure. Can you patrol the western boundary and document any vessel movements or equipment transfers? Need comprehensive coverage for our case.",,,,,,,,,,,,,,,,,,,,,,
Event,Communication,Communication,Event_Communication_920,13/10/40 12:44,,,"Reef Guardian, Mako here. Negative on your request. We operate strictly as a tourism vessel and cannot assist with surveillance. Suggest contacting proper authorities if you suspect illegal activities. Maintaining our scheduled route.",,,,,,,,,,,,,,,,,,,,,,
Event,Communication,Communication,Event_Communication_921,13/10/40 12:45,,,"The Intern here, Lookout. I'm packed for our 7AM birdwatching. Have you noticed any unusual vessel movements during dawn hours? I'll bring coffee and those specialty binoculars Mrs. Money lent me. Excited about those shearwaters!",,,,,,,,,,,,,,,,,,,,,,
Event,Communication,Communication,Event_Communication_923,13/10/40 12:48,,,"The Lookout here, Intern! Just spotted those conservation vessels moving equipment to the eastern side of Nemo Reef. Perfect morning for our birdwatching! I've brought my special spotting scope - those shearwaters should be visible from our usual spot. See you at 7!",,,,,,,,,,,,,,,,,,,,,,
Event,Communication,Communication,Event_Communication_925,13/10/40 12:49,,,"Mrs. Money, The Intern here. I'll bring special binoculars to our 0500 meeting. The Lookout reports conservation vessels moving equipment to eastern Nemo Reef. Should I conduct reconnaissance before our meeting? All documentation ready as requested.",,,,,,,,,,,,,,,,,,,,,,
Event,Communication,Communication,Event_Communication_926,13/10/40 12:57,,,"Horizon, The Lookout here. Regarding that music video activity - can you use your signal equipment to verify? Strange to see lighting rigs and cameras at this hour. Could be cover for something else. Need better visuals than my equipment can provide.",,,,,,,,,,,,,,,,,,,,,,
Event,Communication,Communication,Event_Communication_928,13/10/40 13:18,,,"Oceanus City Council, Paackland Harbor reporting. Night operations proceeding as directed with minimal radio communication. Two special clearance vessels departed at 0200 hours. No conservation vessels detected in proximity to operations. Awaiting further instructions.",,,,,,,,,,,,,,,,,,,,,,
Event,Communication,Communication,Event_Communication_930,13/10/40 13:20,,,"Liam, Oceanus City Council here. Require immediate status report on EcoVigil positioning. Ensure Western quadrant remains completely restricted through next 48 hours. Prioritize monitoring any unauthorized conservation vessels near restricted zones. Report directly to me.",,,,,,,,,,,,,,,,,,,,,,
Event,Communication,Communication,Event_Communication_933,13/10/40 13:23,,,"Council, Liam Thorne reporting. Western quadrant restriction confirmed for 48 hours. EcoVigil redirected north as instructed. Unauthorized vessel monitoring in place. Will submit detailed report by 2200 hours as promised.",,,,,,,,,,,,,,,,,,,,,,
Event,Communication,Communication,Event_Communication_935,14/10/40 08:06,,,"The Lookout checking in, Intern! Just spotted the conservation vessels deploying drones with cameras over Nemo Reef. They seem determined! Perfect weather for our birdwatching tomorrow though. I've packed extra snacks for our early start!",,,,,,,,,,,,,,,,,,,,,,
Event,Communication,Communication,Event_Communication_936,14/10/40 08:07,,,"The Intern here, Lookout. Noticed the conservation drones during my morning run. Will bring my camera with telephoto lens to our birdwatching. Do you think those drones will disturb our shearwater watching? I'll arrive at 6:45 to set up.",,,,,,,,,,,,,,,,,,,,,,
Event,Communication,Communication,Event_Communication_937,14/10/40 08:08,,,"The Lookout here, Intern! The conservation drones shouldn't disturb our shearwater watching - they're focusing on the reef area. I've spotted a rare peregrine falcon this morning too! 6:45 works perfectly, I'll bring my field guide.",,,,,,,,,,,,,,,,,,,,,,
Event,Communication,Communication,Event_Communication_939,14/10/40 08:30,,,"Sailor Shifts, this is Remora. Vessel prepared for your crew's arrival at 0600. South dock entrance secured with Delta-3-Coral clearance. All tourism facades in place. Need confirmation of any special equipment requirements for the shoot.",,,,,,,,,,,,,,,,,,,,,,
Event,Communication,Communication,Event_Communication_940,14/10/40 08:31,,,"Remora, Glitter's Team here. Confirming equipment needs for tomorrow: bring standard video gear plus underwater lighting rigs. We'll have 6 additional crew arriving at 0530. Delta-3-Coral clearance confirmed. Nadia approved everything.",,,,,,,,,,,,,,,,,,,,,,
Event,Communication,Communication,Event_Communication_943,14/10/40 08:34,,,"Nadia, Remora vessel reporting. All preparations for Sailor Shifts complete at south dock. Delta-3 protocols active, tourism facade maintained. Conservation vessels being monitored. Need final approval for underwater lighting placement at Nemo Reef.",,,,,,,,,,,,,,,,,,,,,,
Event,Communication,Communication,Event_Communication_945,14/10/40 08:37,,,"Reef Guardian, Serenity here. We've decided to visit Dolphin Bay tomorrow morning. Noticed unusual radio traffic about Nemo Reef - some vessel called Neptune mistook us for part of an operation there. Is there something we should know about?",,,,,,,,,,,,,,,,,,,,,,
Event,Communication,Communication,Event_Communication_949,14/10/40 08:40,,,"EcoVigil, Reef Guardian here. Port Authority blocking our approach to Nemo Reef. Can you deploy aerial drones for documentation? We need visual evidence of activities during this closure. Will coordinate with other vessels to create distraction if needed.",,,,,,,,,,,,,,,,,,,,,,
Event,Communication,Communication,Event_Communication_950,14/10/40 08:58,,,"The Accountant, it's The Middleman. Council's breathing down my neck. Meeting with Boss at 2100 tonight. Need your financial records for southwest operations by morning. Bring everything to our 0500 meeting. Delete all digital traces.",,,,,,,,,,,,,,,,,,,,,,
Event,Communication,Communication,Event_Communication_951,14/10/40 08:59,,,"The Middleman, this is The Accountant. Financial records for southwest operations prepared with triple encryption. I'm reviewing V. Miesel's vulnerabilities now. Will bring physical copies only to 0500. Confirm meeting location - standard spot?",,,,,,,,,,,,,,,,,,,,,,
Event,Communication,Communication,Event_Communication_953,14/10/40 09:00,,,"Council, Liam Thorne with urgent update. Western quadrant cleanup proceeding on schedule. EcoVigil successfully contained to northern areas. Request additional security personnel for overnight monitoring of restricted zone perimeter.",,,,,,,,,,,,,,,,,,,,,,
Event,Communication,Communication,Event_Communication_955,14/10/40 09:02,,,"Remora, Small Fry here. Will meet at south dock at 0200 for equipment transfer. Navigation charts prepared and team briefed on silent protocols. Conservation vessel positions mapped for optimal routing. Ready for your instructions.",,,,,,,,,,,,,,,,,,,,,,
Event,Communication,Communication,Event_Communication_958,14/10/40 09:04,,,"V. Miesel, this is Remora. Operation proceeding as planned. Equipment transfer completed at south dock. Maintaining tourism facade successfully. Need authorization for additional fuel allocation due to extended perimeter monitoring. Boss's protocols fully implemented.",,,,,,,,,,,,,,,,,,,,,,
Event,Communication,Communication,Event_Communication_960,14/10/40 09:28,,,"Horizon, EcoVigil here. Deployed aerial drones over Nemo Reef as requested. Surprising findings - appears to be a video production with cameras, lighting rigs, and performers. No evidence of mining equipment. Sending footage to your secure channel now.",,,,,,,,,,,,,,,,,,,,,,
Event,Communication,Communication,Event_Communication_961,14/10/40 09:30,,,"Horizon to Green Guardians. Video evidence from EcoVigil confirms this is a music video production, not mining operation. Am broadcasting live updates to public channels, showing footage of performers, cameras and lighting equipment. Revising earlier assessment accordingly.",,,,,,,,,,,,,,,,,,,,,,
Event,Communication,Communication,Event_Communication_963,14/10/40 09:55,,,"Davis, Mako here. Operation complete at Nemo Reef. All equipment secured and tourism facade maintained throughout. The Boss expressed satisfaction with arrangements. Crew celebrating discreetly at south dock. Return to standard protocols at 2200.",,,,,,,,,,,,,,,,,,,,,,
Event,Communication,Communication,Event_Communication_964,14/10/40 09:56,,,Davis to Mako. Well done on Nemo Reef operation completion. Glad to hear the Boss is satisfied. I'll be at south dock by 2130 to debrief and review equipment inventory before final transport. Maintain standard security protocols.,,,,,,,,,,,,,,,,,,,,,,
Event,Communication,Communication,Event_Communication_965,14/10/40 10:54,,,"Seawatch, Sentinel here. Confirming your observation - definitely appears to be a music video production. Multiple lighting rigs, camera equipment, and personnel visible. No signs of drilling or environmental damage as initially suspected. Keeping distance as instructed.",,,,,,,,,,,,,,,,,,,,,,
Event,Communication,Communication,Event_Communication_968,14/10/40 10:58,,,"Reef Guardian, Green Guardians HQ here. Thank you for your detailed report. Though Horizon confirms this was a music video shoot, we still need to investigate the environmental impact and permit violations. Continue monitoring water contamination levels and document all activities.",,,,,,,,,,,,,,,,,,,,,,
Event,Communication,Communication,Event_Communication_970,14/10/40 11:00,,,"Port Authority, Reef Guardian here. We're conducting legitimate conservation monitoring at Nemo Reef. On what grounds are you preventing our approach? We have jurisdiction to monitor protected marine areas. Request immediate clarification and access.",,,,,,,,,,,,,,,,,,,,,,
Event,Communication,Communication,Event_Communication_974,14/10/40 11:32,,,"EcoVigil, Reef Guardian here. Any success with drone deployment? Port Authority continues blocking our approach. We're attempting to coordinate with Sentinel for comprehensive documentation. Need aerial footage of equipment and activities at Nemo Reef urgently.",,,,,,,,,,,,,,,,,,,,,,
Event,Communication,Communication,Event_Communication_976,14/10/40 11:33,,,"Sentinel, EcoVigil here. Drone footage confirms video production at Nemo Reef - performers, cameras, lighting equipment. No mining activity observed. Can you verify from your position? Appears to be music video shoot disguised as environmental closure.",,,,,,,,,,,,,,,,,,,,,,
Event,Communication,Communication,Event_Communication_977,14/10/40 11:36,,,"EcoVigil, Sentinel here. Can confirm your drone footage findings - definitely a music video production. Multiple performers, equipment, and crew visible. No signs of environmental damage or mining activity. Security remains tight but situation appears benign.",,,,,,,,,,,,,,,,,,,,,,
Event,Communication,Communication,Event_Communication_979,14/10/40 11:37,,,"Horizon broadcasting to Oceanus City Council. Live streaming evidence from Nemo Reef showing full video production underway - performers, lighting rigs, and filming equipment visible. No environmental assessment was conducted before this commercial activity. Footage available on public channels now.",,,,,,,,,,,,,,,,,,,,,,
Event,Communication,Communication,Event_Communication_981,14/10/40 12:12,,,Neptune to Davis. Confirm arrival with security team at Berth 14. Weather conditions optimal. Conservation vessels still present but maintaining distance. Maintain Delta-3 encryption for all communications. Ready to execute at 0400.,,,,,,,,,,,,,,,,,,,,,,
Event,Communication,Communication,Event_Communication_982,14/10/40 12:13,,,"Rodriguez, Davis here. Need you at south dock by 2200 to supervise equipment breakdown and inventory after Nemo Reef operation. Ensure all items are properly logged and secured for transport back to headquarters.",,,,,,,,,,,,,,,,,,,,,,
Event,Communication,Communication,Event_Communication_984,14/10/40 12:14,,,"Davis, Small Fry here. I'll be at south dock at 2200 as requested for equipment breakdown. Have already prepared inventory sheets and secured extra transport containers. Should I coordinate with Remora about our 0200 equipment transfer after your operation?",,,,,,,,,,,,,,,,,,,,,,
Event,Communication,Communication,Event_Communication_986,14/10/40 12:16,,,"Remora, Davis here. Will arrive at south dock with team at 2100 hours for equipment coordination. Rodriguez joining us at 2200 for inventory. Confirm all conservation vessels still maintaining distance. Standard security protocols remain in effect.",,,,,,,,,,,,,,,,,,,,,,
Event,Communication,Communication,Event_Communication_987,14/10/40 12:17,,,"Mako, this is Knowles. We're positioned southwest of your location, maintaining distance as instructed. Visibility good, moving to designated coordinates for tonight's operation. Will hold position and await further instructions.",,,,,,,,,,,,,,,,,,,,,,
Event,Communication,Communication,Event_Communication_989,14/10/40 12:18,,,"Himark Harbor, Mako here. Requesting priority berth for tonight at 2300 hours. Completed successful charter at Nemo Reef, need to offload special equipment and accommodate celebrating crew. The Boss sends appreciation for your continued discretion.",,,,,,,,,,,,,,,,,,,,,,
Event,Communication,Communication,Event_Communication_991,14/10/40 12:31,,,"Horizon, The Lookout here. Deployed second wave of aerial drones over Nemo Reef but facing stronger interference than before. Can you boost our signal strength or provide counter-jamming technology? Need to capture clear footage of ongoing activities.",,,,,,,,,,,,,,,,,,,,,,
Event,Communication,Communication,Event_Communication_993,14/10/40 12:47,,,Himark Harbor to Oceanus City Council. Security protocols for Nemo Reef operation complete. Coordinated 37 vessels successfully - all authorized personnel accounted for. Neptune equipment extraction on schedule. Seawatch attempted documentation but was kept at perimeter. Awaiting further instructions.,,,,,,,,,,,,,,,,,,,,,,
Event,Communication,Communication,Event_Communication_994,14/10/40 12:50,,,"Green Guardians, Oceanus City Council here. Your emergency session request is denied. Our environmental review team requires 72 hours to properly assess your claims. Legal threats will not expedite this process. Submit documentation through official channels.",,,,,,,,,,,,,,,,,,,,,,
Event,Communication,Communication,Event_Communication_997,14/10/40 12:51,,,"EcoVigil, Green Guardians HQ here. Your video evidence has been invaluable. Please continue monitoring Nemo Reef for environmental impacts. Document any cleanup efforts or lack thereof as vessels depart. We're building a case for regulatory action despite Council delays.",,,,,,,,,,,,,,,,,,,,,,
Event,Communication,Communication,Event_Communication_999,14/10/40 13:31,,,Defender to Mako. Be advised that conservation vessel Reef Guardian may attempt unauthorized entry to Nemo Reef. Maintain strict perimeter enforcement. Any vessels without proper clearance must be turned away immediately. Report any confrontations.,,,,,,,,,,,,,,,,,,,,,,
Event,Communication,Communication,Event_Communication_1001,14/10/40 13:34,,,"Knowles, Mako here. Proceed to southern dock at 2200 for equipment transfer. The Boss is pleased with operation results. Maintain radio silence until arrival. Davis will debrief at 2130. Celebration underway but security protocols remain in effect.",,,,,,,,,,,,,,,,,,,,,,
Event,Communication,Communication,Event_Communication_1003,14/10/40 13:35,,,"Davis, this is Knowles. Approaching southern dock for 22:00 equipment transfer as instructed by Mako. All systems operational and crew ready. Awaiting your debrief at 21:30. Maintaining security protocols.",,,,,,,,,,,,,,,,,,,,,,
Event,Assessment,Assessment,Event_Assessment_14,1/10/40 08:52,,,,documentation,excellent conditions at Azure Cove,,,,,,,,,,,,,,,,,,,,
Event,Assessment,Assessment,Event_Assessment_18,1/10/40 09:02,,,,documentation,Coral Point has excellent visibility but too exposed for filming. Dolphin Bay offers privacy but those currents will be challenging for equipment setup.,,,,,,,,,,,,,,,,,,,,
Event,Assessment,Assessment,Event_Assessment_41,1/10/40 10:56,,,,,Reviewed Nemo Reef reports and coordinating with harbor masters,,,,,,,,,,,,,,,,,,,,
Event,Assessment,Assessment,Event_Assessment_56,,,,,documentation,good conditions at Azure Cove and challenging currents at Dolphin Bay,,,,,,,,,,,,,,,,,,,,
Event,Assessment,Assessment,Event_Assessment_65,1/10/40 12:27,,,,site survey,Reconnaissance showed optimal lighting conditions in northwest section of Nemo Reef,,,,,,,,,,,,,,,,,,,,
Event,Assessment,Assessment,Event_Assessment_101,,,,,environmental assessment,,,,,,,,,,,,,,,,,,,,,
Event,Assessment,Assessment,Event_Assessment_114,,,,,site survey,"The Coral Point exposure is concerning, and those Dolphin Bay currents could damage equipment.",,,,,,,,,,,,,,,,,,,,
Event,Assessment,Assessment,Event_Assessment_172,3/10/40 08:44,,,,documentation,Five unauthorized tourism vessels near Nemo Reef today. Concerning pattern emerging. Suspect some operators may be attempting to circumvent restrictions.,,,,,,,,,,,,,,,,,,,,
Event,Assessment,Assessment,Event_Assessment_174,3/10/40 08:46,,,,documentation,numerous violations of protected marine zones near Nemo Reef,,,,,,,,,,,,,,,,,,,,
Event,Assessment,Assessment,Event_Assessment_198,3/10/40 09:28,,,,site survey,Southern coastline scouted for alternative filming sites; Nemo Reef identified as potential location with 'special arrangements' for certain clients,,,,,,,,,,,,,,,,,,,,
Event,Assessment,Assessment,Event_Assessment_223,3/10/40 10:19,,,,site survey,Nemo Reef seems problematic. Several promising spots identified along southern coastline.,,,,,,,,,,,,,,,,,,,,
Event,Assessment,Assessment,Event_Assessment_329,4/10/40 00:00,,,,site survey,Prepared necessary documentation for Nemo Reef event logistics; special access corridor arrangements discussed,,,,,,,,,,,,,,,,,,,,
Event,Assessment,Assessment,Event_Assessment_337,5/10/40 09:52,,,,environmental assessment,"Mako's activities near Nemo Reef appear to be conducting legitimate environmental sampling, but with some unusual vessel traffic in the area",,,,,,,,,,,,,,,,,,,,
Event,Assessment,Assessment,Event_Assessment_445,7/10/40 08:14,,,,documentation,Lookout provided photos of the fragile crates at harbor. Neptune's using unusual loading equipment. V. Miesel shipping lanes appear to overlap with new Mako corridors by 40%.,,,,,,,,,,,,,,,,,,,,
Event,Assessment,Assessment,Event_Assessment_463,7/10/40 09:38,,,,documentation,Eastern reef route documentation prepared for review,,,,,,,,,,,,,,,,,,,,
Event,Assessment,Assessment,Event_Assessment_488,7/10/40 10:36,,,,documentation,,,,,,,,,,,,,,,,,,,,,
Event,Assessment,Assessment,Event_Assessment_492,7/10/40 11:02,,,,,Route A has insufficient water depth for combined weight load and equipment transfer. Route C offers calmer waters for fragile equipment.,,,,,,,,,,,,,,,,,,,,
Event,Assessment,Assessment,Event_Assessment_522,8/10/40 08:10,,,,,Neptune people working at night at Nemo Reef doing 'underwater foundation work',,,,,,,,,,,,,,,,,,,,
Event,Assessment,Assessment,Event_Assessment_567,8/10/40 11:05,,,,documentation,Documented Neptune personnel exchanging unmarked containers with civilian vessels at Nemo Reef. Deep-substrate extraction tools identified - completely inappropriate for protected area. Executive observers present.,,,,,,,,,,,,,,,,,,,,
Event,Assessment,Assessment,Event_Assessment_583,8/10/40 11:23,,,,documentation,Davis will provide documentation regarding eastern shoal routes tonight,,,,,,,,,,,,,,,,,,,,
Event,Assessment,Assessment,Event_Assessment_600,9/10/40 08:54,,,,site survey,Permanent underwater construction confirmed at Nemo Reef. Concrete forms suggesting structures beyond equipment installation.,,,,,,,,,,,,,,,,,,,,
Event,Assessment,Assessment,Event_Assessment_609,9/10/40 10:20,,,,documentation,Identified unauthorized deep-sea extraction equipment at Nemo Reef. Multiple executive personnel supervising from distance. Evidence of container transfers between Neptune's team and unmarked civilian vessels.,,,,,,,,,,,,,,,,,,,,
Event,Assessment,Assessment,Event_Assessment_625,9/10/40 10:39,,,,documentation,,,,,,,,,,,,,,,,,,,,,
Event,Assessment,Assessment,Event_Assessment_628,,,,,documentation,suspicious extraction activities at Nemo Reef contradicting official environmental protection claims,,,,,,,,,,,,,,,,,,,,
Event,Assessment,Assessment,Event_Assessment_650,10/10/40 08:12,,,,documentation,,,,,,,,,,,,,,,,,,,,,
Event,Assessment,Assessment,Event_Assessment_691,,,,,documentation,Documented suspicious extraction activities and industrial equipment deliveries contradicting environmental closure claims at Nemo Reef.,,,,,,,,,,,,,,,,,,,,
Event,Assessment,Assessment,Event_Assessment_701,10/10/40 05:00,,,,documentation,Compile evidence of concrete structures and V. Miesel's shipping expansion plans,,,,,,,,,,,,,,,,,,,,
Event,Assessment,Assessment,Event_Assessment_703,10/10/40 05:00,,,,documentation,"evidence of concrete structures and V. Miesel's expansion plans, unusual movement at harbor",,,,,,,,,,,,,,,,,,,,
Event,Assessment,Assessment,Event_Assessment_729,11/10/40 05:00,,,,documentation,photographic evidence of V. Miesel's structures,,,,,,,,,,,,,,,,,,,,
Event,Assessment,Assessment,Event_Assessment_765,11/10/40 10:09,,,,documentation,Project Poseidon: Resource Extraction Phase classification markings photographed. Conservation vessels conducting environmental surveys but restricted from certain areas.,,,,,,,,,,,,,,,,,,,,
Event,Assessment,Assessment,Event_Assessment_786,11/10/40 10:47,,,,documentation,37 vessels operating within Nemo Reef - 23 logistics and 14 tourism boats,,,,,,,,,,,,,,,,,,,,
Event,Assessment,Assessment,Event_Assessment_791,11/10/40 10:52,,,,documentation,37 vessels operating in Nemo Reef despite closure. Harbor claims they're 'authorized maintenance vessels'.,,,,,,,,,,,,,,,,,,,,
Event,Assessment,Assessment,Event_Assessment_837,12/10/40 11:05,,,,documentation,"Extensive evidence of mining equipment at Nemo Reef - seabed drills, extraction pumps, and 7 unregistered vessels.",,,,,,,,,,,,,,,,,,,,
Event,Assessment,Assessment,Event_Assessment_966,14/10/40 10:58,,,,environmental assessment,Need to investigate environmental impact and permit violations from music video shoot. Continuing to monitor water contamination levels and document activities.,,,,,,,,,,,,,,,,,,,,
Event,Assessment,Assessment,Event_Assessment_973,14/10/40 11:32,,,,documentation,Aerial footage needed of equipment and activities at Nemo Reef. Drone deployment blocked by Port Authority. Attempting to coordinate with Sentinel.,,,,,,,,,,,,,,,,,,,,
Event,Assessment,Assessment,Event_Assessment_996,14/10/40 12:51,,,,documentation,Video evidence collected at Nemo Reef showing environmental impacts,,,,,,,,,,,,,,,,,,,,
Event,VesselMovement,VesselMovement,Event_VesselMovement_25,1/10/40 09:58,,,,,,,Himark Harbor,,,,,,,,,,,,,,,,,,
Event,VesselMovement,VesselMovement,Event_VesselMovement_122,2/10/40 12:09,,,,,,returning to port,Himark,,,,,,,,,,,,,,,,,,
Event,VesselMovement,VesselMovement,Event_VesselMovement_154,,,,,,,rendezvous,slip #14,,,,,,,,,,,,,,,,,,
Event,VesselMovement,VesselMovement,Event_VesselMovement_157,2/10/40 16:00,,,,,,rendezvous,Himark's south dock,,,,,,,,,,,,,,,,,,
Event,VesselMovement,VesselMovement,Event_VesselMovement_190,,,,,,,returning to port,Himark Harbor,,,,,,,,,,,,,,,,,,
Event,VesselMovement,VesselMovement,Event_VesselMovement_210,3/10/40 18:00,,,,,,rendezvous,western perimeter,,,,,,,,,,,,,,,,,,
Event,VesselMovement,VesselMovement,Event_VesselMovement_242,4/10/40 08:03,,,,,,,Nemo Reef,,,,,,,,,,,,,,,,,,
Event,VesselMovement,VesselMovement,Event_VesselMovement_284,4/10/40 11:03,,,,,,,deeper waters past the eastern shoals,,,,,,,,,,,,,,,,,,
Event,VesselMovement,VesselMovement,Event_VesselMovement_288,,,,,,,,deeper waters beyond the shoals,,,,,,,,,,,,,,,,,,
Event,VesselMovement,VesselMovement,Event_VesselMovement_300,4/10/40 08:30,,,,,,departure,Eastern Islands Survey,,,,,,,,,,,,,,,,,,
Event,VesselMovement,VesselMovement,Event_VesselMovement_303,4/10/40 08:30,,,,,,departure,Eastern Islands Survey,,,,,,,,,,,,,,,,,,
Event,VesselMovement,VesselMovement,Event_VesselMovement_326,5/10/40 08:58,,,,,,departure,Remora,,,,,,,,,,,,,,,,,,
Event,VesselMovement,VesselMovement,Event_VesselMovement_344,5/10/40 10:02,,,,,,departure,,,,,,,,,,,,,,,,,,,
Event,VesselMovement,VesselMovement,Event_VesselMovement_363,5/10/40 10:36,,,,,,departure,Nemo Reef,,,,,,,,,,,,,,,,,,
Event,VesselMovement,VesselMovement,Event_VesselMovement_393,,,,,,,,Nemo Reef,,,,,,,,,,,,,,,,,,
Event,VesselMovement,VesselMovement,Event_VesselMovement_402,,,,,,,,Himark,,,,,,,,,,,,,,,,,,
Event,VesselMovement,VesselMovement,Event_VesselMovement_418,6/10/40 12:27,,,,,,departure,,,,,,,,,,,,,,,,,,,
Event,VesselMovement,VesselMovement,Event_VesselMovement_483,7/10/40 10:33,,,,,,,southern boundary,,,,,,,,,,,,,,,,,,
Event,VesselMovement,VesselMovement,Event_VesselMovement_494,8/10/40 06:00,,,,,,rendezvous,eastern reef,,,,,,,,,,,,,,,,,,
Event,VesselMovement,VesselMovement,Event_VesselMovement_495,8/10/40 06:00,,,,,,rendezvous,eastern reef,,,,,,,,,,,,,,,,,,
Event,VesselMovement,VesselMovement,Event_VesselMovement_503,8/10/40 06:00,,,,,,rendezvous,Eastern reef route,,,,,,,,,,,,,,,,,,
Event,VesselMovement,VesselMovement,Event_VesselMovement_509,8/10/40 05:30,,,,,,,Nemo Reef,,,,,,,,,,,,,,,,,,
Event,VesselMovement,VesselMovement,Event_VesselMovement_510,8/10/40 05:30,,,,,,rendezvous,Nemo Reef,,,,,,,,,,,,,,,,,,
Event,VesselMovement,VesselMovement,Event_VesselMovement_516,8/10/40 06:00,,,,,,rendezvous,Nemo Reef,,,,,,,,,,,,,,,,,,
Event,VesselMovement,VesselMovement,Event_VesselMovement_540,9/10/40 05:00,,,,,,rendezvous,Nemo Reef,,,,,,,,,,,,,,,,,,
Event,VesselMovement,VesselMovement,Event_VesselMovement_549,8/10/40 19:00,,,,,,rendezvous,Nemo Reef,,,,,,,,,,,,,,,,,,
Event,VesselMovement,VesselMovement,Event_VesselMovement_563,8/10/40 11:01,,,,,,,southern boundary of Nemo Reef,,,,,,,,,,,,,,,,,,
Event,VesselMovement,VesselMovement,Event_VesselMovement_569,8/10/40 11:08,,,,,,departure,Nemo Reef,,,,,,,,,,,,,,,,,,
Event,VesselMovement,VesselMovement,Event_VesselMovement_577,8/10/40 11:16,,,,,,returning to port,Himark Harbor,,,,,,,,,,,,,,,,,,
Event,VesselMovement,VesselMovement,Event_VesselMovement_580,8/10/40 11:20,,,,,,,Himark,,,,,,,,,,,,,,,,,,
Event,VesselMovement,VesselMovement,Event_VesselMovement_624,9/10/40 10:39,,,,,,departure,Nemo Reef's Western quadrant,,,,,,,,,,,,,,,,,,
Event,VesselMovement,VesselMovement,Event_VesselMovement_629,,,,,,,departure,eastern quadrant of Nemo Reef,,,,,,,,,,,,,,,,,,
Event,VesselMovement,VesselMovement,Event_VesselMovement_634,,,,,,,,Himark Harbor,,,,,,,,,,,,,,,,,,
Event,VesselMovement,VesselMovement,Event_VesselMovement_670,10/10/40 09:56,,,,,,departure,Western quadrant,,,,,,,,,,,,,,,,,,
Event,VesselMovement,VesselMovement,Event_VesselMovement_798,12/10/40 08:59,,,,,,,north section,,,,,,,,,,,,,,,,,,
Event,VesselMovement,VesselMovement,Event_VesselMovement_806,13/10/40 08:00,,,,,,departure,,,,,,,,,,,,,,,,,,,
Event,VesselMovement,VesselMovement,Event_VesselMovement_843,12/10/40 11:14,,,,,,rendezvous,Neptune,,,,,,,,,,,,,,,,,,
Event,VesselMovement,VesselMovement,Event_VesselMovement_883,13/10/40 22:00,,,,,,departure,Knowles,,,,,,,,,,,,,,,,,,
Event,VesselMovement,VesselMovement,Event_VesselMovement_887,13/10/40 22:00,,,,,,departure,,,,,,,,,,,,,,,,,,,
Event,VesselMovement,VesselMovement,Event_VesselMovement_892,13/10/40 02:00,,,,,,rendezvous,south dock,,,,,,,,,,,,,,,,,,
Event,VesselMovement,VesselMovement,Event_VesselMovement_904,,,,,,,departure,,,,,,,,,,,,,,,,,,,
Event,VesselMovement,VesselMovement,Event_VesselMovement_931,,,,,,,,north,,,,,,,,,,,,,,,,,,
Event,VesselMovement,VesselMovement,Event_VesselMovement_944,15/10/40 00:00,,,,,,departure,Dolphin Bay,,,,,,,,,,,,,,,,,,
Event,VesselMovement,VesselMovement,Event_VesselMovement_980,14/10/40 04:00,,,,,,rendezvous,Berth 14,,,,,,,,,,,,,,,,,,
Event,VesselMovement,VesselMovement,Event_VesselMovement_1000,14/10/23 22:00,,,,,,rendezvous,southern dock,,,,,,,,,,,,,,,,,,
Event,VesselMovement,VesselMovement,Event_VesselMovement_1002,14/10/40 22:00,,,,,,rendezvous,southern dock,,,,,,,,,,,,,,,,,,
Event,Enforcement,Enforcement,Event_Enforcement_29,1/10/40 10:43,,,,,,,,warnings,Warning issued to vessel Remora for approaching Nemo Reef's protected inner boundary,,,,,,,,,,,,,,,,
Event,Enforcement,Enforcement,Event_Enforcement_34,1/10/40 10:48,,,,,,,,warnings,Standard reminders issued about conservation regulations,,,,,,,,,,,,,,,,
Event,Enforcement,Enforcement,Event_Enforcement_42,1/10/40 10:56,,,,,,,,enforcement operations,Will implement additional signage by tomorrow and increase patrols this weekend,,,,,,,,,,,,,,,,
Event,Enforcement,Enforcement,Event_Enforcement_44,1/10/40 10:58,,,,,,,,warnings,additional signage installation tomorrow and increased patrols this weekend,,,,,,,,,,,,,,,,
Event,Enforcement,Enforcement,Event_Enforcement_177,3/10/40 08:49,,,,,,,,enforcement operations,,,,,,,,,,,,,,,,,
Event,Enforcement,Enforcement,Event_Enforcement_193,3/10/40 09:12,,,,,,,,enforcement operations,Sentinel moving to intercept suspicious vessel Mariner's Dream,,,,,,,,,,,,,,,,
Event,Enforcement,Enforcement,Event_Enforcement_233,3/10/40 10:38,,,,,,,,warnings,Commercial vessels receiving fines while tourism boats enter restricted zones without consequences,,,,,,,,,,,,,,,,
Event,Enforcement,Enforcement,Event_Enforcement_235,3/10/40 10:39,,,,,,,,enforcement operations,Addressing Nemo Reef violations at City Council meeting,,,,,,,,,,,,,,,,
Event,Enforcement,Enforcement,Event_Enforcement_261,4/10/40 08:47,,,,,,,,warnings,Green Guardians HQ warning about missing transponder signal and radio silence near Nemo Reef,,,,,,,,,,,,,,,,
Event,Enforcement,Enforcement,Event_Enforcement_292,4/10/40 11:29,,,,,,,,warnings,Oceanus City Council warned Mako vessel about operating near protected waters,,,,,,,,,,,,,,,,
Event,Enforcement,Enforcement,Event_Enforcement_666,10/10/40 09:54,,,,,,,,warnings,Nemo Reef closed for 3 days with restricted vessel access,,,,,,,,,,,,,,,,
Event,Enforcement,Enforcement,Event_Enforcement_693,11/10/40 06:00,,,,,,,,enforcement operations,closure of Nemo Reef with 500-meter buffer zone for environmental protection,,,,,,,,,,,,,,,,
Event,Enforcement,Enforcement,Event_Enforcement_745,11/10/40 09:12,,,,,,,,enforcement operations,,,,,,,,,,,,,,,,,
Event,Enforcement,Enforcement,Event_Enforcement_769,11/10/40 10:13,,,,,,,,enforcement operations,conservation vessels blocked using falsified environmental clearance documents,,,,,,,,,,,,,,,,
Event,Enforcement,Enforcement,Event_Enforcement_784,11/10/40 10:44,,,,,,,,warnings,Reminder that Nemo Reef remains closed for all vessel traffic due to environmental protection measures,,,,,,,,,,,,,,,,
Event,Enforcement,Enforcement,Event_Enforcement_839,13/10/40 06:00,,,,,,,,enforcement operations,mandatory closure of Nemo Reef with 500-meter buffer zone,,,,,,,,,,,,,,,,
Event,Enforcement,Enforcement,Event_Enforcement_854,12/10/40 12:57,,,,,,,,warnings,Access denial to Reef Guardian at Nemo Reef due to maritime closure orders,,,,,,,,,,,,,,,,
Event,Enforcement,Enforcement,Event_Enforcement_947,14/10/40 08:40,,,,,,,,enforcement operations,Port Authority blocking approach to Nemo Reef,,,,,,,,,,,,,,,,
Event,Enforcement,Enforcement,Event_Enforcement_952,14/10/40 09:00,,,,,,,,enforcement operations,EcoVigil successfully contained to northern areas,,,,,,,,,,,,,,,,
Event,Enforcement,Enforcement,Event_Enforcement_992,14/10/40 12:47,,,,,,,,enforcement operations,Security protocols for Nemo Reef operation complete. 37 vessels coordinated successfully with all authorized personnel accounted for.,,,,,,,,,,,,,,,,
Event,Enforcement,Enforcement,Event_Enforcement_998,14/10/40 13:31,,,,,,,,warnings,"Mako instructed to maintain strict perimeter enforcement and turn away unauthorized vessels, specifically the Reef Guardian at Nemo Reef",,,,,,,,,,,,,,,,
Event,TourActivity,TourActivity,Event_TourActivity_46,1/10/40 11:01,,,,,,,,,,,,,,,,,,,,,,,,,
Event,TourActivity,TourActivity,Event_TourActivity_61,1/10/40 11:40,,,,,,,,,,,,,,,,,,,,,,,,,
Event,TourActivity,TourActivity,Event_TourActivity_70,1/10/40 12:37,,,,,,,,,,,,,,,,,,,,,,,,,
Event,TourActivity,TourActivity,Event_TourActivity_96,,,,,,,,,,,,,,,,,,,,,,,,,,
Event,TourActivity,TourActivity,Event_TourActivity_137,,,,,,,,,,,,6,,,,,,,,,,,,,,
Event,TourActivity,TourActivity,Event_TourActivity_140,,,,,,,,,,,,,,,,,,,,,,,,,,
Event,TourActivity,TourActivity,Event_TourActivity_188,3/10/40 09:04,,,,,,,,,,exploration,,,,,,,,,,,,,,,
Event,TourActivity,TourActivity,Event_TourActivity_498,8/10/40 05:30,,,,,,,,,,reef tour,,,,,,,,,,,,,,,
Event,TourActivity,TourActivity,Event_TourActivity_807,,,,,,,,,,,,,,,,,,,,,,,,,,
Event,TourActivity,TourActivity,Event_TourActivity_814,13/10/40 08:00,,,,,,,,,,reef tour,,,,,,,,,,,,,,,
Event,TourActivity,TourActivity,Event_TourActivity_816,13/10/40 08:00,,,,,,,,,,,,,,,,,,,,,,,,,
Event,TourActivity,TourActivity,Event_TourActivity_938,14/10/40 06:00,,,,,,,,,,,,,,,,,,,,,,,,,
Event,TourActivity,TourActivity,Event_TourActivity_962,,,,,,,,,,,reef tour,,,,,,,,,,,,,,,
Event,Fishing,Fishing,Event_Fishing_49,,,,,,,,,,,,,"{'type': 'Commodity', 'name': 'fish'}",,,,,,,,,,,,,
Event,Criticize,Criticize,Event_Criticize_52,,,,,,,,,,,,,,new regulations,,,,,,,,,,,,
Event,Collaborate,Collaborate,Event_Collaborate_82,1/10/40 12:43,,,,,,,,,,,,,,,,,,,,,,,,,
Event,Collaborate,Collaborate,Event_Collaborate_108,,,,,,,,,,,,,,,,,,,,,,,,,,
Event,Collaborate,Collaborate,Event_Collaborate_184,3/10/40 08:53,,,,,,,,,,,,,,,,,,,,,,,,,
Event,Collaborate,Collaborate,Event_Collaborate_200,3/10/40 09:47,,,,,,,,,,,,,,,,,,,,,,,,,
Event,Collaborate,Collaborate,Event_Collaborate_236,3/10/40 10:39,,,,,,,,,,,,,,,,,,,,,,,,,
Event,Collaborate,Collaborate,Event_Collaborate_276,4/10/40 21:00,,,,,,,,,,,,,,,,,,,,,,,,,
Event,Collaborate,Collaborate,Event_Collaborate_364,5/10/40 10:36,,,,,,,,,,,,,,,,,,,,,,,,,
Event,Collaborate,Collaborate,Event_Collaborate_422,6/10/40 12:33,,,,,,,,,,,,,,,,,,,,,,,,,
Event,Collaborate,Collaborate,Event_Collaborate_424,6/10/40 12:35,,,,,,,,,,,,,,,,,,,,,,,,,
Event,Collaborate,Collaborate,Event_Collaborate_455,8/10/40 05:00,,,,,,,,,,,,,,,,,,,,,,,,,
Event,Collaborate,Collaborate,Event_Collaborate_477,7/10/40 10:28,,,,,,,,,,,,,,,,,,,,,,,,,
Event,Collaborate,Collaborate,Event_Collaborate_512,,,,,,,,,,,,,,,,,,,,,,,,,,
Event,Collaborate,Collaborate,Event_Collaborate_517,8/10/40 05:00,,,,,,,,,,,,,,,,,,,,,,,,,
Event,Collaborate,Collaborate,Event_Collaborate_542,8/10/40 10:17,,,,,,,,,,,,,,,,,,,,,,,,,
Event,Collaborate,Collaborate,Event_Collaborate_550,8/10/40 19:00,,,,,,,,,,,,,,,,,,,,,,,,,
Event,Collaborate,Collaborate,Event_Collaborate_554,,,,,,,,,,,,,,,,,,,,,,,,,,
Event,Collaborate,Collaborate,Event_Collaborate_557,8/10/40 10:37,,,,,,,,,,,,,,,,,,,,,,,,,
Event,Collaborate,Collaborate,Event_Collaborate_626,9/10/40 10:39,,,,,,,,,,,,,,,,,,,,,,,,,
Event,Collaborate,Collaborate,Event_Collaborate_697,11/10/40 10:00,,,,,,,,,,,,,,,,,,,,,,,,,
Event,Collaborate,Collaborate,Event_Collaborate_719,11/10/40 05:00,,,,,,,,,,,,,,,,,,,,,,,,,
Event,Collaborate,Collaborate,Event_Collaborate_723,11/10/40 05:00,,,,,,,,,,,,,,,,,,,,,,,,,
Event,Collaborate,Collaborate,Event_Collaborate_760,11/10/40 10:01,,,,,,,,,,,,,,,,,,,,,,,,,
Event,Collaborate,Collaborate,Event_Collaborate_818,12/10/40 06:00,,,,,,,,,,,,,,,,,,,,,,,,,
Event,Collaborate,Collaborate,Event_Collaborate_868,14/10/40 09:00,,,,,,,,,,,,,,,,,,,,,,,,,
Event,Collaborate,Collaborate,Event_Collaborate_972,14/10/40 11:32,,,,,,,,,,,,,,,,,,,,,,,,,
Event,HarborReport,HarborReport,Event_HarborReport_215,,,,,,,,,,,,,,,3/10/40 10:13,,,,,,,,,,,
Event,HarborReport,HarborReport,Event_HarborReport_927,,,,,,,,,,,,,,,13/10/40 02:00,,,,,,,,,,,
Event,TransponderPing,TransponderPing,Event_TransponderPing_251,,,,,,,,,,,,,,,4/10/40 08:36,08:36:00,,,,,,,,,,
Event,TransponderPing,TransponderPing,Event_TransponderPing_271,,,,,,,,,,,,,,,4/10/40 10:00,10:00:00,,,,,,,,,,
Event,TransponderPing,TransponderPing,Event_TransponderPing_308,,,,,,,,,,,,,,,4/10/40 13:31,13:31:00,,,,,,,,,,
Relationship,Friends,Friends,Relationship_Friends_0,,,,,,,,,,,,,,,,,informal,,,,,,,,,
Relationship,Friends,Friends,Relationship_Friends_272,,,,,,,,,,,,,,,,,collaborative,,,,,,,,,
Relationship,Colleagues,Colleagues,Relationship_Colleagues_2,,,,,,,,,,,,,,,,,,,,,,,,,,
Relationship,Colleagues,Colleagues,Relationship_Colleagues_11,,,,,,,,,,,,,,,,,,,,,,,,,,
Relationship,Colleagues,Colleagues,Relationship_Colleagues_16,,,,,,,,,,,,,,,,,,,,,,,,,,
Relationship,Colleagues,Colleagues,Relationship_Colleagues_45,,,,,,,,,,,,,,,,,,,,,,,,,,
Relationship,Colleagues,Colleagues,Relationship_Colleagues_66,,,,,,,,,,,,,,,,,,,,,,,,,,
Relationship,Colleagues,Colleagues,Relationship_Colleagues_80,,,,,,,,,,,,,,,,,,,,,,,,,,
Relationship,Colleagues,Colleagues,Relationship_Colleagues_83,,,,,,,,,,,,,,,,,,,,,,,,,,
Relationship,Colleagues,Colleagues,Relationship_Colleagues_84,,,,,,,,,,,,,,,,,,,,,,,,,,
Relationship,Colleagues,Colleagues,Relationship_Colleagues_102,,,,,,,,,,,,,,,,,,,,,,,,,,
Relationship,Colleagues,Colleagues,Relationship_Colleagues_121,,,,,,,,,,,,,,,,,,,,,,,,,,
Relationship,Colleagues,Colleagues,Relationship_Colleagues_158,,,,,,,,,,,,,,,,,,,,,,,,,,
Relationship,Colleagues,Colleagues,Relationship_Colleagues_215,,,,,,,,,,,,,,,,,,,,,,,,,,
Relationship,Colleagues,Colleagues,Relationship_Colleagues_290,,,,,,,,,,,,,,,,,,,,,,,,,,
Relationship,Colleagues,Colleagues,Relationship_Colleagues_319,,,,,,,,,,,,,,,,,,,,,,,,,,
Relationship,Colleagues,Colleagues,Relationship_Colleagues_320,,,,,,,,,,,,,,,,,,,,,,,,,,
Relationship,Colleagues,Colleagues,Relationship_Colleagues_321,,,,,,,,,,,,,,,,,,,,,,,,,,
Relationship,Colleagues,Colleagues,Relationship_Colleagues_322,,,,,,,,,,,,,,,,,,,,,,,,,,
Relationship,Colleagues,Colleagues,Relationship_Colleagues_323,,,,,,,,,,,,,,,,,,,,,,,,,,
Relationship,Colleagues,Colleagues,Relationship_Colleagues_430,,,,,,,,,,,,,,,,,,,,,,,,,,
Relationship,Colleagues,Colleagues,Relationship_Colleagues_431,,,,,,,,,,,,,,,,,,,,,,,,,,
Relationship,Colleagues,Colleagues,Relationship_Colleagues_494,,,,,,,,,,,,,,,,,,,,,,,,,,
Relationship,Colleagues,Colleagues,Relationship_Colleagues_535,,,,,,,,,,,,,,,,,,,,,,,,,,
Relationship,Colleagues,Colleagues,Relationship_Colleagues_536,,,,,,,,,,,,,,,,,,,,,,,,,,
Relationship,Colleagues,Colleagues,Relationship_Colleagues_551,,,,,,,,,,,,,,,,,,,,,,,,,,
Relationship,Colleagues,Colleagues,Relationship_Colleagues_589,,,,,,,,,,,,,,,,,,,,,,,,,,
Relationship,Colleagues,Colleagues,Relationship_Colleagues_599,,,,,,,,,,,,,,,,,,,,,,,,,,
Relationship,Colleagues,Colleagues,Relationship_Colleagues_601,,,,,,,,,,,,,,,,,,,,,,,,,,
Relationship,Colleagues,Colleagues,Relationship_Colleagues_617,,,,,,,,,,,,,,,,,,,,,,,,,,
Relationship,Colleagues,Colleagues,Relationship_Colleagues_619,,,,,,,,,,,,,,,,,,,,,,,,,,
Relationship,Colleagues,Colleagues,Relationship_Colleagues_628,,,,,,,,,,,,,,,,,,,,,,,,,,
Relationship,AccessPermission,AccessPermission,Relationship_AccessPermission_7,,,,,,,,,,,,,,,,,,restricted,,,,,,,,
Relationship,AccessPermission,AccessPermission,Relationship_AccessPermission_68,,,,,,,,,,,,,,,,,,,,,,,,,,
Relationship,AccessPermission,AccessPermission,Relationship_AccessPermission_81,,,,,,,,,,,,,,,,,,,,,,,,,,
Relationship,AccessPermission,AccessPermission,Relationship_AccessPermission_96,,,,,,,,,,,,,,,,,,restricted,,,,,,,,
Relationship,AccessPermission,AccessPermission,Relationship_AccessPermission_98,,,,,,,,,,,,,,,,,,restricted,,,,,,,,
Relationship,AccessPermission,AccessPermission,Relationship_AccessPermission_100,,,,,,,,,,,,,,,,,,,,,,,,,,
Relationship,AccessPermission,AccessPermission,Relationship_AccessPermission_101,,,,,,,,,,,,,,,,,,special access,,,,,,,,
Relationship,AccessPermission,AccessPermission,Relationship_AccessPermission_118,,,,,,,,,,,,,,,,,,restricted,,,,,,,,
Relationship,AccessPermission,AccessPermission,Relationship_AccessPermission_122,,,,,,,,,,,,,,,,,,restricted,,,,,,,,
Relationship,AccessPermission,AccessPermission,Relationship_AccessPermission_125,,,,,,,,,,,,,,,,,,special access,,,,,,,,
Relationship,AccessPermission,AccessPermission,Relationship_AccessPermission_127,,,,,,,,,,,,,,,,,,regular access,3/10/40 10:23,,,,,,,
Relationship,AccessPermission,AccessPermission,Relationship_AccessPermission_128,,,,,,,,,,,,,,,,,,regular access,,,,,,,,
Relationship,AccessPermission,AccessPermission,Relationship_AccessPermission_129,,,,,,,,,,,,,,,,,,restricted,,,,,,,,
Relationship,AccessPermission,AccessPermission,Relationship_AccessPermission_148,,,,,,,,,,,,,,,,,,restricted,,,,,,,,
Relationship,AccessPermission,AccessPermission,Relationship_AccessPermission_156,,,,,,,,,,,,,,,,,,special access,4/10/40 21:00,,,,,,,
Relationship,AccessPermission,AccessPermission,Relationship_AccessPermission_161,,,,,,,,,,,,,,,,,,restricted,,,,,,,,
Relationship,AccessPermission,AccessPermission,Relationship_AccessPermission_163,,,,,,,,,,,,,,,,,,,,,,,,,,
Relationship,AccessPermission,AccessPermission,Relationship_AccessPermission_181,,,,,,,,,,,,,,,,,,special access,,,,,,,,
Relationship,AccessPermission,AccessPermission,Relationship_AccessPermission_190,,,,,,,,,,,,,,,,,,special access,,,,,,,,
Relationship,AccessPermission,AccessPermission,Relationship_AccessPermission_192,,,,,,,,,,,,,,,,,,regular access,,,,,,,,
Relationship,AccessPermission,AccessPermission,Relationship_AccessPermission_196,,,,,,,,,,,,,,,,,,special access,6/10/40 00:00,,,,,,,
Relationship,AccessPermission,AccessPermission,Relationship_AccessPermission_214,,,,,,,,,,,,,,,,,,restricted,,,,,,,,
Relationship,AccessPermission,AccessPermission,Relationship_AccessPermission_232,,,,,,,,,,,,,,,,,,special access,,,,,,,,
Relationship,AccessPermission,AccessPermission,Relationship_AccessPermission_233,,,,,,,,,,,,,,,,,,special access,,,,,,,,
Relationship,AccessPermission,AccessPermission,Relationship_AccessPermission_238,,,,,,,,,,,,,,,,,,,,,,,,,,
Relationship,AccessPermission,AccessPermission,Relationship_AccessPermission_243,,,,,,,,,,,,,,,,,,,,,,,,,,
Relationship,AccessPermission,AccessPermission,Relationship_AccessPermission_244,,,,,,,,,,,,,,,,,,restricted,7/10/40 00:00,,,,,,,
Relationship,AccessPermission,AccessPermission,Relationship_AccessPermission_259,,,,,,,,,,,,,,,,,,special access,7/10/40 00:00,,,,,,,
Relationship,AccessPermission,AccessPermission,Relationship_AccessPermission_262,,,,,,,,,,,,,,,,,,special access,7/10/40 06:00,,,,,,,
Relationship,AccessPermission,AccessPermission,Relationship_AccessPermission_266,,,,,,,,,,,,,,,,,,special access,6/10/40 13:07,,,,,,,
Relationship,AccessPermission,AccessPermission,Relationship_AccessPermission_281,,,,,,,,,,,,,,,,,,special access,8/10/40 05:00,,,,,,,
Relationship,AccessPermission,AccessPermission,Relationship_AccessPermission_303,,,,,,,,,,,,,,,,,,special access,7/10/40 05:30,,,,,,,
Relationship,AccessPermission,AccessPermission,Relationship_AccessPermission_304,,,,,,,,,,,,,,,,,,,7/10/40 05:30,,,,,,,
Relationship,AccessPermission,AccessPermission,Relationship_AccessPermission_306,,,,,,,,,,,,,,,,,,special access,7/10/40 06:00,,,,,,,
Relationship,AccessPermission,AccessPermission,Relationship_AccessPermission_313,,,,,,,,,,,,,,,,,,restricted,9/10/40 22:00,15/10/40 23:59,,,,,,
Relationship,AccessPermission,AccessPermission,Relationship_AccessPermission_328,,,,,,,,,,,,,,,,,,special access,,,,,,,,
Relationship,AccessPermission,AccessPermission,Relationship_AccessPermission_332,,,,,,,,,,,,,,,,,,,,,,,,,,
Relationship,AccessPermission,AccessPermission,Relationship_AccessPermission_338,,,,,,,,,,,,,,,,,,special access,9/10/40 00:00,,,,,,,
Relationship,AccessPermission,AccessPermission,Relationship_AccessPermission_349,,,,,,,,,,,,,,,,,,,,,,,,,,
Relationship,AccessPermission,AccessPermission,Relationship_AccessPermission_370,,,,,,,,,,,,,,,,,,restricted,,,,,,,,
Relationship,AccessPermission,AccessPermission,Relationship_AccessPermission_382,,,,,,,,,,,,,,,,,,special access,9/10/40 11:22,,,,,,,
Relationship,AccessPermission,AccessPermission,Relationship_AccessPermission_392,,,,,,,,,,,,,,,,,,regular access,,,,,,,,
Relationship,AccessPermission,AccessPermission,Relationship_AccessPermission_393,,,,,,,,,,,,,,,,,,regular access,,,,,,,,
Relationship,AccessPermission,AccessPermission,Relationship_AccessPermission_397,,,,,,,,,,,,,,,,,,,,,,,,,,
Relationship,AccessPermission,AccessPermission,Relationship_AccessPermission_405,,,,,,,,,,,,,,,,,,,11/10/40 06:00,14/10/40 06:00,,,,,,
Relationship,AccessPermission,AccessPermission,Relationship_AccessPermission_415,,,,,,,,,,,,,,,,,,,,11/10/40 06:00,,,,,,
Relationship,AccessPermission,AccessPermission,Relationship_AccessPermission_421,,,,,,,,,,,,,,,,,,restricted,11/10/40 06:00,14/10/40 06:00,,,,,,
Relationship,AccessPermission,AccessPermission,Relationship_AccessPermission_425,,,,,,,,,,,,,,,,,,restricted,,,,,,,,
Relationship,AccessPermission,AccessPermission,Relationship_AccessPermission_441,,,,,,,,,,,,,,,,,,restricted,,,,,,,,
Relationship,AccessPermission,AccessPermission,Relationship_AccessPermission_444,,,,,,,,,,,,,,,,,,restricted,,,,,,,,
Relationship,AccessPermission,AccessPermission,Relationship_AccessPermission_455,,,,,,,,,,,,,,,,,,,,,,,,,,
Relationship,AccessPermission,AccessPermission,Relationship_AccessPermission_477,,,,,,,,,,,,,,,,,,restricted,,,,,,,,
Relationship,AccessPermission,AccessPermission,Relationship_AccessPermission_479,,,,,,,,,,,,,,,,,,restricted,,,,,,,,
Relationship,AccessPermission,AccessPermission,Relationship_AccessPermission_489,,,,,,,,,,,,,,,,,,restricted,,,,,,,,
Relationship,AccessPermission,AccessPermission,Relationship_AccessPermission_497,,,,,,,,,,,,,,,,,,restricted,,,,,,,,
Relationship,AccessPermission,AccessPermission,Relationship_AccessPermission_502,,,,,,,,,,,,,,,,,,restricted,,,,,,,,
Relationship,AccessPermission,AccessPermission,Relationship_AccessPermission_511,,,,,,,,,,,,,,,,,,special access,,,,,,,,
Relationship,AccessPermission,AccessPermission,Relationship_AccessPermission_512,,,,,,,,,,,,,,,,,,special access,,,,,,,,
Relationship,AccessPermission,AccessPermission,Relationship_AccessPermission_553,,,,,,,,,,,,,,,,,,special access,13/10/40 06:00,,,,,,,
Relationship,AccessPermission,AccessPermission,Relationship_AccessPermission_560,,,,,,,,,,,,,,,,,,special access,13/10/40 22:00,,,,,,,
Relationship,AccessPermission,AccessPermission,Relationship_AccessPermission_562,,,,,,,,,,,,,,,,,,special access,13/10/40 22:00,,,,,,,
Relationship,AccessPermission,AccessPermission,Relationship_AccessPermission_564,,,,,,,,,,,,,,,,,,restricted,13/10/40 04:00,,,,,,,
Relationship,AccessPermission,AccessPermission,Relationship_AccessPermission_569,,,,,,,,,,,,,,,,,,special access,,,,,,,,
Relationship,AccessPermission,AccessPermission,Relationship_AccessPermission_585,,,,,,,,,,,,,,,,,,restricted,13/10/40 13:20,15/10/40 13:20,,,,,,
Relationship,AccessPermission,AccessPermission,Relationship_AccessPermission_588,,,,,,,,,,,,,,,,,,restricted,13/10/40 13:23,15/10/40 13:23,,,,,,
Relationship,AccessPermission,AccessPermission,Relationship_AccessPermission_591,,,,,,,,,,,,,,,,,,special access,15/10/40 05:30,,,,,,,
Relationship,AccessPermission,AccessPermission,Relationship_AccessPermission_594,,,,,,,,,,,,,,,,,,restricted,14/10/40 08:34,,,,,,,
Relationship,AccessPermission,AccessPermission,Relationship_AccessPermission_615,,,,,,,,,,,,,,,,,,restricted,,,,,,,,
Relationship,Reports,Reports,Relationship_Reports_18,,,,,,,,,,,,,,,,,,,,,environmental report,1/10/40 10:48,,,,
Relationship,Reports,Reports,Relationship_Reports_38,,,,,,,,,,,,,,,,,,,,,environmental report,1/10/40 12:43,,,,
Relationship,Reports,Reports,Relationship_Reports_41,,,,,,,,,,,,,,,,,,,,,environmental report,2/10/40 08:13,,,,
Relationship,Reports,Reports,Relationship_Reports_46,,,,,,,,,,,,,,,,,,,,,official logs,2/10/40 08:56,,,,
Relationship,Reports,Reports,Relationship_Reports_51,,,,,,,,,,,,,,,,,,,,,environmental report,2/10/40 09:59,,,,
Relationship,Reports,Reports,Relationship_Reports_69,,,,,,,,,,,,,,,,,,,,,,2/10/40 12:16,,,,
Relationship,Reports,Reports,Relationship_Reports_73,,,,,,,,,,,,,,,,,,,,,environmental report,2/10/40 12:22,,,,
Relationship,Reports,Reports,Relationship_Reports_170,,,,,,,,,,,,,,,,,,,,,official logs,4/10/40 13:19,,,,
Relationship,Reports,Reports,Relationship_Reports_205,,,,,,,,,,,,,,,,,,,,,data transmission,5/10/40 10:30,,,,
Relationship,Reports,Reports,Relationship_Reports_218,,,,,,,,,,,,,,,,,,,,,,5/10/40 10:50,,,,
Relationship,Reports,Reports,Relationship_Reports_288,,,,,,,,,,,,,,,,,,,,,,7/10/40 10:28,,,,
Relationship,Reports,Reports,Relationship_Reports_344,,,,,,,,,,,,,,,,,,,,,data transmission,8/10/40 11:11,,,,
Relationship,Reports,Reports,Relationship_Reports_355,,,,,,,,,,,,,,,,,,,,,environmental report,8/10/40 11:33,,,,
Relationship,Reports,Reports,Relationship_Reports_408,,,,,,,,,,,,,,,,,,,,,environmental report,,,,,
Relationship,Reports,Reports,Relationship_Reports_447,,,,,,,,,,,,,,,,,,,,,data transmission,11/10/40 09:04,,,,
Relationship,Reports,Reports,Relationship_Reports_496,,,,,,,,,,,,,,,,,,,,,data transmission,,,,,
Relationship,Reports,Reports,Relationship_Reports_513,,,,,,,,,,,,,,,,,,,,,data transmission,12/10/40 09:53,,,,
Relationship,Reports,Reports,Relationship_Reports_526,,,,,,,,,,,,,,,,,,,,,environmental report,12/10/40 10:59,,,,
Relationship,Reports,Reports,Relationship_Reports_529,,,,,,,,,,,,,,,,,,,,,data transmission,12/10/40 11:02,,,,
Relationship,Reports,Reports,Relationship_Reports_537,,,,,,,,,,,,,,,,,,,,,,12/10/40 11:11,,,,
Relationship,Reports,Reports,Relationship_Reports_572,,,,,,,,,,,,,,,,,,,,,environmental report,13/10/40 12:31,,,,
Relationship,Reports,Reports,Relationship_Reports_587,,,,,,,,,,,,,,,,,,,,,,13/10/40 22:00,,,,
Relationship,Reports,Reports,Relationship_Reports_603,,,,,,,,,,,,,,,,,,,,,data transmission,14/10/40 09:04,,,,
Relationship,Reports,Reports,Relationship_Reports_604,,,,,,,,,,,,,,,,,,,,,data transmission,14/10/40 09:28,,,,
Relationship,Reports,Reports,Relationship_Reports_622,,,,,,,,,,,,,,,,,,,,,,,,,,
Relationship,Jurisdiction,Jurisdiction,Relationship_Jurisdiction_19,,,,,,,,,,,,,,,,,,,,,,,Harbor,,,
Relationship,Jurisdiction,Jurisdiction,Relationship_Jurisdiction_21,,,,,,,,,,,,,,,,,,,,,,,conservation,oversight,,
Relationship,Jurisdiction,Jurisdiction,Relationship_Jurisdiction_29,,,,,,,,,,,,,,,,,,,,,,,marine protected area,,,
Relationship,Jurisdiction,Jurisdiction,Relationship_Jurisdiction_131,,,,,,,,,,,,,,,,,,,,,,,regulatory enforcement,primary,,
Relationship,Jurisdiction,Jurisdiction,Relationship_Jurisdiction_162,,,,,,,,,,,,,,,,,,,,,,,Paackland Harbor,oversight,,
Relationship,Jurisdiction,Jurisdiction,Relationship_Jurisdiction_390,,,,,,,,,,,,,,,,,,,,,,,city council,primary,,
Relationship,Jurisdiction,Jurisdiction,Relationship_Jurisdiction_446,,,,,,,,,,,,,,,,,,,,,,,environmental,oversight,,
Relationship,Jurisdiction,Jurisdiction,Relationship_Jurisdiction_454,,,,,,,,,,,,,,,,,,,,,,,Reef,,,
Relationship,Jurisdiction,Jurisdiction,Relationship_Jurisdiction_575,,,,,,,,,,,,,,,,,,,,,,,special clearance,,,
Relationship,Jurisdiction,Jurisdiction,Relationship_Jurisdiction_583,,,,,,,,,,,,,,,,,,,,,,,City Council,primary,,
Relationship,Jurisdiction,Jurisdiction,Relationship_Jurisdiction_586,,,,,,,,,,,,,,,,,,,,,,,City Council,primary,,
Relationship,Jurisdiction,Jurisdiction,Relationship_Jurisdiction_611,,,,,,,,,,,,,,,,,,,,,,,conservation monitoring,,,
Relationship,Jurisdiction,Jurisdiction,Relationship_Jurisdiction_613,,,,,,,,,,,,,,,,,,,,,,,protected marine areas,,,
Relationship,Coordinates,Coordinates,Relationship_Coordinates_20,,,,,,,,,,,,,,,,,,,1/10/40 10:51,,,,,,conservation patrols,
Relationship,Coordinates,Coordinates,Relationship_Coordinates_24,,,,,,,,,,,,,,,,,,,1/10/40 10:56,,,,,,harbor masters,
Relationship,Coordinates,Coordinates,Relationship_Coordinates_27,,,,,,,,,,,,,,,,,,,1/10/40 11:01,,,,,,monitoring patrol increase,
Relationship,Coordinates,Coordinates,Relationship_Coordinates_30,,,,,,,,,,,,,,,,,,,,,,,,,event coordination,
Relationship,Coordinates,Coordinates,Relationship_Coordinates_33,,,,,,,,,,,,,,,,,,,1/10/40 12:37,,,,,,patrol,
Relationship,Coordinates,Coordinates,Relationship_Coordinates_35,,,,,,,,,,,,,,,,,,,1/10/40 12:39,,,,,,monitoring,
Relationship,Coordinates,Coordinates,Relationship_Coordinates_37,,,,,,,,,,,,,,,,,,,1/10/40 12:43,,,,,,reporting,
Relationship,Coordinates,Coordinates,Relationship_Coordinates_39,,,,,,,,,,,,,,,,,,,1/10/40 12:44,,,,,,patrol schedule,
Relationship,Coordinates,Coordinates,Relationship_Coordinates_43,,,,,,,,,,,,,,,,,,,,,,,,,,
Relationship,Coordinates,Coordinates,Relationship_Coordinates_53,,,,,,,,,,,,,,,,,,,,,,,,,monitoring station establishment,
Relationship,Coordinates,Coordinates,Relationship_Coordinates_54,,,,,,,,,,,,,,,,,,,3/10/40 08:00,,,,,,joint monitoring station,
Relationship,Coordinates,Coordinates,Relationship_Coordinates_77,,,,,,,,,,,,,,,,,,,2/10/40 13:23,,,,,,meeting,
Relationship,Coordinates,Coordinates,Relationship_Coordinates_116,,,,,,,,,,,,,,,,,,,3/10/40 10:05,,,,,,repositioning,
Relationship,Coordinates,Coordinates,Relationship_Coordinates_120,,,,,,,,,,,,,,,,,,,3/10/40 10:16,,,,,,enforcement protocols,
Relationship,Coordinates,Coordinates,Relationship_Coordinates_172,,,,,,,,,,,,,,,,,,,4/10/40 13:32,,,,,,environmental assessment,
Relationship,Coordinates,Coordinates,Relationship_Coordinates_185,,,,,,,,,,,,,,,,,,,,,,,,,reporting,
Relationship,Coordinates,Coordinates,Relationship_Coordinates_201,,,,,,,,,,,,,,,,,,,6/10/40 00:00,,,,,,port operations,
Relationship,Coordinates,Coordinates,Relationship_Coordinates_226,,,,,,,,,,,,,,,,,,,13/10/40 00:00,,,,,,event,
Relationship,Coordinates,Coordinates,Relationship_Coordinates_231,,,,,,,,,,,,,,,,,,,6/10/40 09:50,,,,,,monitoring,
Relationship,Coordinates,Coordinates,Relationship_Coordinates_236,,,,,,,,,,,,,,,,,,,7/10/40 00:00,,,,,,staffing,
Relationship,Coordinates,Coordinates,Relationship_Coordinates_247,,,,,,,,,,,,,,,,,,,7/10/40 00:00,,,,,,operation,
Relationship,Coordinates,Coordinates,Relationship_Coordinates_248,,,,,,,,,,,,,,,,,,,,,,,,,shipping,
Relationship,Coordinates,Coordinates,Relationship_Coordinates_251,,,,,,,,,,,,,,,,,,,7/10/40 00:00,,,,,,water sampling and monitoring,
Relationship,Coordinates,Coordinates,Relationship_Coordinates_252,,,,,,,,,,,,,,,,,,,,,,,,,transponder malfunction,
Relationship,Coordinates,Coordinates,Relationship_Coordinates_253,,,,,,,,,,,,,,,,,,,,,,,,,operation coordination,
Relationship,Coordinates,Coordinates,Relationship_Coordinates_269,,,,,,,,,,,,,,,,,,,6/10/40 13:13,,,,,,surveillance,
Relationship,Coordinates,Coordinates,Relationship_Coordinates_274,,,,,,,,,,,,,,,,,,,,,,,,,meeting,
Relationship,Coordinates,Coordinates,Relationship_Coordinates_279,,,,,,,,,,,,,,,,,,,8/10/40 05:00,,,,,,meeting to establish payment protocols,
Relationship,Coordinates,Coordinates,Relationship_Coordinates_280,,,,,,,,,,,,,,,,,,,8/10/40 05:00,,,,,,payment protocols,
Relationship,Coordinates,Coordinates,Relationship_Coordinates_289,,,,,,,,,,,,,,,,,,,7/10/40 10:28,,,,,,communication,
Relationship,Coordinates,Coordinates,Relationship_Coordinates_292,,,,,,,,,,,,,,,,,,,7/10/40 10:33,,,,,,surveillance,
Relationship,Coordinates,Coordinates,Relationship_Coordinates_297,,,,,,,,,,,,,,,,,,,8/10/40 05:30,,,,,,conservation tourism operation,
Relationship,Coordinates,Coordinates,Relationship_Coordinates_298,,,,,,,,,,,,,,,,,,,8/10/40 06:00,,,,,,Equipment transfer,
Relationship,Coordinates,Coordinates,Relationship_Coordinates_302,,,,,,,,,,,,,,,,,,,8/10/40 05:30,,,,,,operation,
Relationship,Coordinates,Coordinates,Relationship_Coordinates_305,,,,,,,,,,,,,,,,,,,8/10/40 06:00,,,,,,equipment transfer,
Relationship,Coordinates,Coordinates,Relationship_Coordinates_307,,,,,,,,,,,,,,,,,,,8/10/40 06:00,,,,,,equipment transfer,
Relationship,Coordinates,Coordinates,Relationship_Coordinates_334,,,,,,,,,,,,,,,,,,,9/10/40 06:00,,,,,,technical crew support,
Relationship,Coordinates,Coordinates,Relationship_Coordinates_336,,,,,,,,,,,,,,,,,,,9/10/40 00:00,,,,,,sensor installation,
Relationship,Coordinates,Coordinates,Relationship_Coordinates_343,,,,,,,,,,,,,,,,,,,8/10/40 11:08,,,,,,environmental protection operation,
Relationship,Coordinates,Coordinates,Relationship_Coordinates_378,,,,,,,,,,,,,,,,,,,,,,,,,environmental monitoring,
Relationship,Coordinates,Coordinates,Relationship_Coordinates_380,,,,,,,,,,,,,,,,,,,,,,,,,surveillance,
Relationship,Coordinates,Coordinates,Relationship_Coordinates_387,,,,,,,,,,,,,,,,,,,10/10/40 06:00,,,,,,crew operations,
Relationship,Coordinates,Coordinates,Relationship_Coordinates_401,,,,,,,,,,,,,,,,,,,10/10/40 09:32,,,,,,monitoring,
Relationship,Coordinates,Coordinates,Relationship_Coordinates_411,,,,,,,,,,,,,,,,,,,,,,,,,surveillance,
Relationship,Coordinates,Coordinates,Relationship_Coordinates_413,,,,,,,,,,,,,,,,,,,,,,,,,night watch,
Relationship,Coordinates,Coordinates,Relationship_Coordinates_418,,,,,,,,,,,,,,,,,,,,,,,,,patrol coordination,
Relationship,Coordinates,Coordinates,Relationship_Coordinates_423,,,,,,,,,,,,,,,,,,,11/10/40 10:00,,,,,,harbor masters regarding Nemo Reef closure enforcement,
Relationship,Coordinates,Coordinates,Relationship_Coordinates_428,,,,,,,,,,,,,,,,,,,10/10/40 05:00,,,,,,operation,
Relationship,Coordinates,Coordinates,Relationship_Coordinates_437,,,,,,,,,,,,,,,,,,,11/10/40 05:00,,,,,,meeting,
Relationship,Coordinates,Coordinates,Relationship_Coordinates_445,,,,,,,,,,,,,,,,,,,,,,,,,scientific documentation access,
Relationship,Coordinates,Coordinates,Relationship_Coordinates_448,,,,,,,,,,,,,,,,,,,11/10/40 00:00,,,,,,meeting,
Relationship,Coordinates,Coordinates,Relationship_Coordinates_471,,,,,,,,,,,,,,,,,,,11/10/40 10:04,,,,,,Security deployment and equipment testing,
Relationship,Coordinates,Coordinates,Relationship_Coordinates_473,,,,,,,,,,,,,,,,,,,11/10/40 10:04,,,,,,Security deployment,
Relationship,Coordinates,Coordinates,Relationship_Coordinates_492,,,,,,,,,,,,,,,,,,,11/10/40 10:53,,,,,,surveillance,
Relationship,Coordinates,Coordinates,Relationship_Coordinates_493,,,,,,,,,,,,,,,,,,,12/10/40 21:00,,,,,,operations relocation,
Relationship,Coordinates,Coordinates,Relationship_Coordinates_499,,,,,,,,,,,,,,,,,,,13/10/40 06:00,,,,,,security team arrival,
Relationship,Coordinates,Coordinates,Relationship_Coordinates_503,,,,,,,,,,,,,,,,,,,13/10/40 06:00,,,,,,security team arrival,
Relationship,Coordinates,Coordinates,Relationship_Coordinates_509,,,,,,,,,,,,,,,,,,,13/10/40 08:00,,,,,,tour,
Relationship,Coordinates,Coordinates,Relationship_Coordinates_516,,,,,,,,,,,,,,,,,,,12/10/40 06:00,,,,,,harbor closure,
Relationship,Coordinates,Coordinates,Relationship_Coordinates_518,,,,,,,,,,,,,,,,,,,12/10/40 06:00,,,,,,operation logistics,
Relationship,Coordinates,Coordinates,Relationship_Coordinates_548,,,,,,,,,,,,,,,,,,,12/10/40 12:59,,,,,,surveillance,
Relationship,Coordinates,Coordinates,Relationship_Coordinates_550,,,,,,,,,,,,,,,,,,,14/10/40 10:00,,,,,,meeting,
Relationship,Coordinates,Coordinates,Relationship_Coordinates_555,,,,,,,,,,,,,,,,,,,13/10/40 09:07,,,,,,triangulate signals,
Relationship,Coordinates,Coordinates,Relationship_Coordinates_556,,,,,,,,,,,,,,,,,,,13/10/40 09:08,,,,,,triangulation,
Relationship,Coordinates,Coordinates,Relationship_Coordinates_565,,,,,,,,,,,,,,,,,,,13/10/40 12:17,,,,,,observation,
Relationship,Coordinates,Coordinates,Relationship_Coordinates_573,,,,,,,,,,,,,,,,,,,13/10/40 12:34,,,,,,water sample collection and vessel movement documentation,
Relationship,Coordinates,Coordinates,Relationship_Coordinates_578,,,,,,,,,,,,,,,,,,,13/10/40 12:41,,,,,,patrol,
Relationship,Coordinates,Coordinates,Relationship_Coordinates_609,,,,,,,,,,,,,,,,,,,14/10/40 10:58,,,,,,environmental monitoring,
Relationship,Coordinates,Coordinates,Relationship_Coordinates_614,,,,,,,,,,,,,,,,,,,14/10/40 11:32,,,,,,documentation,
Relationship,Coordinates,Coordinates,Relationship_Coordinates_616,,,,,,,,,,,,,,,,,,,14/10/40 11:36,,,,,,surveillance,
Relationship,Coordinates,Coordinates,Relationship_Coordinates_618,,,,,,,,,,,,,,,,,,,14/10/40 02:00,,,,,,equipment transfer,
Relationship,Coordinates,Coordinates,Relationship_Coordinates_621,,,,,,,,,,,,,,,,,,,14/10/40 12:17,,,,,,positioning,
Relationship,Coordinates,Coordinates,Relationship_Coordinates_623,,,,,,,,,,,,,,,,,,,,,,,,,Security protocols for Nemo Reef operation,
Relationship,Coordinates,Coordinates,Relationship_Coordinates_629,,,,,,,,,,,,,,,,,,,14/10/40 22:00,,,,,,equipment transfer,
Relationship,Operates,Operates,Relationship_Operates_36,,,,,,,,,,,,,,,,,,,,,,,,,,monitoring
Relationship,Operates,Operates,Relationship_Operates_58,,,,,,,,,,,,,,,,,,,,,,,,,,Sailor Shifts Team
Relationship,Operates,Operates,Relationship_Operates_59,,,,,,,,,,,,,,,,,,,,,,,,,,Sailor Shifts Team
Relationship,Operates,Operates,Relationship_Operates_65,,,,,,,,,,,,,,,,,,,,,,,,,,Captain
Relationship,Operates,Operates,Relationship_Operates_75,,,,,,,,,,,,,,,,,,,,,,,,,,captain
Relationship,Operates,Operates,Relationship_Operates_97,,,,,,,,,,,,,,,,,,,,,,,,,,tourism
Relationship,Operates,Operates,Relationship_Operates_103,,,,,,,,,,,,,,,,,,,,,,,,,,shell company
Relationship,Operates,Operates,Relationship_Operates_109,,,,,,,,,,,,,,,,,,,,,,,,,,rare earth extraction
Relationship,Operates,Operates,Relationship_Operates_153,,,,,,,,,,,,,,,,,,,,,,,,,,financial operations
Relationship,Operates,Operates,Relationship_Operates_154,,,,,,,,,,,,,,,,,,,,,,,,,,financial management
Relationship,Operates,Operates,Relationship_Operates_176,,,,,,,,,,,,,,,,,,,,,,,,,,patrol
Relationship,Operates,Operates,Relationship_Operates_202,,,,,,,,,,,,,,,,,,,,,,,,,,equipment loading
Relationship,Operates,Operates,Relationship_Operates_210,,,,,,,,,,,,,,,,,,,,,,,,,,financial
Relationship,Operates,Operates,Relationship_Operates_211,,,,,,,,,,,,,,,,,,,,,,,,,,financial management
Relationship,Operates,Operates,Relationship_Operates_255,,,,,,,,,,,,,,,,,,,6/10/40 12:31,,,,,,,tourism activities
Relationship,Operates,Operates,Relationship_Operates_256,,,,,,,,,,,,,,,,,,,6/10/40 12:31,,,,,,,tourism activities
Relationship,Operates,Operates,Relationship_Operates_271,,,,,,,,,,,,,,,,,,,,,,,,,,Harbor Response
Relationship,Operates,Operates,Relationship_Operates_283,,,,,,,,,,,,,,,,,,,7/10/40 09:38,,,,,,,financial controller
Relationship,Operates,Operates,Relationship_Operates_327,,,,,,,,,,,,,,,,,,,,,,,,,,special marine research
Relationship,Operates,Operates,Relationship_Operates_351,,,,,,,,,,,,,,,,,,,,,,,,,,vessel operator
Relationship,Operates,Operates,Relationship_Operates_352,,,,,,,,,,,,,,,,,,,,,,,,,,Mako
Relationship,Operates,Operates,Relationship_Operates_367,,,,,,,,,,,,,,,,,,,,,,,,,,supervising
Relationship,Operates,Operates,Relationship_Operates_439,,,,,,,,,,,,,,,,,,,,,,,,,,Intern
Relationship,Operates,Operates,Relationship_Operates_459,,,,,,,,,,,,,,,,,,,,,,,,,,security personnel
Relationship,Operates,Operates,Relationship_Operates_461,,,,,,,,,,,,,,,,,,,,,,,,,,security
Relationship,Operates,Operates,Relationship_Operates_463,,,,,,,,,,,,,,,,,,,,,,,,,,
Relationship,Operates,Operates,Relationship_Operates_474,,,,,,,,,,,,,,,,,,,11/10/40 10:05,,,,,,,permit #CR-7844 operations
Relationship,Operates,Operates,Relationship_Operates_476,,,,,,,,,,,,,,,,,,,,,,,,,,morale management
Relationship,Operates,Operates,Relationship_Operates_505,,,,,,,,,,,,,,,,,,,,,,,,,,stabilization equipment testing
Relationship,Operates,Operates,Relationship_Operates_506,,,,,,,,,,,,,,,,,,,13/10/40 05:00,,,,,,,stabilization equipment operator
Relationship,Operates,Operates,Relationship_Operates_514,,,,,,,,,,,,,,,,,,,,,,,,,,communication and security oversight
Relationship,Operates,Operates,Relationship_Operates_519,,,,,,,,,,,,,,,,,,,,,,,,,,oversee crew reallocation
Relationship,Operates,Operates,Relationship_Operates_521,,,,,,,,,,,,,,,,,,,,,,,,,,environmental monitoring
Relationship,Operates,Operates,Relationship_Operates_538,,,,,,,,,,,,,,,,,,,,,,,,,,Security team
Relationship,Operates,Operates,Relationship_Operates_543,,,,,,,,,,,,,,,,,,,13/10/40 06:00,,,,,,,
Relationship,Operates,Operates,Relationship_Operates_546,,,,,,,,,,,,,,,,,,,12/10/40 06:00,,,,,,,security
Relationship,Operates,Operates,Relationship_Operates_566,,,,,,,,,,,,,,,,,,,,,,,,,,Reef Guardian
Relationship,Operates,Operates,Relationship_Operates_592,,,,,,,,,,,,,,,,,,,,,,,,,,underwater filming
Relationship,Operates,Operates,Relationship_Operates_593,,,,,,,,,,,,,,,,,,,,,,,,,,Sailor Shifts
Relationship,Operates,Operates,Relationship_Operates_602,,,,,,,,,,,,,,,,,,,,,,,,,,Operation manager
Relationship,Suspicious,Suspicious,Relationship_Suspicious_71,,,,,,,,,,,,,,,,,,,,,,,,,,
Relationship,Suspicious,Suspicious,Relationship_Suspicious_74,,,,,,,,,,,,,,,,,,,,,,,,,,
Relationship,Suspicious,Suspicious,Relationship_Suspicious_106,,,,,,,,,,,,,,,,,,,,,,,,,,
Relationship,Suspicious,Suspicious,Relationship_Suspicious_107,,,,,,,,,,,,,,,,,,,,,,,,,,
Relationship,Suspicious,Suspicious,Relationship_Suspicious_108,,,,,,,,,,,,,,,,,,,,,,,,,,
Relationship,Suspicious,Suspicious,Relationship_Suspicious_110,,,,,,,,,,,,,,,,,,,,,,,,,,
Relationship,Suspicious,Suspicious,Relationship_Suspicious_112,,,,,,,,,,,,,,,,,,,,,,,,,,
Relationship,Suspicious,Suspicious,Relationship_Suspicious_113,,,,,,,,,,,,,,,,,,,,,,,,,,
Relationship,Suspicious,Suspicious,Relationship_Suspicious_123,,,,,,,,,,,,,,,,,,,,,,,,,,
Relationship,Suspicious,Suspicious,Relationship_Suspicious_145,,,,,,,,,,,,,,,,,,,,,,,,,,
Relationship,Suspicious,Suspicious,Relationship_Suspicious_209,,,,,,,,,,,,,,,,,,,,,,,,,,
Relationship,Suspicious,Suspicious,Relationship_Suspicious_217,,,,,,,,,,,,,,,,,,,,,,,,,,
Relationship,Suspicious,Suspicious,Relationship_Suspicious_219,,,,,,,,,,,,,,,,,,,,,,,,,,
Relationship,Suspicious,Suspicious,Relationship_Suspicious_293,,,,,,,,,,,,,,,,,,,,,,,,,,
Relationship,Suspicious,Suspicious,Relationship_Suspicious_294,,,,,,,,,,,,,,,,,,,,,,,,,,
Relationship,Suspicious,Suspicious,Relationship_Suspicious_317,,,,,,,,,,,,,,,,,,,,,,,,,,
Relationship,Suspicious,Suspicious,Relationship_Suspicious_341,,,,,,,,,,,,,,,,,,,,,,,,,,
Relationship,Suspicious,Suspicious,Relationship_Suspicious_360,,,,,,,,,,,,,,,,,,,,,,,,,,
Relationship,Suspicious,Suspicious,Relationship_Suspicious_368,,,,,,,,,,,,,,,,,,,,,,,,,,
Relationship,Suspicious,Suspicious,Relationship_Suspicious_410,,,,,,,,,,,,,,,,,,,,,,,,,,
Relationship,Suspicious,Suspicious,Relationship_Suspicious_426,,,,,,,,,,,,,,,,,,,,,,,,,,
Relationship,Suspicious,Suspicious,Relationship_Suspicious_436,,,,,,,,,,,,,,,,,,,,,,,,,,
Relationship,Suspicious,Suspicious,Relationship_Suspicious_457,,,,,,,,,,,,,,,,,,,,,,,,,,
Relationship,Suspicious,Suspicious,Relationship_Suspicious_470,,,,,,,,,,,,,,,,,,,,,,,,,,
Relationship,Suspicious,Suspicious,Relationship_Suspicious_483,,,,,,,,,,,,,,,,,,,,,,,,,,
Relationship,Suspicious,Suspicious,Relationship_Suspicious_485,,,,,,,,,,,,,,,,,,,,,,,,,,
Relationship,Suspicious,Suspicious,Relationship_Suspicious_577,,,,,,,,,,,,,,,,,,,,,,,,,,
Relationship,Suspicious,Suspicious,Relationship_Suspicious_600,,,,,,,,,,,,,,,,,,,,,,,,,,
Relationship,Unfriendly,Unfriendly,Relationship_Unfriendly_130,,,,,,,,,,,,,,,,,,,,,,,,,,
Relationship,Unfriendly,Unfriendly,Relationship_Unfriendly_229,,,,,,,,,,,,,,,,,,,,,,,,,,
Relationship,Unfriendly,Unfriendly,Relationship_Unfriendly_312,,,,,,,,,,,,,,,,,,,,,,,,,,
Relationship,Unfriendly,Unfriendly,Relationship_Unfriendly_567,,,,,,,,,,,,,,,,,,,,,,,,,,
Relationship,Unfriendly,Unfriendly,Relationship_Unfriendly_625,,,,,,,,,,,,,,,,,,,,,,,,,,