id,is_inferred,source,target,type,,,,
2,TRUE,Sam,Relationship_Suspicious_217,,,,,
3,FALSE,Sam,Event_Communication_370,sent,,,,
5,TRUE,Sam,Event_Assessment_600,,,,,
3013,TRUE,Sam,Relationship_Colleagues_430,,,,,
,TRUE,Sam,Relationship_Friends_272,,,,,
,TRUE,Sam,Relationship_Colleagues_215,,,,,
,TRUE,Sam,Relationship_Colleagues_431,,,,,
8,FALSE,Kelly,Event_Communication_3,sent,,,,
10,FALSE,Kelly,Event_Communication_443,sent,,,,
,TRUE,Kelly,Relationship_Friends_272,,,,,
,TRUE,Kelly,Relationship_Colleagues_215,,,,,
14,TRUE,Nadia Conti,Relationship_AccessPermission_181,,,,,
13,FALSE,Nadia Conti,Event_Communication_331,sent,,,,
15,FALSE,Nadia Conti,Event_Communication_334,sent,,,,
16,FALSE,Nadia Conti,Event_Communication_529,sent,,,,
17,FALSE,Nadia Conti,Event_Communication_536,sent,,,,
3485,TRUE,Nadia Conti,Relationship_Colleagues_321,,,,,
20,FALSE,Nadia Conti,Event_Communication_538,sent,,,,
21,FALSE,Nadia Conti,Event_Communication_584,sent,,,,
22,TRUE,Nadia Conti,Relationship_Coordinates_493,,,,,
3604,TRUE,Nadia Conti,Relationship_Colleagues_494,,,,,
24,FALSE,Nadia Conti,Event_Communication_795,sent,,,,
25,FALSE,Nadia Conti,Event_Communication_847,sent,,,,
26,TRUE,Nadia Conti,Event_Collaborate_868,,,,,
,TRUE,Nadia Conti,Relationship_Colleagues_431,,,,,
,TRUE,Nadia Conti,Relationship_Colleagues_551,,,,,
,TRUE,Nadia Conti,Relationship_Colleagues_322,,,,,
,TRUE,Nadia Conti,Relationship_Colleagues_319,,,,,
29,FALSE,Elise,Event_Communication_528,sent,,,,
30,TRUE,Elise,Relationship_Suspicious_360,,,,,
31,FALSE,Elise,Event_Communication_601,sent,,,,
32,FALSE,Elise,Event_Communication_647,sent,,,,
33,TRUE,Elise,Relationship_Coordinates_428,,,,,
35,FALSE,Elise,Event_Communication_708,sent,,,,
36,FALSE,Elise,Event_Communication_727,sent,,,,
3486,TRUE,Elise,Relationship_Colleagues_430,,,,,
3046,TRUE,Elise,Relationship_Colleagues_321,,,,,
,TRUE,Elise,Relationship_Colleagues_320,,,,,
46,TRUE,Liam Thorne,Event_Assessment_41,,,,,
38,TRUE,Liam Thorne,Event_Enforcement_42,,,,,
42,TRUE,Liam Thorne,Relationship_Coordinates_24,,,,,
41,FALSE,Liam Thorne,Event_Communication_43,sent,,,,
44,TRUE,Liam Thorne,Relationship_Coordinates_172,,,,,
48,FALSE,Liam Thorne,Event_Communication_338,sent,,,,
49,TRUE,Liam Thorne,Relationship_AccessPermission_313,,,,,
51,FALSE,Liam Thorne,Event_Communication_531,sent,,,,
53,TRUE,Liam Thorne,Event_Monitoring_534,,,,,
54,TRUE,Liam Thorne,Relationship_Suspicious_317,,,,,
56,FALSE,Liam Thorne,Event_Communication_535,sent,,,,
57,TRUE,Liam Thorne,Event_Collaborate_697,,,,,
59,TRUE,Liam Thorne,Relationship_Coordinates_423,,,,,
58,TRUE,Liam Thorne,Event_Collaborate_723,,,,,
61,TRUE,Liam Thorne,Relationship_Suspicious_436,,,,,
62,FALSE,Liam Thorne,Event_Communication_724,sent,,,,
63,TRUE,Liam Thorne,Relationship_Coordinates_445,,,,,
64,FALSE,Liam Thorne,Event_Communication_739,sent,,,,
65,FALSE,Liam Thorne,Event_Communication_749,sent,,,,
67,FALSE,Liam Thorne,Event_Communication_753,sent,,,,
69,FALSE,Liam Thorne,Event_Communication_881,sent,,,,
52,TRUE,Liam Thorne,Relationship_Reports_587,,,,,
72,FALSE,Liam Thorne,Event_Communication_933,sent,,,,
73,FALSE,Liam Thorne,Event_Communication_953,sent,,,,
3734,TRUE,Liam Thorne,Relationship_Colleagues_494,,,,,
,TRUE,Liam Thorne,Relationship_Colleagues_121,,,,,
74,TRUE,Samantha Blake,Relationship_Coordinates_30,,,,,
75,FALSE,Samantha Blake,Event_Communication_64,sent,,,,
77,FALSE,Samantha Blake,Event_Communication_67,sent,,,,
79,FALSE,Samantha Blake,Event_Communication_103,sent,,,,
80,FALSE,Samantha Blake,Event_Communication_113,sent,,,,
81,TRUE,Samantha Blake,Relationship_Coordinates_226,,,,,
83,FALSE,Samantha Blake,Event_Communication_381,sent,,,,
84,TRUE,Samantha Blake,Relationship_Unfriendly_229,,,,,
86,FALSE,Samantha Blake,Event_Communication_544,sent,,,,
88,FALSE,Samantha Blake,Event_Communication_640,sent,,,,
89,FALSE,Samantha Blake,Event_Communication_685,sent,,,,
87,TRUE,Samantha Blake,Relationship_AccessPermission_415,,,,,
91,FALSE,Samantha Blake,Event_Communication_687,sent,,,,
92,TRUE,Samantha Blake,Relationship_Operates_459,,,,,
93,TRUE,Samantha Blake,Relationship_Operates_463,,,,,
94,FALSE,Davis,Event_Communication_20,sent,,,,
97,FALSE,Davis,Event_Communication_115,sent,,,,
120,TRUE,Davis,Relationship_Operates_58,,,,,
99,TRUE,Davis,Relationship_Operates_65,,,,,
102,FALSE,Davis,Event_Communication_260,sent,,,,
104,TRUE,Davis,Relationship_AccessPermission_161,,,,,
105,FALSE,Davis,Event_Communication_281,sent,,,,
107,FALSE,Davis,Event_Communication_282,sent,,,,
110,FALSE,Davis,Event_Communication_291,sent,,,,
112,FALSE,Davis,Event_Communication_295,sent,,,,
114,FALSE,Davis,Event_Communication_343,sent,,,,
116,FALSE,Davis,Event_Communication_521,sent,,,,
118,FALSE,Davis,Event_Communication_548,sent,,,,
119,TRUE,Davis,Event_Collaborate_550,,,,,
121,FALSE,Davis,Event_Communication_551,sent,,,,
122,FALSE,Davis,Event_Communication_581,sent,,,,
124,FALSE,Davis,Event_Communication_582,sent,,,,
125,TRUE,Davis,Event_Assessment_583,,,,,
126,TRUE,Davis,Relationship_Operates_351,,,,,
127,FALSE,Davis,Event_Communication_585,sent,,,,
128,TRUE,Davis,Relationship_Operates_352,,,,,
130,FALSE,Davis,Event_Communication_639,sent,,,,
132,FALSE,Davis,Event_Communication_802,sent,,,,
133,TRUE,Davis,Event_Collaborate_818,,,,,
135,TRUE,Davis,Relationship_AccessPermission_511,,,,,
136,FALSE,Davis,Event_Communication_819,sent,,,,
139,FALSE,Davis,Event_Communication_844,sent,,,,
140,FALSE,Davis,Event_Communication_845,sent,,,,
142,TRUE,Davis,Relationship_Operates_543,,,,,
103,TRUE,Davis,Relationship_Operates_546,,,,,
145,FALSE,Davis,Event_Communication_853,sent,,,,
146,TRUE,Davis,Event_Collaborate_868,,,,,
148,FALSE,Davis,Event_Communication_869,sent,,,,
150,TRUE,Davis,Relationship_AccessPermission_564,,,,,
152,TRUE,Davis,Relationship_Suspicious_577,,,,,
153,FALSE,Davis,Event_Communication_916,sent,,,,
155,FALSE,Davis,Event_Communication_963,sent,,,,
157,FALSE,Davis,Event_Communication_964,sent,,,,
3760,TRUE,Davis,Relationship_Colleagues_619,,,,,
160,FALSE,Davis,Event_Communication_986,sent,,,,
,TRUE,Davis,Relationship_Colleagues_551,,,,,
,TRUE,Davis,Relationship_Colleagues_45,,,,,
,TRUE,Davis,Relationship_Colleagues_536,,,,,
,TRUE,Davis,Relationship_Colleagues_617,,,,,
,TRUE,Davis,Relationship_Colleagues_66,,,,,
,TRUE,Davis,Relationship_Colleagues_628,,,,,
162,TRUE,Rodriguez,Relationship_Operates_75,,,,,
163,FALSE,Rodriguez,Event_Communication_142,sent,,,,
165,TRUE,Rodriguez,Event_Assessment_198,,,,,
167,FALSE,Rodriguez,Event_Communication_199,sent,,,,
169,TRUE,Rodriguez,Event_Collaborate_200,,,,,
170,TRUE,Rodriguez,Relationship_Suspicious_113,,,,,
171,FALSE,Rodriguez,Event_Communication_240,sent,,,,
172,FALSE,Rodriguez,Event_Communication_328,sent,,,,
174,FALSE,Rodriguez,Event_Communication_401,sent,,,,
176,FALSE,Rodriguez,Event_Communication_511,sent,,,,
177,FALSE,Rodriguez,Event_Communication_562,sent,,,,
178,TRUE,Rodriguez,Relationship_Operates_352,,,,,
180,FALSE,Rodriguez,Event_Communication_588,sent,,,,
175,TRUE,Rodriguez,Relationship_Operates_476,,,,,
182,FALSE,Rodriguez,Event_Communication_764,sent,,,,
184,FALSE,Rodriguez,Event_Communication_804,sent,,,,
185,FALSE,Rodriguez,Event_Communication_805,sent,,,,
187,TRUE,Rodriguez,Relationship_Operates_505,,,,,
188,FALSE,Rodriguez,Event_Communication_810,sent,,,,
189,FALSE,Rodriguez,Event_Communication_893,sent,,,,
190,FALSE,Rodriguez,Event_Communication_982,sent,,,,
4255,TRUE,Rodriguez,Relationship_Colleagues_619,,,,,
,TRUE,Rodriguez,Relationship_Colleagues_102,,,,,
,TRUE,Rodriguez,Relationship_Colleagues_16,,,,,
,TRUE,Rodriguez,Relationship_Colleagues_83,,,,,
,TRUE,Sailor Shift,Relationship_Colleagues_45,,,,,
192,FALSE,Clepper Jensen,Event_Communication_128,sent,,,,
194,TRUE,Clepper Jensen,Relationship_Suspicious_71,,,,,
195,FALSE,Clepper Jensen,Event_Communication_131,sent,,,,
197,FALSE,Clepper Jensen,Event_Communication_132,sent,,,,
198,FALSE,Clepper Jensen,Event_Communication_135,sent,,,,
208,TRUE,Clepper Jensen,Relationship_Suspicious_106,,,,,
193,TRUE,Clepper Jensen,Relationship_Suspicious_107,,,,,
202,TRUE,Clepper Jensen,Relationship_Suspicious_108,,,,,
203,FALSE,Clepper Jensen,Event_Communication_203,sent,,,,
205,FALSE,Clepper Jensen,Event_Communication_205,sent,,,,
207,FALSE,Clepper Jensen,Event_Communication_207,sent,,,,
210,FALSE,Clepper Jensen,Event_Communication_357,sent,,,,
212,FALSE,Clepper Jensen,Event_Communication_360,sent,,,,
213,FALSE,Clepper Jensen,Event_Communication_362,sent,,,,
214,TRUE,Clepper Jensen,Relationship_Reports_218,,,,,
216,FALSE,Clepper Jensen,Event_Communication_377,sent,,,,
218,FALSE,Clepper Jensen,Event_Communication_468,sent,,,,
220,FALSE,Clepper Jensen,Event_Communication_470,sent,,,,
221,FALSE,Clepper Jensen,Event_Communication_474,sent,,,,
223,FALSE,Clepper Jensen,Event_Communication_476,sent,,,,
225,FALSE,Clepper Jensen,Event_Communication_479,sent,,,,
227,FALSE,Clepper Jensen,Event_Communication_768,sent,,,,
229,FALSE,Clepper Jensen,Event_Communication_771,sent,,,,
231,FALSE,Clepper Jensen,Event_Communication_773,sent,,,,
233,TRUE,Clepper Jensen,Relationship_Suspicious_485,,,,,
234,FALSE,Clepper Jensen,Event_Communication_775,sent,,,,
,TRUE,Clepper Jensen,Relationship_Colleagues_290,,,,,
236,FALSE,Miranda Jordan,Event_Communication_126,sent,,,,
237,TRUE,Miranda Jordan,Event_Monitoring_129,,,,,
239,TRUE,Miranda Jordan,Relationship_Reports_69,,,,,
240,FALSE,Miranda Jordan,Event_Communication_130,sent,,,,
241,TRUE,Miranda Jordan,Event_Monitoring_133,,,,,
242,TRUE,Miranda Jordan,Relationship_Reports_73,,,,,
243,TRUE,Miranda Jordan,Relationship_Suspicious_74,,,,,
244,FALSE,Miranda Jordan,Event_Communication_134,sent,,,,
246,FALSE,Miranda Jordan,Event_Communication_201,sent,,,,
245,TRUE,Miranda Jordan,Relationship_Suspicious_110,,,,,
248,FALSE,Miranda Jordan,Event_Communication_204,sent,,,,
249,FALSE,Miranda Jordan,Event_Communication_206,sent,,,,
250,TRUE,Miranda Jordan,Event_Monitoring_358,,,,,
251,TRUE,Miranda Jordan,Relationship_Reports_205,,,,,
252,FALSE,Miranda Jordan,Event_Communication_359,sent,,,,
253,FALSE,Miranda Jordan,Event_Communication_361,sent,,,,
254,FALSE,Miranda Jordan,Event_Communication_376,sent,,,,
255,FALSE,Miranda Jordan,Event_Communication_469,sent,,,,
256,FALSE,Miranda Jordan,Event_Communication_473,sent,,,,
257,FALSE,Miranda Jordan,Event_Communication_475,sent,,,,
258,TRUE,Miranda Jordan,Relationship_Reports_288,,,,,
259,FALSE,Miranda Jordan,Event_Communication_478,sent,,,,
260,FALSE,Miranda Jordan,Event_Communication_767,sent,,,,
261,FALSE,Miranda Jordan,Event_Communication_770,sent,,,,
262,FALSE,Miranda Jordan,Event_Communication_772,sent,,,,
263,TRUE,Miranda Jordan,Relationship_Suspicious_483,,,,,
264,FALSE,Miranda Jordan,Event_Communication_774,sent,,,,
265,TRUE,Miranda Jordan,Relationship_Suspicious_485,,,,,
266,FALSE,Miranda Jordan,Event_Communication_776,sent,,,,
,TRUE,Miranda Jordan,Relationship_Colleagues_290,,,,,
268,FALSE,The Intern,Event_Communication_2,sent,,,,
271,FALSE,The Intern,Event_Communication_5,sent,,,,
273,FALSE,The Intern,Event_Communication_89,sent,,,,
285,TRUE,The Intern,Relationship_Reports_41,,,,,
276,FALSE,The Intern,Event_Communication_92,sent,,,,
1956,TRUE,The Intern,Relationship_Colleagues_84,,,,,
279,FALSE,The Intern,Event_Communication_160,sent,,,,
280,FALSE,The Intern,Event_Communication_162,sent,,,,
281,FALSE,The Intern,Event_Communication_246,sent,,,,
284,FALSE,The Intern,Event_Communication_318,sent,,,,
286,FALSE,The Intern,Event_Communication_372,sent,,,,
287,FALSE,The Intern,Event_Communication_442,sent,,,,
288,TRUE,The Intern,Relationship_Coordinates_274,,,,,
289,FALSE,The Intern,Event_Communication_446,sent,,,,
290,FALSE,The Intern,Event_Communication_525,sent,,,,
292,FALSE,The Intern,Event_Communication_596,sent,,,,
294,FALSE,The Intern,Event_Communication_599,sent,,,,
295,TRUE,The Intern,Event_Assessment_650,,,,,
297,FALSE,The Intern,Event_Communication_651,sent,,,,
298,TRUE,The Intern,Relationship_AccessPermission_425,,,,,
299,TRUE,The Intern,Relationship_Suspicious_426,,,,,
300,FALSE,The Intern,Event_Communication_702,sent,,,,
301,TRUE,The Intern,Event_Assessment_703,,,,,
302,TRUE,The Intern,Event_Monitoring_704,,,,,
304,FALSE,The Intern,Event_Communication_705,sent,,,,
306,FALSE,The Intern,Event_Communication_715,sent,,,,
269,TRUE,The Intern,Event_Collaborate_719,,,,,
310,FALSE,The Intern,Event_Communication_720,sent,,,,
311,TRUE,The Intern,Event_Assessment_729,,,,,
312,TRUE,The Intern,Relationship_Operates_439,,,,,
313,FALSE,The Intern,Event_Communication_860,sent,,,,
315,FALSE,The Intern,Event_Communication_864,sent,,,,
317,FALSE,The Intern,Event_Communication_921,sent,,,,
320,FALSE,The Intern,Event_Communication_925,sent,,,,
4089,TRUE,The Intern,Relationship_Colleagues_589,,,,,
322,FALSE,The Intern,Event_Communication_936,sent,,,,
,TRUE,The Intern,Relationship_Friends_0,,,,,
323,TRUE,The Lookout,Event_Monitoring_0,,,,,
324,FALSE,The Lookout,Event_Communication_1,sent,,,,
326,FALSE,The Lookout,Event_Communication_87,sent,,,,
329,FALSE,The Lookout,Event_Communication_94,sent,,,,
330,FALSE,The Lookout,Event_Communication_159,sent,,,,
332,FALSE,The Lookout,Event_Communication_171,sent,,,,
334,FALSE,The Lookout,Event_Communication_189,sent,,,,
335,FALSE,The Lookout,Event_Communication_244,sent,,,,
336,FALSE,The Lookout,Event_Communication_297,sent,,,,
337,FALSE,The Lookout,Event_Communication_317,sent,,,,
338,TRUE,The Lookout,Relationship_Suspicious_219,,,,,
339,FALSE,The Lookout,Event_Communication_371,sent,,,,
340,FALSE,The Lookout,Event_Communication_441,sent,,,,
341,TRUE,The Lookout,Event_Monitoring_444,,,,,
342,TRUE,The Lookout,Event_Assessment_445,,,,,
343,FALSE,The Lookout,Event_Communication_523,sent,,,,
345,FALSE,The Lookout,Event_Communication_590,sent,,,,
351,TRUE,The Lookout,Relationship_Reports_355,,,,,
347,FALSE,The Lookout,Event_Communication_593,sent,,,,
349,FALSE,The Lookout,Event_Communication_594,sent,,,,
377,TRUE,The Lookout,Event_Monitoring_595,,,,,
352,FALSE,The Lookout,Event_Communication_619,sent,,,,
354,FALSE,The Lookout,Event_Communication_649,sent,,,,
355,FALSE,The Lookout,Event_Communication_652,sent,,,,
356,FALSE,The Lookout,Event_Communication_683,sent,,,,
357,FALSE,The Lookout,Event_Communication_712,sent,,,,
358,FALSE,The Lookout,Event_Communication_714,sent,,,,
359,FALSE,The Lookout,Event_Communication_717,sent,,,,
361,TRUE,The Lookout,Event_Assessment_791,,,,,
363,FALSE,The Lookout,Event_Communication_792,sent,,,,
364,FALSE,The Lookout,Event_Communication_794,sent,,,,
365,TRUE,The Lookout,Event_Monitoring_797,,,,,
366,TRUE,The Lookout,Event_VesselMovement_798,,,,,
367,FALSE,The Lookout,Event_Communication_799,sent,,,,
368,FALSE,The Lookout,Event_Communication_859,sent,,,,
369,FALSE,The Lookout,Event_Communication_862,sent,,,,
370,FALSE,The Lookout,Event_Communication_912,sent,,,,
372,FALSE,The Lookout,Event_Communication_923,sent,,,,
374,FALSE,The Lookout,Event_Communication_926,sent,,,,
375,FALSE,The Lookout,Event_Communication_935,sent,,,,
376,FALSE,The Lookout,Event_Communication_937,sent,,,,
378,FALSE,The Lookout,Event_Communication_991,sent,,,,
,TRUE,The Lookout,Relationship_Friends_0,,,,,
4126,TRUE,The Lookout,Relationship_Colleagues_589,,,,,
380,FALSE,The Accountant,Event_Communication_726,sent,,,,
381,TRUE,The Accountant,Relationship_Coordinates_550,,,,,
382,FALSE,The Accountant,Event_Communication_866,sent,,,,
379,TRUE,The Accountant,Relationship_Suspicious_600,,,,,
4163,TRUE,The Accountant,Relationship_Colleagues_601,,,,,
386,FALSE,The Accountant,Event_Communication_951,sent,,,,
,TRUE,The Accountant,Relationship_Colleagues_322,,,,,
,TRUE,The Accountant,Relationship_Colleagues_599,,,,,
1707,TRUE,Mrs. Money,Relationship_Colleagues_2,,,,,
388,FALSE,Mrs. Money,Event_Communication_6,sent,,,,
390,FALSE,Mrs. Money,Event_Communication_8,sent,,,,
391,FALSE,Mrs. Money,Event_Communication_22,sent,,,,
392,FALSE,Mrs. Money,Event_Communication_90,sent,,,,
393,FALSE,Mrs. Money,Event_Communication_91,sent,,,,
396,FALSE,Mrs. Money,Event_Communication_120,sent,,,,
397,FALSE,Mrs. Money,Event_Communication_161,sent,,,,
398,FALSE,Mrs. Money,Event_Communication_163,sent,,,,
399,FALSE,Mrs. Money,Event_Communication_248,sent,,,,
401,FALSE,Mrs. Money,Event_Communication_250,sent,,,,
402,TRUE,Mrs. Money,Relationship_Operates_154,,,,,
403,TRUE,Mrs. Money,Relationship_AccessPermission_156,,,,,
2351,TRUE,Mrs. Money,Relationship_Colleagues_158,,,,,
406,FALSE,Mrs. Money,Event_Communication_280,sent,,,,
407,TRUE,Mrs. Money,Relationship_Operates_211,,,,,
408,FALSE,Mrs. Money,Event_Communication_367,sent,,,,
409,FALSE,Mrs. Money,Event_Communication_369,sent,,,,
410,FALSE,Mrs. Money,Event_Communication_373,sent,,,,
411,FALSE,Mrs. Money,Event_Communication_458,sent,,,,
412,TRUE,Mrs. Money,Event_Assessment_463,,,,,
400,TRUE,Mrs. Money,Relationship_Operates_283,,,,,
414,FALSE,Mrs. Money,Event_Communication_464,sent,,,,
415,FALSE,Mrs. Money,Event_Communication_541,sent,,,,
416,FALSE,Mrs. Money,Event_Communication_597,sent,,,,
417,TRUE,Mrs. Money,Relationship_AccessPermission_425,,,,,
418,TRUE,Mrs. Money,Relationship_Suspicious_426,,,,,
419,TRUE,Mrs. Money,Event_Assessment_729,,,,,
420,TRUE,Mrs. Money,Relationship_Operates_439,,,,,
421,FALSE,Mrs. Money,Event_Communication_730,sent,,,,
2055,TRUE,Mrs. Money,Relationship_Colleagues_84,,,,,
422,FALSE,The Middleman,Event_Communication_10,sent,,,,
423,FALSE,The Middleman,Event_Communication_12,sent,,,,
1677,TRUE,The Middleman,Relationship_Colleagues_11,,,,,
427,FALSE,The Middleman,Event_Communication_39,sent,,,,
428,FALSE,The Middleman,Event_Communication_40,sent,,,,
429,FALSE,The Middleman,Event_Communication_150,sent,,,,
430,FALSE,The Middleman,Event_Communication_275,sent,,,,
431,TRUE,The Middleman,Event_Collaborate_276,,,,,
434,FALSE,The Middleman,Event_Communication_278,sent,,,,
435,FALSE,The Middleman,Event_Communication_279,sent,,,,
436,FALSE,The Middleman,Event_Communication_519,sent,,,,
437,FALSE,The Middleman,Event_Communication_721,sent,,,,
438,TRUE,The Middleman,Relationship_Coordinates_437,,,,,
440,TRUE,The Middleman,Relationship_Reports_496,,,,,
441,FALSE,The Middleman,Event_Communication_796,sent,,,,
442,FALSE,The Middleman,Event_Communication_867,sent,,,,
445,FALSE,The Middleman,Event_Communication_950,sent,,,,
4171,TRUE,The Middleman,Relationship_Colleagues_601,,,,,
2364,TRUE,The Middleman,Relationship_Colleagues_158,,,,,
448,FALSE,Boss,Event_Communication_7,sent,,,,
449,FALSE,Boss,Event_Communication_9,sent,,,,
450,FALSE,Boss,Event_Communication_11,sent,,,,
452,FALSE,Boss,Event_Communication_21,sent,,,,
461,TRUE,Boss,Relationship_AccessPermission_101,,,,,
456,FALSE,Boss,Event_Communication_249,sent,,,,
457,TRUE,Boss,Event_Collaborate_276,,,,,
459,FALSE,Boss,Event_Communication_277,sent,,,,
460,TRUE,Boss,Relationship_Operates_153,,,,,
463,FALSE,Boss,Event_Communication_312,sent,,,,
464,FALSE,Boss,Event_Communication_316,sent,,,,
466,TRUE,Boss,Relationship_Suspicious_209,,,,,
467,TRUE,Boss,Relationship_Operates_210,,,,,
468,FALSE,Boss,Event_Communication_366,sent,,,,
469,TRUE,Boss,Relationship_Operates_602,,,,,
,TRUE,Boss,Relationship_Colleagues_536,,,,,
,TRUE,Boss,Relationship_Colleagues_102,,,,,
,TRUE,Boss,Relationship_Colleagues_599,,,,,
1672,TRUE,Boss,Relationship_Colleagues_2,,,,,
1708,TRUE,Boss,Relationship_Colleagues_11,,,,,
,TRUE,Boss,Relationship_Colleagues_535,,,,,
470,FALSE,Small Fry,Event_Communication_143,sent,,,,
471,TRUE,Small Fry,Event_VesselMovement_154,,,,,
473,FALSE,Small Fry,Event_Communication_156,sent,,,,
474,TRUE,Small Fry,Event_Collaborate_512,,,,,
475,TRUE,Small Fry,Relationship_AccessPermission_303,,,,,
476,TRUE,Small Fry,Relationship_AccessPermission_304,,,,,
477,FALSE,Small Fry,Event_Communication_513,sent,,,,
478,TRUE,Small Fry,Relationship_Operates_506,,,,,
479,FALSE,Small Fry,Event_Communication_811,sent,,,,
482,TRUE,Small Fry,Relationship_Reports_537,,,,,
483,FALSE,Small Fry,Event_Communication_842,sent,,,,
484,FALSE,Small Fry,Event_Communication_955,sent,,,,
486,TRUE,Small Fry,Relationship_Coordinates_618,,,,,
487,FALSE,Small Fry,Event_Communication_984,sent,,,,
,TRUE,Small Fry,Relationship_Colleagues_617,,,,,
,TRUE,Small Fry,Relationship_Colleagues_535,,,,,
,TRUE,Small Fry,Relationship_Colleagues_80,,,,,
492,TRUE,Glitters Team,Event_Assessment_65,,,,,
490,FALSE,Glitters Team,Event_Communication_66,sent,,,,
491,TRUE,Glitters Team,Relationship_Coordinates_77,,,,,
489,TRUE,Glitters Team,Relationship_AccessPermission_81,,,,,
494,FALSE,Glitters Team,Event_Communication_231,sent,,,,
495,TRUE,Glitters Team,Relationship_Coordinates_236,,,,,
496,FALSE,Glitters Team,Event_Communication_389,sent,,,,
497,TRUE,Glitters Team,Relationship_Operates_592,,,,,
498,FALSE,Glitters Team,Event_Communication_940,sent,,,,
499,TRUE,Oceanus City Council,Relationship_Coordinates_20,,,,,
500,TRUE,Oceanus City Council,Relationship_Jurisdiction_21,,,,,
502,FALSE,Oceanus City Council,Event_Communication_37,sent,,,,
559,TRUE,Oceanus City Council,Event_Monitoring_38,,,,,
504,TRUE,Oceanus City Council,Event_Enforcement_44,,,,,
505,FALSE,Oceanus City Council,Event_Communication_45,sent,,,,
585,TRUE,Oceanus City Council,Relationship_Coordinates_27,,,,,
507,FALSE,Oceanus City Council,Event_Communication_54,sent,,,,
535,TRUE,Oceanus City Council,Event_Assessment_101,,,,,
510,FALSE,Oceanus City Council,Event_Communication_102,sent,,,,
512,FALSE,Oceanus City Council,Event_Communication_119,sent,,,,
516,FALSE,Oceanus City Council,Event_Communication_176,sent,,,,
518,TRUE,Oceanus City Council,Event_Collaborate_184,,,,,
521,FALSE,Oceanus City Council,Event_Communication_186,sent,,,,
523,FALSE,Oceanus City Council,Event_Communication_218,sent,,,,
526,TRUE,Oceanus City Council,Relationship_Coordinates_120,,,,,
527,FALSE,Oceanus City Council,Event_Communication_221,sent,,,,
528,FALSE,Oceanus City Council,Event_Communication_229,sent,,,,
530,TRUE,Oceanus City Council,Event_Enforcement_292,,,,,
532,FALSE,Oceanus City Council,Event_Communication_293,sent,,,,
533,FALSE,Oceanus City Council,Event_Communication_302,sent,,,,
534,FALSE,Oceanus City Council,Event_Communication_311,sent,,,,
537,FALSE,Oceanus City Council,Event_Communication_323,sent,,,,
538,FALSE,Oceanus City Council,Event_Communication_333,sent,,,,
539,TRUE,Oceanus City Council,Relationship_Coordinates_185,,,,,
540,FALSE,Oceanus City Council,Event_Communication_336,sent,,,,
542,FALSE,Oceanus City Council,Event_Communication_339,sent,,,,
543,FALSE,Oceanus City Council,Event_Communication_347,sent,,,,
511,TRUE,Oceanus City Council,Relationship_AccessPermission_196,,,,,
547,FALSE,Oceanus City Council,Event_Communication_351,sent,,,,
548,TRUE,Oceanus City Council,Relationship_Operates_202,,,,,
549,TRUE,Oceanus City Council,Event_Collaborate_364,,,,,
551,FALSE,Oceanus City Council,Event_Communication_375,sent,,,,
555,FALSE,Oceanus City Council,Event_Communication_399,sent,,,,
561,FALSE,Oceanus City Council,Event_Communication_533,sent,,,,
562,TRUE,Oceanus City Council,Relationship_Operates_327,,,,,
564,FALSE,Oceanus City Council,Event_Communication_604,sent,,,,
566,FALSE,Oceanus City Council,Event_Communication_613,sent,,,,
568,FALSE,Oceanus City Council,Event_Communication_617,sent,,,,
513,TRUE,Oceanus City Council,Relationship_Jurisdiction_390,,,,,
570,FALSE,Oceanus City Council,Event_Communication_641,sent,,,,
571,FALSE,Oceanus City Council,Event_Communication_675,sent,,,,
574,FALSE,Oceanus City Council,Event_Communication_686,sent,,,,
578,FALSE,Oceanus City Council,Event_Communication_700,sent,,,,
515,TRUE,Oceanus City Council,Relationship_Jurisdiction_446,,,,,
582,FALSE,Oceanus City Council,Event_Communication_735,sent,,,,
583,TRUE,Oceanus City Council,Relationship_Coordinates_448,,,,,
525,TRUE,Oceanus City Council,Event_Enforcement_745,,,,,
586,FALSE,Oceanus City Council,Event_Communication_746,sent,,,,
587,TRUE,Oceanus City Council,Relationship_Jurisdiction_454,,,,,
592,FALSE,Oceanus City Council,Event_Communication_783,sent,,,,
593,TRUE,Oceanus City Council,Relationship_Operates_521,,,,,
596,FALSE,Oceanus City Council,Event_Communication_882,sent,,,,
598,FALSE,Oceanus City Council,Event_Communication_903,sent,,,,
600,TRUE,Oceanus City Council,Event_HarborReport_927,,,,,
599,TRUE,Oceanus City Council,Relationship_Jurisdiction_583,,,,,
602,FALSE,Oceanus City Council,Event_Communication_928,sent,,,,
588,TRUE,Oceanus City Council,Relationship_Jurisdiction_586,,,,,
604,FALSE,Oceanus City Council,Event_Communication_930,sent,,,,
595,TRUE,Oceanus City Council,Relationship_Unfriendly_625,,,,,
606,FALSE,Oceanus City Council,Event_Communication_994,sent,,,,
,TRUE,Oceanus City Council,Relationship_Colleagues_121,,,,,
608,TRUE,Green Guardians,Relationship_Jurisdiction_29,,,,,
609,FALSE,Green Guardians,Event_Communication_62,sent,,,,
610,FALSE,Green Guardians,Event_Communication_72,sent,,,,
635,TRUE,Green Guardians,Relationship_Coordinates_35,,,,,
613,TRUE,Green Guardians,Event_Collaborate_82,,,,,
735,TRUE,Green Guardians,Relationship_Operates_36,,,,,
615,TRUE,Green Guardians,Relationship_Coordinates_37,,,,,
616,FALSE,Green Guardians,Event_Communication_85,sent,,,,
618,FALSE,Green Guardians,Event_Communication_106,sent,,,,
619,TRUE,Green Guardians,Event_Collaborate_108,,,,,
709,TRUE,Green Guardians,Relationship_Coordinates_53,,,,,
621,TRUE,Green Guardians,Event_Assessment_172,,,,,
622,TRUE,Green Guardians,Event_Monitoring_173,,,,,
722,TRUE,Green Guardians,Event_Assessment_174,,,,,
626,FALSE,Green Guardians,Event_Communication_175,sent,,,,
628,FALSE,Green Guardians,Event_Communication_179,sent,,,,
630,FALSE,Green Guardians,Event_Communication_182,sent,,,,
631,FALSE,Green Guardians,Event_Communication_183,sent,,,,
644,TRUE,Green Guardians,Event_Monitoring_192,,,,,
636,FALSE,Green Guardians,Event_Communication_196,sent,,,,
624,TRUE,Green Guardians,Relationship_Coordinates_116,,,,,
638,TRUE,Green Guardians,Event_Monitoring_232,,,,,
639,TRUE,Green Guardians,Event_Enforcement_233,,,,,
656,TRUE,Green Guardians,Event_Enforcement_235,,,,,
657,TRUE,Green Guardians,Event_Collaborate_236,,,,,
654,TRUE,Green Guardians,Relationship_Jurisdiction_131,,,,,
643,FALSE,Green Guardians,Event_Communication_237,sent,,,,
647,FALSE,Green Guardians,Event_Communication_239,sent,,,,
648,TRUE,Green Guardians,Event_Monitoring_255,,,,,
652,FALSE,Green Guardians,Event_Communication_258,sent,,,,
650,TRUE,Green Guardians,Event_Enforcement_261,,,,,
655,FALSE,Green Guardians,Event_Communication_262,sent,,,,
743,TRUE,Green Guardians,Relationship_Operates_176,,,,,
662,FALSE,Green Guardians,Event_Communication_321,sent,,,,
667,FALSE,Green Guardians,Event_Communication_354,sent,,,,
668,FALSE,Green Guardians,Event_Communication_355,sent,,,,
669,TRUE,Green Guardians,Relationship_Coordinates_201,,,,,
670,FALSE,Green Guardians,Event_Communication_356,sent,,,,
671,TRUE,Green Guardians,Event_Monitoring_383,,,,,
672,FALSE,Green Guardians,Event_Communication_384,sent,,,,
673,TRUE,Green Guardians,Event_Monitoring_410,,,,,
675,FALSE,Green Guardians,Event_Communication_411,sent,,,,
677,FALSE,Green Guardians,Event_Communication_413,sent,,,,
679,FALSE,Green Guardians,Event_Communication_431,sent,,,,
663,TRUE,Green Guardians,Relationship_AccessPermission_266,,,,,
681,FALSE,Green Guardians,Event_Communication_433,sent,,,,
683,FALSE,Green Guardians,Event_Communication_437,sent,,,,
684,FALSE,Green Guardians,Event_Communication_438,sent,,,,
685,TRUE,Green Guardians,Relationship_Operates_271,,,,,
686,FALSE,Green Guardians,Event_Communication_439,sent,,,,
687,TRUE,Green Guardians,Event_Collaborate_477,,,,,
688,TRUE,Green Guardians,Relationship_Coordinates_289,,,,,
689,TRUE,Green Guardians,Event_Assessment_567,,,,,
691,TRUE,Green Guardians,Relationship_Suspicious_341,,,,,
692,FALSE,Green Guardians,Event_Communication_568,sent,,,,
694,FALSE,Green Guardians,Event_Communication_571,sent,,,,
697,TRUE,Green Guardians,Event_Monitoring_608,,,,,
698,TRUE,Green Guardians,Event_Assessment_609,,,,,
700,TRUE,Green Guardians,Relationship_Operates_367,,,,,
701,FALSE,Green Guardians,Event_Communication_610,sent,,,,
730,TRUE,Green Guardians,Relationship_Suspicious_368,,,,,
704,FALSE,Green Guardians,Event_Communication_612,sent,,,,
707,FALSE,Green Guardians,Event_Communication_621,sent,,,,
710,FALSE,Green Guardians,Event_Communication_672,sent,,,,
711,TRUE,Green Guardians,Event_Monitoring_690,,,,,
712,TRUE,Green Guardians,Event_Assessment_691,,,,,
715,FALSE,Green Guardians,Event_Communication_692,sent,,,,
717,TRUE,Green Guardians,Relationship_AccessPermission_479,,,,,
718,TRUE,Green Guardians,Event_Monitoring_777,,,,,
720,FALSE,Green Guardians,Event_Communication_778,sent,,,,
723,FALSE,Green Guardians,Event_Communication_781,sent,,,,
724,TRUE,Green Guardians,Relationship_Coordinates_492,,,,,
725,TRUE,Green Guardians,Event_Monitoring_829,,,,,
728,FALSE,Green Guardians,Event_Communication_831,sent,,,,
731,FALSE,Green Guardians,Event_Communication_833,sent,,,,
733,FALSE,Green Guardians,Event_Communication_834,sent,,,,
734,TRUE,Green Guardians,Event_Monitoring_835,,,,,
706,TRUE,Green Guardians,Relationship_Reports_529,,,,,
737,FALSE,Green Guardians,Event_Communication_836,sent,,,,
738,TRUE,Green Guardians,Event_Monitoring_900,,,,,
713,TRUE,Green Guardians,Relationship_Operates_566,,,,,
740,FALSE,Green Guardians,Event_Communication_901,sent,,,,
741,TRUE,Green Guardians,Relationship_Unfriendly_567,,,,,
742,FALSE,Green Guardians,Event_Communication_902,sent,,,,
744,FALSE,Green Guardians,Event_Communication_908,sent,,,,
745,FALSE,Green Guardians,Event_Communication_910,sent,,,,
746,TRUE,Green Guardians,Event_Assessment_966,,,,,
693,TRUE,Green Guardians,Relationship_Coordinates_609,,,,,
748,FALSE,Green Guardians,Event_Communication_968,sent,,,,
749,FALSE,Green Guardians,Event_Communication_997,sent,,,,
750,TRUE,V. Miesel Shipping,Relationship_Operates_103,,,,,
751,TRUE,V. Miesel Shipping,Relationship_Suspicious_112,,,,,
753,TRUE,V. Miesel Shipping,Relationship_AccessPermission_125,,,,,
754,FALSE,V. Miesel Shipping,Event_Communication_224,sent,,,,
756,FALSE,V. Miesel Shipping,Event_Communication_313,sent,,,,
758,FALSE,V. Miesel Shipping,Event_Communication_368,sent,,,,
800,TRUE,V. Miesel Shipping,Relationship_AccessPermission_214,,,,,
755,TRUE,V. Miesel Shipping,Relationship_Operates_255,,,,,
764,TRUE,V. Miesel Shipping,Relationship_Operates_256,,,,,
765,FALSE,V. Miesel Shipping,Event_Communication_421,sent,,,,
767,TRUE,V. Miesel Shipping,Relationship_AccessPermission_262,,,,,
769,TRUE,V. Miesel Shipping,Relationship_AccessPermission_306,,,,,
771,TRUE,V. Miesel Shipping,Relationship_Unfriendly_312,,,,,
779,TRUE,V. Miesel Shipping,Event_Monitoring_530,,,,,
775,FALSE,V. Miesel Shipping,Event_Communication_637,sent,,,,
777,FALSE,V. Miesel Shipping,Event_Communication_638,sent,,,,
780,TRUE,V. Miesel Shipping,Event_Assessment_701,,,,,
781,FALSE,V. Miesel Shipping,Event_Communication_728,sent,,,,
784,FALSE,V. Miesel Shipping,Event_Communication_758,sent,,,,
761,TRUE,V. Miesel Shipping,Relationship_Coordinates_471,,,,,
783,TRUE,V. Miesel Shipping,Relationship_Coordinates_473,,,,,
778,TRUE,V. Miesel Shipping,Relationship_Operates_474,,,,,
792,FALSE,V. Miesel Shipping,Event_Communication_763,sent,,,,
794,TRUE,V. Miesel Shipping,Relationship_Coordinates_499,,,,,
773,TRUE,V. Miesel Shipping,Relationship_Operates_514,,,,,
796,FALSE,V. Miesel Shipping,Event_Communication_821,sent,,,,
798,FALSE,V. Miesel Shipping,Event_Communication_825,sent,,,,
799,TRUE,V. Miesel Shipping,Event_Enforcement_839,,,,,
801,FALSE,V. Miesel Shipping,Event_Communication_840,sent,,,,
803,FALSE,V. Miesel Shipping,Event_Communication_841,sent,,,,
805,FALSE,V. Miesel Shipping,Event_Communication_846,sent,,,,
806,FALSE,V. Miesel Shipping,Event_Communication_851,sent,,,,
807,TRUE,Sailor Shifts Team,Relationship_Operates_59,,,,,
808,TRUE,Sailor Shifts Team,Relationship_AccessPermission_68,,,,,
809,TRUE,Sailor Shifts Team,Relationship_Operates_97,,,,,
810,FALSE,Sailor Shifts Team,Event_Communication_283,sent,,,,
811,TRUE,Sailor Shifts Team,Relationship_Coordinates_302,,,,,
812,FALSE,Sailor Shifts Team,Event_Communication_520,sent,,,,
814,TRUE,Sailor Shifts Team,Relationship_Operates_593,,,,,
813,TRUE,Sailor Shifts Team,Relationship_AccessPermission_594,,,,,
,TRUE,Sailor Shifts Team,Relationship_Colleagues_16,,,,,
884,TRUE,Neptune,Event_VesselMovement_393,,,,,
905,TRUE,Neptune,Event_VesselMovement_402,,,,,
906,TRUE,Neptune,Relationship_AccessPermission_244,,,,,
820,FALSE,Neptune,Event_Communication_403,sent,,,,
821,TRUE,Neptune,Relationship_Coordinates_247,,,,,
822,FALSE,Neptune,Event_Communication_406,sent,,,,
823,FALSE,Neptune,Event_Communication_409,sent,,,,
824,TRUE,Neptune,Event_VesselMovement_418,,,,,
825,FALSE,Neptune,Event_Communication_419,sent,,,,
826,FALSE,Neptune,Event_Communication_420,sent,,,,
827,TRUE,Neptune,Event_Collaborate_422,,,,,
829,TRUE,Neptune,Relationship_AccessPermission_259,,,,,
830,FALSE,Neptune,Event_Communication_423,sent,,,,
831,TRUE,Neptune,Event_Collaborate_424,,,,,
833,FALSE,Neptune,Event_Communication_426,sent,,,,
838,TRUE,Neptune,Event_Collaborate_455,,,,,
839,FALSE,Neptune,Event_Communication_456,sent,,,,
855,TRUE,Neptune,Relationship_AccessPermission_281,,,,,
843,FALSE,Neptune,Event_Communication_460,sent,,,,
849,TRUE,Neptune,Event_Assessment_488,,,,,
850,FALSE,Neptune,Event_Communication_489,sent,,,,
837,TRUE,Neptune,Event_VesselMovement_503,,,,,
873,TRUE,Neptune,Relationship_Coordinates_298,,,,,
853,FALSE,Neptune,Event_Communication_504,sent,,,,
856,FALSE,Neptune,Event_Communication_506,sent,,,,
859,FALSE,Neptune,Event_Communication_508,sent,,,,
903,TRUE,Neptune,Relationship_Coordinates_305,,,,,
861,FALSE,Neptune,Event_Communication_518,sent,,,,
846,TRUE,Neptune,Event_Assessment_522,,,,,
868,FALSE,Neptune,Event_Communication_537,sent,,,,
869,FALSE,Neptune,Event_Communication_539,sent,,,,
870,TRUE,Neptune,Relationship_AccessPermission_328,,,,,
871,FALSE,Neptune,Event_Communication_546,sent,,,,
875,FALSE,Neptune,Event_Communication_559,sent,,,,
876,FALSE,Neptune,Event_Communication_598,sent,,,,
878,FALSE,Neptune,Event_Communication_606,sent,,,,
880,FALSE,Neptune,Event_Communication_607,sent,,,,
863,TRUE,Neptune,Event_Monitoring_631,,,,,
883,FALSE,Neptune,Event_Communication_633,sent,,,,
885,FALSE,Neptune,Event_Communication_644,sent,,,,
887,FALSE,Neptune,Event_Communication_663,sent,,,,
872,TRUE,Neptune,Relationship_AccessPermission_405,,,,,
890,FALSE,Neptune,Event_Communication_754,sent,,,,
892,FALSE,Neptune,Event_Communication_756,sent,,,,
894,FALSE,Neptune,Event_Communication_759,sent,,,,
895,FALSE,Neptune,Event_Communication_762,sent,,,,
882,TRUE,Neptune,Relationship_Reports_513,,,,,
897,FALSE,Neptune,Event_Communication_820,sent,,,,
899,FALSE,Neptune,Event_Communication_822,sent,,,,
900,TRUE,Neptune,Relationship_Coordinates_518,,,,,
901,FALSE,Neptune,Event_Communication_824,sent,,,,
904,FALSE,Neptune,Event_Communication_852,sent,,,,
907,FALSE,Neptune,Event_Communication_891,sent,,,,
908,TRUE,Neptune,Event_VesselMovement_980,,,,,
909,FALSE,Neptune,Event_Communication_981,sent,,,,
,TRUE,Neptune,Relationship_Colleagues_319,,,,,
,TRUE,Neptune,Relationship_Colleagues_320,,,,,
910,TRUE,Marlin,Event_Fishing_49,,,,,
911,FALSE,Marlin,Event_Communication_50,sent,,,,
912,TRUE,Marlin,Event_Criticize_52,,,,,
913,FALSE,Marlin,Event_Communication_53,sent,,,,
914,TRUE,Marlin,Relationship_Reports_46,,,,,
915,FALSE,Marlin,Event_Communication_121,sent,,,,
916,FALSE,Marlin,Event_Communication_124,sent,,,,
917,FALSE,Marlin,Event_Communication_285,sent,,,,
918,TRUE,Marlin,Event_Monitoring_286,,,,,
919,FALSE,Marlin,Event_Communication_289,sent,,,,
926,TRUE,Marlin,Event_VesselMovement_577,,,,,
921,FALSE,Marlin,Event_Communication_578,sent,,,,
922,TRUE,Marlin,Event_VesselMovement_580,,,,,
923,TRUE,Marlin,Relationship_AccessPermission_349,,,,,
925,TRUE,Marlin,Event_VesselMovement_629,,,,,
928,FALSE,Serenity,Event_Communication_13,sent,,,,
944,TRUE,Serenity,Relationship_AccessPermission_7,,,,,
930,FALSE,Serenity,Event_Communication_16,sent,,,,
949,TRUE,Serenity,Event_VesselMovement_25,,,,,
933,FALSE,Serenity,Event_Communication_26,sent,,,,
941,TRUE,Serenity,Relationship_AccessPermission_127,,,,,
942,TRUE,Serenity,Relationship_AccessPermission_128,,,,,
943,FALSE,Serenity,Event_Communication_227,sent,,,,
939,TRUE,Serenity,Relationship_AccessPermission_238,,,,,
947,FALSE,Serenity,Event_Communication_392,sent,,,,
948,TRUE,Serenity,Relationship_Coordinates_247,,,,,
950,FALSE,Serenity,Event_Communication_408,sent,,,,
951,FALSE,Serenity,Event_Communication_502,sent,,,,
952,FALSE,Serenity,Event_Communication_826,sent,,,,
953,TRUE,Serenity,Event_VesselMovement_944,,,,,
959,TRUE,Mako,Event_Assessment_14,,,,,
955,FALSE,Mako,Event_Communication_15,sent,,,,
960,TRUE,Mako,Event_Assessment_56,,,,,
962,FALSE,Mako,Event_Communication_59,sent,,,,
964,FALSE,Mako,Event_Communication_99,sent,,,,
966,FALSE,Mako,Event_Communication_117,sent,,,,
1104,TRUE,Mako,Event_VesselMovement_122,,,,,
968,FALSE,Mako,Event_Communication_123,sent,,,,
969,TRUE,Mako,Event_TourActivity_137,,,,,
971,FALSE,Mako,Event_Communication_139,sent,,,,
974,FALSE,Mako,Event_Communication_145,sent,,,,
978,TRUE,Mako,Event_TransponderPing_251,,,,,
981,TRUE,Mako,Event_Monitoring_253,,,,,
980,FALSE,Mako,Event_Communication_254,sent,,,,
987,FALSE,Mako,Event_Communication_268,sent,,,,
989,TRUE,Mako,Event_TransponderPing_271,,,,,
957,TRUE,Mako,Relationship_AccessPermission_148,,,,,
991,TRUE,Mako,Event_VesselMovement_284,,,,,
992,TRUE,Mako,Event_VesselMovement_288,,,,,
996,TRUE,Mako,Event_VesselMovement_300,,,,,
997,TRUE,Mako,Relationship_Reports_170,,,,,
1051,TRUE,Mako,Event_TransponderPing_308,,,,,
1002,FALSE,Mako,Event_Communication_309,sent,,,,
999,TRUE,Mako,Event_Assessment_337,,,,,
1043,TRUE,Mako,Relationship_AccessPermission_190,,,,,
1009,TRUE,Mako,Event_VesselMovement_344,,,,,
1010,TRUE,Mako,Relationship_AccessPermission_192,,,,,
1015,FALSE,Mako,Event_Communication_349,sent,,,,
1017,FALSE,Mako,Event_Communication_365,sent,,,,
1022,FALSE,Mako,Event_Communication_380,sent,,,,
1023,FALSE,Mako,Event_Communication_382,sent,,,,
1024,TRUE,Mako,Relationship_AccessPermission_233,,,,,
1027,FALSE,Mako,Event_Communication_396,sent,,,,
1016,TRUE,Mako,Relationship_AccessPermission_243,,,,,
1034,FALSE,Mako,Event_Communication_405,sent,,,,
1038,TRUE,Mako,Relationship_Coordinates_248,,,,,
1037,TRUE,Mako,Event_VesselMovement_418,,,,,
1039,TRUE,Mako,Relationship_AccessPermission_259,,,,,
1047,FALSE,Mako,Event_Communication_451,sent,,,,
1048,TRUE,Mako,Event_Collaborate_455,,,,,
1050,FALSE,Mako,Event_Communication_462,sent,,,,
1054,FALSE,Mako,Event_Communication_467,sent,,,,
1069,TRUE,Mako,Event_VesselMovement_495,,,,,
1057,FALSE,Mako,Event_Communication_496,sent,,,,
1058,TRUE,Mako,Event_TourActivity_498,,,,,
1059,TRUE,Mako,Event_VesselMovement_516,,,,,
1061,TRUE,Mako,Event_VesselMovement_540,,,,,
1062,TRUE,Mako,Event_Collaborate_542,,,,,
1064,FALSE,Mako,Event_Communication_543,sent,,,,
1066,FALSE,Mako,Event_Communication_545,sent,,,,
977,TRUE,Mako,Event_VesselMovement_549,,,,,
1070,TRUE,Mako,Relationship_AccessPermission_332,,,,,
1071,FALSE,Mako,Event_Communication_553,sent,,,,
1045,TRUE,Mako,Relationship_Coordinates_336,,,,,
1074,FALSE,Mako,Event_Communication_575,sent,,,,
1063,TRUE,Mako,Relationship_Coordinates_387,,,,,
1079,FALSE,Mako,Event_Communication_655,sent,,,,
1082,FALSE,Mako,Event_Communication_657,sent,,,,
1084,FALSE,Mako,Event_Communication_665,sent,,,,
1085,FALSE,Mako,Event_Communication_684,sent,,,,
1088,FALSE,Mako,Event_Communication_755,sent,,,,
1089,FALSE,Mako,Event_Communication_757,sent,,,,
1036,TRUE,Mako,Event_Monitoring_803,,,,,
1092,FALSE,Mako,Event_Communication_809,sent,,,,
1094,TRUE,Mako,Event_TourActivity_814,,,,,
1095,FALSE,Mako,Event_Communication_815,sent,,,,
1096,TRUE,Mako,Relationship_AccessPermission_512,,,,,
1097,TRUE,Mako,Relationship_Coordinates_565,,,,,
1098,FALSE,Mako,Event_Communication_898,sent,,,,
1100,TRUE,Mako,Event_Monitoring_917,,,,,
1101,FALSE,Mako,Event_Communication_920,sent,,,,
1029,TRUE,Mako,Event_TourActivity_962,,,,,
1105,TRUE,Mako,Relationship_Reports_622,,,,,
1106,FALSE,Mako,Event_Communication_989,sent,,,,
1107,TRUE,Mako,Event_Enforcement_998,,,,,
961,TRUE,Mako,Event_VesselMovement_1000,,,,,
1109,TRUE,Mako,Relationship_Coordinates_629,,,,,
,TRUE,Mako,Relationship_Colleagues_66,,,,,
1111,FALSE,Reef Guardian,Event_Communication_24,sent,,,,
1115,FALSE,Reef Guardian,Event_Communication_167,sent,,,,
1110,TRUE,Reef Guardian,Event_Enforcement_177,,,,,
1122,FALSE,Reef Guardian,Event_Communication_225,sent,,,,
1123,FALSE,Reef Guardian,Event_Communication_226,sent,,,,
1124,TRUE,Reef Guardian,Event_VesselMovement_242,,,,,
1125,TRUE,Reef Guardian,Event_Monitoring_243,,,,,
1126,FALSE,Reef Guardian,Event_Communication_252,sent,,,,
1128,FALSE,Reef Guardian,Event_Communication_287,sent,,,,
1132,TRUE,Reef Guardian,Event_Monitoring_383,,,,,
1134,FALSE,Reef Guardian,Event_Communication_386,sent,,,,
1136,FALSE,Reef Guardian,Event_Communication_428,sent,,,,
1138,FALSE,Reef Guardian,Event_Communication_482,sent,,,,
1137,TRUE,Reef Guardian,Relationship_Coordinates_292,,,,,
1140,FALSE,Reef Guardian,Event_Communication_487,sent,,,,
1141,TRUE,Reef Guardian,Event_Monitoring_490,,,,,
1142,TRUE,Reef Guardian,Relationship_Suspicious_294,,,,,
1143,FALSE,Reef Guardian,Event_Communication_491,sent,,,,
1119,TRUE,Reef Guardian,Event_VesselMovement_569,,,,,
1218,TRUE,Reef Guardian,Relationship_Reports_344,,,,,
1147,FALSE,Reef Guardian,Event_Communication_572,sent,,,,
1149,FALSE,Reef Guardian,Event_Communication_576,sent,,,,
1151,FALSE,Reef Guardian,Event_Communication_603,sent,,,,
1153,TRUE,Reef Guardian,Relationship_AccessPermission_370,,,,,
1155,FALSE,Reef Guardian,Event_Communication_614,sent,,,,
1158,FALSE,Reef Guardian,Event_Communication_616,sent,,,,
1185,TRUE,Reef Guardian,Relationship_Coordinates_378,,,,,
1163,FALSE,Reef Guardian,Event_Communication_623,sent,,,,
1164,TRUE,Reef Guardian,Event_VesselMovement_624,,,,,
1165,TRUE,Reef Guardian,Event_Assessment_625,,,,,
1166,TRUE,Reef Guardian,Event_Collaborate_626,,,,,
1159,TRUE,Reef Guardian,Event_Assessment_628,,,,,
1170,TRUE,Reef Guardian,Relationship_Coordinates_380,,,,,
1169,FALSE,Reef Guardian,Event_Communication_630,sent,,,,
1171,FALSE,Reef Guardian,Event_Communication_660,sent,,,,
1172,TRUE,Reef Guardian,Event_Monitoring_661,,,,,
1173,FALSE,Reef Guardian,Event_Communication_662,sent,,,,
1175,TRUE,Reef Guardian,Event_Monitoring_678,,,,,
1178,FALSE,Reef Guardian,Event_Communication_681,sent,,,,
1179,TRUE,Reef Guardian,Event_Monitoring_690,,,,,
1180,TRUE,Reef Guardian,Event_Assessment_691,,,,,
1181,TRUE,Reef Guardian,Event_Monitoring_709,,,,,
1183,FALSE,Reef Guardian,Event_Communication_710,sent,,,,
1184,TRUE,Reef Guardian,Event_Monitoring_716,,,,,
1186,FALSE,Reef Guardian,Event_Communication_741,sent,,,,
1188,FALSE,Reef Guardian,Event_Communication_744,sent,,,,
1154,TRUE,Reef Guardian,Relationship_AccessPermission_497,,,,,
1191,FALSE,Reef Guardian,Event_Communication_801,sent,,,,
1194,FALSE,Reef Guardian,Event_Communication_828,sent,,,,
1118,TRUE,Reef Guardian,Relationship_Reports_526,,,,,
1201,TRUE,Reef Guardian,Event_Monitoring_856,,,,,
1182,TRUE,Reef Guardian,Relationship_Coordinates_548,,,,,
1200,FALSE,Reef Guardian,Event_Communication_857,sent,,,,
1135,TRUE,Reef Guardian,Relationship_Coordinates_555,,,,,
1203,FALSE,Reef Guardian,Event_Communication_877,sent,,,,
1204,FALSE,Reef Guardian,Event_Communication_895,sent,,,,
1205,FALSE,Reef Guardian,Event_Communication_899,sent,,,,
1206,TRUE,Reef Guardian,Event_Monitoring_900,,,,,
1208,TRUE,Reef Guardian,Relationship_Coordinates_578,,,,,
1209,FALSE,Reef Guardian,Event_Communication_919,sent,,,,
1210,TRUE,Reef Guardian,Event_Monitoring_922,,,,,
1211,TRUE,Reef Guardian,Event_Monitoring_934,,,,,
1212,FALSE,Reef Guardian,Event_Communication_945,sent,,,,
1189,TRUE,Reef Guardian,Event_Monitoring_946,,,,,
1216,FALSE,Reef Guardian,Event_Communication_949,sent,,,,
1217,TRUE,Reef Guardian,Event_Monitoring_967,,,,,
1221,TRUE,Reef Guardian,Relationship_Jurisdiction_613,,,,,
1222,FALSE,Reef Guardian,Event_Communication_970,sent,,,,
1223,TRUE,Reef Guardian,Event_Monitoring_971,,,,,
1224,TRUE,Reef Guardian,Event_Collaborate_972,,,,,
1225,TRUE,Reef Guardian,Relationship_Coordinates_614,,,,,
1226,TRUE,Reef Guardian,Relationship_AccessPermission_615,,,,,
1228,TRUE,Horizon,Event_Monitoring_71,,,,,
1229,TRUE,Horizon,Relationship_Coordinates_33,,,,,
1230,TRUE,Horizon,Event_Monitoring_73,,,,,
1231,FALSE,Horizon,Event_Communication_76,sent,,,,
1232,TRUE,Horizon,Event_Collaborate_82,,,,,
1233,TRUE,Horizon,Relationship_Coordinates_37,,,,,
1234,TRUE,Horizon,Relationship_Reports_38,,,,,
1256,TRUE,Horizon,Relationship_Coordinates_54,,,,,
1236,FALSE,Horizon,Event_Communication_110,sent,,,,
1238,FALSE,Horizon,Event_Communication_112,sent,,,,
1239,TRUE,Horizon,Event_VesselMovement_210,,,,,
1240,FALSE,Horizon,Event_Communication_211,sent,,,,
1241,FALSE,Horizon,Event_Communication_325,sent,,,,
1242,FALSE,Horizon,Event_Communication_417,sent,,,,
1245,FALSE,Horizon,Event_Communication_436,sent,,,,
1246,TRUE,Horizon,Event_Monitoring_490,,,,,
1247,FALSE,Horizon,Event_Communication_566,sent,,,,
1248,FALSE,Horizon,Event_Communication_591,sent,,,,
1249,TRUE,Horizon,Event_Monitoring_608,,,,,
1250,TRUE,Horizon,Event_Assessment_609,,,,,
1252,TRUE,Horizon,Relationship_Coordinates_413,,,,,
1254,TRUE,Horizon,Event_Monitoring_829,,,,,
1255,TRUE,Horizon,Event_Assessment_837,,,,,
1257,FALSE,Horizon,Event_Communication_838,sent,,,,
1259,FALSE,Horizon,Event_Communication_875,sent,,,,
1253,TRUE,Horizon,Event_Monitoring_878,,,,,
1261,TRUE,Horizon,Relationship_Coordinates_556,,,,,
1262,FALSE,Horizon,Event_Communication_879,sent,,,,
1263,TRUE,Horizon,Event_Monitoring_909,,,,,
1265,FALSE,Horizon,Event_Communication_961,sent,,,,
1244,TRUE,Horizon,Event_Monitoring_978,,,,,
1267,FALSE,Horizon,Event_Communication_979,sent,,,,
1268,TRUE,Seawatch,Event_Monitoring_83,,,,,
1269,TRUE,Seawatch,Event_VesselMovement_242,,,,,
1270,TRUE,Seawatch,Event_Monitoring_243,,,,,
1271,TRUE,Seawatch,Event_Monitoring_678,,,,,
1272,TRUE,Seawatch,Relationship_Coordinates_411,,,,,
1273,FALSE,Seawatch,Event_Communication_679,sent,,,,
1280,TRUE,Seawatch,Relationship_AccessPermission_489,,,,,
1275,TRUE,Seawatch,Event_Assessment_786,,,,,
1276,FALSE,Seawatch,Event_Communication_787,sent,,,,
1277,FALSE,Seawatch,Event_Communication_793,sent,,,,
1278,TRUE,Seawatch,Event_Monitoring_909,,,,,
1279,TRUE,Seawatch,Event_Monitoring_934,,,,,
1281,TRUE,EcoVigil,Event_Monitoring_105,,,,,
1356,TRUE,EcoVigil,Relationship_Reports_51,,,,,
1284,TRUE,EcoVigil,Event_Collaborate_108,,,,,
1286,FALSE,EcoVigil,Event_Communication_109,sent,,,,
1288,FALSE,EcoVigil,Event_Communication_111,sent,,,,
1289,TRUE,EcoVigil,Event_Monitoring_208,,,,,
1291,FALSE,EcoVigil,Event_Communication_209,sent,,,,
1292,TRUE,EcoVigil,Event_VesselMovement_242,,,,,
1293,TRUE,EcoVigil,Event_Monitoring_243,,,,,
1294,TRUE,EcoVigil,Event_Monitoring_414,,,,,
1287,TRUE,EcoVigil,Relationship_Coordinates_251,,,,,
1296,FALSE,EcoVigil,Event_Communication_415,sent,,,,
1297,TRUE,EcoVigil,Event_VesselMovement_624,,,,,
1298,TRUE,EcoVigil,Event_Assessment_625,,,,,
1299,TRUE,EcoVigil,Event_Collaborate_626,,,,,
1301,FALSE,EcoVigil,Event_Communication_627,sent,,,,
1300,TRUE,EcoVigil,Relationship_Coordinates_401,,,,,
1303,TRUE,EcoVigil,Event_Enforcement_666,,,,,
1306,TRUE,EcoVigil,Event_VesselMovement_670,,,,,
1307,TRUE,EcoVigil,Event_Monitoring_716,,,,,
1308,TRUE,EcoVigil,Relationship_AccessPermission_441,,,,,
1309,FALSE,EcoVigil,Event_Communication_731,sent,,,,
1312,FALSE,EcoVigil,Event_Communication_733,sent,,,,
1305,TRUE,EcoVigil,Relationship_AccessPermission_444,,,,,
1321,TRUE,EcoVigil,Relationship_Reports_447,,,,,
1317,FALSE,EcoVigil,Event_Communication_737,sent,,,,
1322,FALSE,EcoVigil,Event_Communication_742,sent,,,,
1327,TRUE,EcoVigil,Relationship_AccessPermission_455,,,,,
1328,FALSE,EcoVigil,Event_Communication_751,sent,,,,
1326,TRUE,EcoVigil,Event_Monitoring_752,,,,,
1330,TRUE,EcoVigil,Relationship_Suspicious_457,,,,,
1333,TRUE,EcoVigil,Event_Monitoring_922,,,,,
1334,TRUE,EcoVigil,Event_Monitoring_929,,,,,
1335,TRUE,EcoVigil,Relationship_AccessPermission_585,,,,,
1331,TRUE,EcoVigil,Event_VesselMovement_931,,,,,
1337,TRUE,EcoVigil,Event_Monitoring_932,,,,,
1332,TRUE,EcoVigil,Relationship_AccessPermission_588,,,,,
1339,TRUE,EcoVigil,Event_Monitoring_934,,,,,
1341,TRUE,EcoVigil,Event_Enforcement_952,,,,,
1343,TRUE,EcoVigil,Relationship_Reports_604,,,,,
1344,FALSE,EcoVigil,Event_Communication_960,sent,,,,
1345,TRUE,EcoVigil,Event_Monitoring_971,,,,,
1346,TRUE,EcoVigil,Event_Collaborate_972,,,,,
1347,TRUE,EcoVigil,Relationship_Coordinates_614,,,,,
1348,TRUE,EcoVigil,Relationship_AccessPermission_615,,,,,
1349,FALSE,EcoVigil,Event_Communication_974,sent,,,,
1351,FALSE,EcoVigil,Event_Communication_976,sent,,,,
1352,TRUE,EcoVigil,Relationship_Coordinates_616,,,,,
1353,FALSE,EcoVigil,Event_Communication_977,sent,,,,
1342,TRUE,EcoVigil,Event_Monitoring_995,,,,,
1315,TRUE,EcoVigil,Event_Assessment_996,,,,,
1357,FALSE,Sentinel,Event_Communication_69,sent,,,,
1358,TRUE,Sentinel,Event_Monitoring_74,,,,,
1359,FALSE,Sentinel,Event_Communication_79,sent,,,,
1361,TRUE,Sentinel,Event_Assessment_172,,,,,
1362,TRUE,Sentinel,Event_Monitoring_173,,,,,
1363,TRUE,Sentinel,Event_Enforcement_193,,,,,
1365,FALSE,Sentinel,Event_Communication_213,sent,,,,
1367,TRUE,Sentinel,Event_VesselMovement_242,,,,,
1368,TRUE,Sentinel,Event_Monitoring_243,,,,,
1382,TRUE,Sentinel,Event_Monitoring_266,,,,,
1370,FALSE,Sentinel,Event_Communication_267,sent,,,,
1398,TRUE,Sentinel,Relationship_Suspicious_145,,,,,
1373,FALSE,Sentinel,Event_Communication_270,sent,,,,
1375,FALSE,Sentinel,Event_Communication_272,sent,,,,
1377,FALSE,Sentinel,Event_Communication_299,sent,,,,
1378,FALSE,Sentinel,Event_Communication_320,sent,,,,
1379,TRUE,Sentinel,Event_Monitoring_410,,,,,
1380,TRUE,Sentinel,Relationship_Coordinates_252,,,,,
1383,FALSE,Sentinel,Event_Communication_435,sent,,,,
1372,TRUE,Sentinel,Relationship_Coordinates_269,,,,,
1386,TRUE,Sentinel,Event_VesselMovement_483,,,,,
1387,TRUE,Sentinel,Event_Monitoring_484,,,,,
1396,TRUE,Sentinel,Relationship_Suspicious_293,,,,,
1389,FALSE,Sentinel,Event_Communication_485,sent,,,,
1390,TRUE,Sentinel,Event_VesselMovement_563,,,,,
1393,FALSE,Sentinel,Event_Communication_565,sent,,,,
1394,TRUE,Sentinel,Event_Assessment_567,,,,,
1397,FALSE,Sentinel,Event_Communication_574,sent,,,,
1400,FALSE,Sentinel,Event_Communication_674,sent,,,,
1401,TRUE,Sentinel,Relationship_Reports_408,,,,,
1403,TRUE,Sentinel,Relationship_Suspicious_410,,,,,
1404,FALSE,Sentinel,Event_Communication_677,sent,,,,
1405,TRUE,Sentinel,Event_Enforcement_693,,,,,
1422,TRUE,Sentinel,Relationship_AccessPermission_421,,,,,
1408,TRUE,Sentinel,Event_Monitoring_777,,,,,
1410,FALSE,Sentinel,Event_Communication_849,sent,,,,
1413,FALSE,Sentinel,Event_Communication_897,sent,,,,
1414,TRUE,Sentinel,Event_VesselMovement_904,,,,,
1415,TRUE,Sentinel,Relationship_AccessPermission_569,,,,,
1418,TRUE,Sentinel,Relationship_Reports_572,,,,,
1419,TRUE,Sentinel,Event_Monitoring_909,,,,,
1420,TRUE,Sentinel,Event_Monitoring_911,,,,,
1423,FALSE,Sentinel,Event_Communication_914,sent,,,,
1424,TRUE,Sentinel,Event_Monitoring_922,,,,,
1425,TRUE,Sentinel,Event_Monitoring_934,,,,,
1426,FALSE,Sentinel,Event_Communication_965,sent,,,,
1421,TRUE,Sentinel,Event_Assessment_973,,,,,
1428,TRUE,Osprey,Event_TourActivity_96,,,,,
1430,FALSE,Osprey,Event_Communication_97,sent,,,,
1431,FALSE,Osprey,Event_Communication_136,sent,,,,
1432,TRUE,Osprey,Event_TourActivity_140,,,,,
1433,FALSE,Osprey,Event_Communication_141,sent,,,,
1434,TRUE,Osprey,Event_VesselMovement_242,,,,,
1435,TRUE,Osprey,Event_Monitoring_243,,,,,
1437,FALSE,Osprey,Event_Communication_654,sent,,,,
1438,TRUE,Osprey,Event_VesselMovement_806,,,,,
1436,TRUE,Osprey,Event_TourActivity_807,,,,,
1440,TRUE,Osprey,Relationship_AccessPermission_502,,,,,
1441,FALSE,Osprey,Event_Communication_808,sent,,,,
1442,TRUE,Osprey,Event_TourActivity_816,,,,,
1429,TRUE,Osprey,Relationship_Coordinates_509,,,,,
1444,FALSE,Osprey,Event_Communication_817,sent,,,,
1445,FALSE,Defender,Event_Communication_165,sent,,,,
1446,TRUE,Defender,Event_Monitoring_168,,,,,
1447,FALSE,Defender,Event_Communication_169,sent,,,,
1448,TRUE,Defender,Event_VesselMovement_242,,,,,
1449,TRUE,Defender,Event_Monitoring_243,,,,,
1450,TRUE,Defender,Event_Monitoring_688,,,,,
1451,TRUE,Defender,Relationship_Coordinates_418,,,,,
1452,FALSE,Defender,Event_Communication_689,sent,,,,
1453,TRUE,Defender,Event_Enforcement_769,,,,,
1454,FALSE,Defender,Event_Communication_855,sent,,,,
1455,TRUE,Defender,Event_Monitoring_934,,,,,
1456,FALSE,Defender,Event_Communication_999,sent,,,,
1457,FALSE,Northern Light,Event_Communication_228,sent,,,,
1458,FALSE,Northern Light,Event_Communication_230,sent,,,,
1459,TRUE,Northern Light,Relationship_Unfriendly_130,,,,,
1460,FALSE,Northern Light,Event_Communication_234,sent,,,,
1461,TRUE,Northern Light,Event_VesselMovement_634,,,,,
1462,FALSE,Northern Light,Event_Communication_635,sent,,,,
1463,TRUE,Northern Light,Relationship_AccessPermission_392,,,,,
1464,TRUE,Northern Light,Relationship_AccessPermission_393,,,,,
1468,FALSE,Remora,Event_Communication_32,sent,,,,
1470,FALSE,Remora,Event_Communication_153,sent,,,,
1472,FALSE,Remora,Event_Communication_158,sent,,,,
1474,TRUE,Remora,Relationship_AccessPermission_100,,,,,
1475,FALSE,Remora,Event_Communication_214,sent,,,,
1476,FALSE,Remora,Event_Communication_216,sent,,,,
1477,TRUE,Remora,Relationship_AccessPermission_122,,,,,
1478,TRUE,Remora,Relationship_AccessPermission_161,,,,,
1479,TRUE,Remora,Relationship_AccessPermission_163,,,,,
1480,TRUE,Remora,Event_VesselMovement_326,,,,,
1483,FALSE,Remora,Event_Communication_341,sent,,,,
1484,TRUE,Remora,Event_VesselMovement_344,,,,,
1485,TRUE,Remora,Relationship_AccessPermission_192,,,,,
1486,FALSE,Remora,Event_Communication_388,sent,,,,
1487,TRUE,Remora,Event_Collaborate_422,,,,,
1488,TRUE,Remora,Relationship_AccessPermission_259,,,,,
1489,TRUE,Remora,Event_Collaborate_424,,,,,
1491,FALSE,Remora,Event_Communication_425,sent,,,,
1492,TRUE,Remora,Event_Collaborate_455,,,,,
1466,TRUE,Remora,Event_Assessment_492,,,,,
1495,FALSE,Remora,Event_Communication_493,sent,,,,
1496,TRUE,Remora,Event_VesselMovement_494,,,,,
1498,TRUE,Remora,Event_TourActivity_498,,,,,
1490,TRUE,Remora,Relationship_Coordinates_297,,,,,
1500,FALSE,Remora,Event_Communication_499,sent,,,,
1516,TRUE,Remora,Event_VesselMovement_509,,,,,
1497,TRUE,Remora,Event_VesselMovement_510,,,,,
1505,FALSE,Remora,Event_Communication_515,sent,,,,
1506,TRUE,Remora,Event_VesselMovement_516,,,,,
1507,TRUE,Remora,Event_VesselMovement_540,,,,,
1508,TRUE,Remora,Event_Collaborate_554,,,,,
1521,TRUE,Remora,Relationship_Coordinates_334,,,,,
1510,FALSE,Remora,Event_Communication_555,sent,,,,
1512,FALSE,Remora,Event_Communication_556,sent,,,,
1513,TRUE,Remora,Event_Collaborate_557,,,,,
1514,FALSE,Remora,Event_Communication_558,sent,,,,
1465,TRUE,Remora,Relationship_AccessPermission_338,,,,,
1518,FALSE,Remora,Event_Communication_605,sent,,,,
1520,FALSE,Remora,Event_Communication_664,sent,,,,
1522,TRUE,Remora,Event_Collaborate_760,,,,,
1524,TRUE,Remora,Relationship_Suspicious_470,,,,,
1525,FALSE,Remora,Event_Communication_761,sent,,,,
1527,FALSE,Remora,Event_Communication_812,sent,,,,
1523,TRUE,Remora,Relationship_Coordinates_516,,,,,
1529,FALSE,Remora,Event_Communication_823,sent,,,,
1530,TRUE,Remora,Event_VesselMovement_843,,,,,
1532,FALSE,Remora,Event_Communication_850,sent,,,,
1534,TRUE,Remora,Relationship_AccessPermission_553,,,,,
1535,FALSE,Remora,Event_Communication_871,sent,,,,
1537,FALSE,Remora,Event_Communication_873,sent,,,,
1545,TRUE,Remora,Event_VesselMovement_892,,,,,
1546,TRUE,Remora,Event_TourActivity_938,,,,,
1540,FALSE,Remora,Event_Communication_939,sent,,,,
1541,TRUE,Remora,Relationship_AccessPermission_591,,,,,
1542,TRUE,Remora,Event_Monitoring_941,,,,,
1543,TRUE,Remora,Event_Monitoring_942,,,,,
1544,FALSE,Remora,Event_Communication_943,sent,,,,
1547,TRUE,Remora,Event_Monitoring_957,,,,,
1548,TRUE,Remora,Relationship_Reports_603,,,,,
1549,FALSE,Remora,Event_Communication_958,sent,,,,
,TRUE,Remora,Relationship_Colleagues_83,,,,,
,TRUE,Remora,Relationship_Colleagues_80,,,,,
1552,TRUE,Knowles,Relationship_Operates_109,,,,,
1555,TRUE,Knowles,Event_VesselMovement_883,,,,,
1556,TRUE,Knowles,Relationship_AccessPermission_560,,,,,
1557,FALSE,Knowles,Event_Communication_886,sent,,,,
1558,TRUE,Knowles,Event_VesselMovement_887,,,,,
1559,TRUE,Knowles,Relationship_AccessPermission_562,,,,,
1560,TRUE,Knowles,Relationship_Coordinates_621,,,,,
1561,FALSE,Knowles,Event_Communication_987,sent,,,,
1563,FALSE,Knowles,Event_Communication_1001,sent,,,,
1564,TRUE,Knowles,Event_VesselMovement_1002,,,,,
1565,FALSE,Knowles,Event_Communication_1003,sent,,,,
,TRUE,Knowles,Relationship_Colleagues_628,,,,,
1566,TRUE,Mariner's Dream,Event_TourActivity_188,,,,,
1567,TRUE,Mariner's Dream,Relationship_AccessPermission_96,,,,,
1568,TRUE,Mariner's Dream,Relationship_AccessPermission_98,,,,,
1569,TRUE,Recreational Fishing Boats,Event_VesselMovement_190,,,,,
1570,TRUE,Recreational Fishing Boats,Relationship_AccessPermission_129,,,,,
1573,TRUE,Recreational Fishing Boats,Relationship_AccessPermission_232,,,,,
1574,TRUE,Diving Tour Operators,Relationship_AccessPermission_118,,,,,
1575,TRUE,Tourists,Event_TourActivity_46,,,,,
1580,TRUE,Tourists,Relationship_AccessPermission_397,,,,,
1581,TRUE,Conservation Vessels,Event_Monitoring_722,,,,,
1586,TRUE,Conservation Vessels,Event_Assessment_765,,,,,
1587,TRUE,Conservation Vessels,Event_Monitoring_766,,,,,
1588,TRUE,Conservation Vessels,Relationship_AccessPermission_477,,,,,
1594,TRUE,Paackland Harbor,Event_Enforcement_29,,,,,
1595,FALSE,Paackland Harbor,Event_Communication_30,sent,,,,
1596,TRUE,Paackland Harbor,Relationship_Reports_18,,,,,
1597,FALSE,Paackland Harbor,Event_Communication_35,sent,,,,
1598,FALSE,Paackland Harbor,Event_Communication_48,sent,,,,
1599,TRUE,Paackland Harbor,Event_Monitoring_148,,,,,
1600,FALSE,Paackland Harbor,Event_Communication_149,sent,,,,
1601,FALSE,Paackland Harbor,Event_Communication_152,sent,,,,
1602,FALSE,Paackland Harbor,Event_Communication_197,sent,,,,
1603,TRUE,Paackland Harbor,Relationship_Suspicious_123,,,,,
1604,FALSE,Paackland Harbor,Event_Communication_222,sent,,,,
1605,FALSE,Paackland Harbor,Event_Communication_264,sent,,,,
1606,TRUE,Paackland Harbor,Relationship_Jurisdiction_162,,,,,
1607,FALSE,Paackland Harbor,Event_Communication_350,sent,,,,
1608,FALSE,Paackland Harbor,Event_Communication_353,sent,,,,
1609,FALSE,Paackland Harbor,Event_Communication_378,sent,,,,
1610,FALSE,Paackland Harbor,Event_Communication_387,sent,,,,
1611,FALSE,Paackland Harbor,Event_Communication_560,sent,,,,
1612,FALSE,Paackland Harbor,Event_Communication_656,sent,,,,
1613,FALSE,Paackland Harbor,Event_Communication_694,sent,,,,
1614,FALSE,Paackland Harbor,Event_Communication_905,sent,,,,
1615,TRUE,Paackland Harbor,Relationship_Jurisdiction_575,,,,,
1616,TRUE,Haacklee Harbor,Relationship_Coordinates_43,,,,,
1617,FALSE,Haacklee Harbor,Event_Communication_95,sent,,,,
1618,FALSE,Haacklee Harbor,Event_Communication_305,sent,,,,
1619,TRUE,Haacklee Harbor,Event_Assessment_329,,,,,
1620,FALSE,Haacklee Harbor,Event_Communication_330,sent,,,,
1621,FALSE,Haacklee Harbor,Event_Communication_332,sent,,,,
1622,FALSE,Haacklee Harbor,Event_Communication_668,sent,,,,
1623,FALSE,Haacklee Harbor,Event_Communication_884,sent,,,,
1624,FALSE,Haacklee Harbor,Event_Communication_888,sent,,,,
1625,FALSE,Himark Harbor,Event_Communication_17,sent,,,,
1626,FALSE,Himark Harbor,Event_Communication_28,sent,,,,
1627,FALSE,Himark Harbor,Event_Communication_51,sent,,,,
1628,FALSE,Himark Harbor,Event_Communication_100,sent,,,,
1629,FALSE,Himark Harbor,Event_Communication_118,sent,,,,
1630,FALSE,Himark Harbor,Event_Communication_147,sent,,,,
1631,FALSE,Himark Harbor,Event_Communication_191,sent,,,,
1632,FALSE,Himark Harbor,Event_Communication_301,sent,,,,
1633,FALSE,Himark Harbor,Event_Communication_304,sent,,,,
1634,FALSE,Himark Harbor,Event_Communication_327,sent,,,,
1635,FALSE,Himark Harbor,Event_Communication_340,sent,,,,
1637,FALSE,Himark Harbor,Event_Communication_345,sent,,,,
1638,FALSE,Himark Harbor,Event_Communication_390,sent,,,,
1639,FALSE,Himark Harbor,Event_Communication_394,sent,,,,
1640,FALSE,Himark Harbor,Event_Communication_449,sent,,,,
1641,FALSE,Himark Harbor,Event_Communication_453,sent,,,,
1642,FALSE,Himark Harbor,Event_Communication_501,sent,,,,
1643,FALSE,Himark Harbor,Event_Communication_579,sent,,,,
1644,FALSE,Himark Harbor,Event_Communication_632,sent,,,,
1636,TRUE,Himark Harbor,Relationship_AccessPermission_382,,,,,
1646,FALSE,Himark Harbor,Event_Communication_636,sent,,,,
1647,FALSE,Himark Harbor,Event_Communication_642,sent,,,,
1648,FALSE,Himark Harbor,Event_Communication_645,sent,,,,
1650,FALSE,Himark Harbor,Event_Communication_696,sent,,,,
1649,TRUE,Himark Harbor,Event_Enforcement_784,,,,,
1652,FALSE,Himark Harbor,Event_Communication_785,sent,,,,
1653,FALSE,Himark Harbor,Event_Communication_789,sent,,,,
1654,FALSE,Himark Harbor,Event_Communication_890,sent,,,,
1655,TRUE,Himark Harbor,Event_Enforcement_992,,,,,
1656,TRUE,Himark Harbor,Relationship_Coordinates_623,,,,,
1657,FALSE,Himark Harbor,Event_Communication_993,sent,,,,
1658,TRUE,Port Security,Event_Enforcement_947,,,,,
1659,TRUE,Port Security,Relationship_Jurisdiction_611,,,,,
1660,TRUE,Event_Monitoring_0,Eastern Coastline,,,,,
1740,TRUE,Event_Monitoring_33,Nemo Reef,,,,,
1741,TRUE,Event_Monitoring_33,Protected areas,,,,,
3029,TRUE,Event_Monitoring_38,Nemo Reef,,,,,
1805,TRUE,Event_Monitoring_60,Nemo Reef,,,,,
1806,TRUE,Event_Monitoring_60,Protected areas,,,,,
1828,TRUE,Event_Monitoring_68,Western Boundary,,,,,
1829,TRUE,Event_Monitoring_68,Protected areas,,,,,
1834,TRUE,Event_Monitoring_71,Western Boundary,,,,,
1840,TRUE,Event_Monitoring_73,Eastern Boundary,,,,,
1841,TRUE,Event_Monitoring_74,Western Boundary,,,,,
1851,TRUE,Event_Monitoring_77,Western Boundary,,,,,
1852,TRUE,Event_Monitoring_77,Nemo Reef,,,,,
1859,TRUE,Event_Monitoring_83,Nemo Reef,,,,,
1912,TRUE,Event_Monitoring_105,Eastern Boundary,,,,,
1974,TRUE,Event_Monitoring_129,Nemo Reef,,,,,
1994,TRUE,Event_Monitoring_133,Protected areas,,,,,
2029,TRUE,Event_Monitoring_148,Nemo Reef,,,,,
2063,TRUE,Event_Monitoring_164,Nemo Reef,,,,,
2064,TRUE,Event_Monitoring_164,Restricted Zone,,,,,
2070,TRUE,Event_Monitoring_168,Nemo Reef,,,,,
2258,TRUE,Event_Monitoring_192,Nemo Reef,,,,,
2180,TRUE,Event_Monitoring_208,Restricted areas,,,,,
2244,TRUE,Event_Monitoring_232,Restricted Zone,,,,,
2296,TRUE,Event_Monitoring_253,E7,,,,,
2295,TRUE,Event_Monitoring_255,E7,,,,,
2791,TRUE,Event_Monitoring_266,Nemo Reef,,,,,
2391,TRUE,Event_Monitoring_286,Nemo Reef,,,,,
2567,TRUE,Event_Monitoring_358,South Dock,,,,,
2730,TRUE,Event_Monitoring_414,Protected areas,,,,,
2813,TRUE,Event_Monitoring_444,Haacklee Harbor,,,,,
2911,TRUE,Event_Monitoring_484,Southern Boundary,,,,,
3335,TRUE,Event_Monitoring_530,Nemo Reef,,,,,
3036,TRUE,Event_Monitoring_534,Nemo Reef,,,,,
4269,TRUE,Event_Monitoring_595,Nemo Reef,,,,,
3003,TRUE,Event_Monitoring_631,Nemo Reef,,,,,
3368,TRUE,Event_Monitoring_661,Western quadrant,,,,,
3437,TRUE,Event_Monitoring_688,Eastern Boundary,,,,,
3476,TRUE,Event_Monitoring_704,Nemo Reef,,,,,
3495,TRUE,Event_Monitoring_709,Eastern quadrant,,,,,
2276,TRUE,Event_Monitoring_722,Nemo Reef,,,,,
3598,TRUE,Event_Monitoring_752,Northern quadrant,,,,,
3662,TRUE,Event_Monitoring_766,Restricted areas,,,,,
3743,TRUE,Event_Monitoring_797,Eastern quadrant,,,,,
2735,TRUE,Event_Monitoring_803,Nemo Reef,,,,,
3861,TRUE,Event_Monitoring_835,Restricted areas,,,,,
3975,TRUE,Event_Monitoring_856,Southern quadrant,,,,,
3500,TRUE,Event_Monitoring_878,Western quadrant,,,,,
4061,TRUE,Event_Monitoring_911,Western quadrant,,,,,
4078,TRUE,Event_Monitoring_917,Western Boundary,,,,,
4106,TRUE,Event_Monitoring_929,Restricted Zone,,,,,
4116,TRUE,Event_Monitoring_932,Western quadrant,,,,,
4140,TRUE,Event_Monitoring_941,Conservation Vessels,,,,,
4141,TRUE,Event_Monitoring_942,Nemo Reef,,,,,
3748,TRUE,Event_Monitoring_946,Nemo Reef,,,,,
4182,TRUE,Event_Monitoring_957,Restricted Zone,,,,,
4210,TRUE,Event_Monitoring_967,Protected areas,,,,,
2777,TRUE,Event_Monitoring_978,Nemo Reef,,,,,
4190,TRUE,Event_Monitoring_995,Nemo Reef,,,,,
1661,FALSE,Event_Communication_1,The Intern,received,,,,
1662,TRUE,Event_Communication_1,Event_Monitoring_0,evidence_for,,,,
1664,FALSE,Event_Communication_2,The Lookout,received,,,,
1665,TRUE,Event_Communication_2,Relationship_Friends_0,evidence_for,,,,
1666,FALSE,Event_Communication_3,Sam,received,,,,
1669,FALSE,Event_Communication_5,Mrs. Money,received,,,,
1671,TRUE,Event_Communication_5,Relationship_Colleagues_589,evidence_for,,,,
1670,TRUE,Event_Communication_5,Event_Collaborate_719,evidence_for,,,,
1673,FALSE,Event_Communication_6,Boss,received,,,,
1674,TRUE,Event_Communication_6,Relationship_Colleagues_2,evidence_for,,,,
1678,FALSE,Event_Communication_7,Mrs. Money,received,,,,
1680,TRUE,Event_Communication_7,Relationship_Colleagues_158,evidence_for,,,,
,TRUE,Event_Communication_7,Relationship_Colleagues_2,evidence_for,,,,
1681,TRUE,Event_Communication_7,Relationship_Colleagues_11,evidence_for,,,,
1682,FALSE,Event_Communication_8,Boss,received,,,,
1683,FALSE,Event_Communication_9,The Middleman,received,,,,
1684,FALSE,Event_Communication_10,Boss,received,,,,
1685,FALSE,Event_Communication_11,The Middleman,received,,,,
1686,FALSE,Event_Communication_12,Boss,received,,,,
1688,FALSE,Event_Communication_13,Mako,received,,,,
1689,TRUE,Event_Communication_13,Relationship_AccessPermission_7,evidence_for,,,,
1691,FALSE,Event_Communication_15,Serenity,received,,,,
1692,TRUE,Event_Communication_15,Event_Assessment_14,evidence_for,,,,
1694,FALSE,Event_Communication_16,Reef Guardian,received,,,,
1695,TRUE,Event_Communication_16,Relationship_AccessPermission_7,evidence_for,,,,
1698,FALSE,Event_Communication_17,Mako,received,,,,
1699,TRUE,Event_Communication_17,Relationship_Coordinates_387,evidence_for,,,,
1700,TRUE,Event_Communication_17,Relationship_AccessPermission_148,evidence_for,,,,
1704,FALSE,Event_Communication_20,Davis,received,,,,
1705,TRUE,Event_Communication_20,Event_Assessment_18,evidence_for,,,,
1706,TRUE,Event_Communication_20,Event_VesselMovement_122,evidence_for,,,,
1710,FALSE,Event_Communication_21,Mrs. Money,received,,,,
1712,TRUE,Event_Communication_21,Relationship_Colleagues_11,evidence_for,,,,
,TRUE,Event_Communication_21,Relationship_Colleagues_158,evidence_for,,,,
1711,TRUE,Event_Communication_21,Relationship_Colleagues_2,evidence_for,,,,
1714,FALSE,Event_Communication_22,The Middleman,received,,,,
1717,FALSE,Event_Communication_24,Serenity,received,,,,
1719,TRUE,Event_Communication_24,Relationship_AccessPermission_7,evidence_for,,,,
1718,TRUE,Event_Communication_24,Event_Enforcement_177,evidence_for,,,,
1721,FALSE,Event_Communication_26,Himark Harbor,received,,,,
1722,TRUE,Event_Communication_26,Event_VesselMovement_25,evidence_for,,,,
1725,FALSE,Event_Communication_28,Serenity,received,,,,
1727,TRUE,Event_Communication_28,Relationship_AccessPermission_238,evidence_for,,,,
1726,TRUE,Event_Communication_28,Event_VesselMovement_25,evidence_for,,,,
1730,FALSE,Event_Communication_30,Remora,received,,,,
1731,TRUE,Event_Communication_30,Event_Enforcement_29,evidence_for,,,,
1732,TRUE,Event_Communication_30,Relationship_AccessPermission_338,evidence_for,,,,
1736,FALSE,Event_Communication_32,Paackland Harbor,received,,,,
1738,TRUE,Event_Communication_32,Relationship_Colleagues_16,evidence_for,,,,
1739,TRUE,Event_Communication_32,Relationship_AccessPermission_338,evidence_for,,,,
1737,TRUE,Event_Communication_32,Event_Assessment_492,evidence_for,,,,
1747,FALSE,Event_Communication_35,Oceanus City Council,received,,,,
1748,TRUE,Event_Communication_35,Event_Monitoring_33,evidence_for,,,,
1749,TRUE,Event_Communication_35,Event_Enforcement_34,evidence_for,,,,
1750,TRUE,Event_Communication_35,Relationship_Reports_18,evidence_for,,,,
1751,TRUE,Event_Communication_35,Relationship_Jurisdiction_19,evidence_for,,,,
1756,FALSE,Event_Communication_37,Liam Thorne,received,,,,
1758,TRUE,Event_Communication_37,Relationship_Coordinates_20,evidence_for,,,,
1759,TRUE,Event_Communication_37,Relationship_Jurisdiction_21,evidence_for,,,,
1760,TRUE,Event_Communication_37,Relationship_Jurisdiction_446,evidence_for,,,,
1757,TRUE,Event_Communication_37,Event_TourActivity_46,evidence_for,,,,
1763,FALSE,Event_Communication_39,Mrs. Money,received,,,,
1764,TRUE,Event_Communication_39,Event_Monitoring_38,evidence_for,,,,
,TRUE,Event_Communication_39,Relationship_Colleagues_158,evidence_for,,,,
1766,FALSE,Event_Communication_40,Mrs. Money,received,,,,
1771,FALSE,Event_Communication_43,Oceanus City Council,received,,,,
1772,TRUE,Event_Communication_43,Event_Assessment_41,evidence_for,,,,
1773,TRUE,Event_Communication_43,Event_Enforcement_42,evidence_for,,,,
1774,TRUE,Event_Communication_43,Relationship_Coordinates_24,evidence_for,,,,
1775,TRUE,Event_Communication_43,Relationship_Reports_587,evidence_for,,,,
1778,FALSE,Event_Communication_45,Paackland Harbor,received,,,,
1779,TRUE,Event_Communication_45,Event_Enforcement_44,evidence_for,,,,
1780,TRUE,Event_Communication_45,Relationship_Coordinates_24,evidence_for,,,,
1784,FALSE,Event_Communication_48,Reef Guardian,received,,,,
1785,TRUE,Event_Communication_48,Event_TourActivity_46,evidence_for,,,,
1787,TRUE,Event_Communication_48,Relationship_Coordinates_27,evidence_for,,,,
1786,TRUE,Event_Communication_48,Event_Monitoring_946,evidence_for,,,,
1789,FALSE,Event_Communication_50,Himark Harbor,received,,,,
1790,TRUE,Event_Communication_50,Event_Fishing_49,evidence_for,,,,
1791,FALSE,Event_Communication_51,Marlin,received,,,,
1793,FALSE,Event_Communication_53,Oceanus City Council,received,,,,
1794,TRUE,Event_Communication_53,Event_Criticize_52,evidence_for,,,,
1795,FALSE,Event_Communication_54,Marlin,received,,,,
1800,FALSE,Event_Communication_59,Remora,received,,,,
1802,TRUE,Event_Communication_59,Event_Assessment_56,evidence_for,,,,
1801,TRUE,Event_Communication_59,Event_Assessment_14,evidence_for,,,,
1803,TRUE,Event_Communication_59,Event_VesselMovement_1000,evidence_for,,,,
1804,TRUE,Event_Communication_59,Event_VesselMovement_892,evidence_for,,,,
1811,FALSE,Event_Communication_62,Reef Guardian,received,,,,
1812,TRUE,Event_Communication_62,Event_Monitoring_60,evidence_for,,,,
1813,TRUE,Event_Communication_62,Event_TourActivity_61,evidence_for,,,,
1815,TRUE,Event_Communication_62,Relationship_Jurisdiction_29,evidence_for,,,,
1814,TRUE,Event_Communication_62,Relationship_Operates_566,evidence_for,,,,
1818,FALSE,Event_Communication_64,Sailor Shifts Team,received,,,,
1819,TRUE,Event_Communication_64,Relationship_Coordinates_30,evidence_for,,,,
1822,FALSE,Event_Communication_66,Samantha Blake,received,,,,
1823,TRUE,Event_Communication_66,Event_Assessment_65,evidence_for,,,,
1824,TRUE,Event_Communication_66,Relationship_AccessPermission_81,evidence_for,,,,
1826,FALSE,Event_Communication_67,Oceanus City Council,received,,,,
1827,TRUE,Event_Communication_67,Relationship_AccessPermission_415,evidence_for,,,,
1830,FALSE,Event_Communication_69,Green Guardians,received,,,,
1831,TRUE,Event_Communication_69,Event_Monitoring_68,evidence_for,,,,
1836,FALSE,Event_Communication_72,Horizon,received,,,,
1837,TRUE,Event_Communication_72,Event_TourActivity_70,evidence_for,,,,
1838,TRUE,Event_Communication_72,Event_Monitoring_71,evidence_for,,,,
1839,TRUE,Event_Communication_72,Relationship_Coordinates_33,evidence_for,,,,
1845,FALSE,Event_Communication_76,Sentinel,received,,,,
1846,TRUE,Event_Communication_76,Event_Monitoring_73,evidence_for,,,,
1847,TRUE,Event_Communication_76,Event_Monitoring_74,evidence_for,,,,
1850,TRUE,Event_Communication_76,Relationship_Coordinates_35,evidence_for,,,,
1849,TRUE,Event_Communication_76,Relationship_Coordinates_116,evidence_for,,,,
1848,TRUE,Event_Communication_76,Event_TourActivity_46,evidence_for,,,,
1854,FALSE,Event_Communication_79,Horizon,received,,,,
1855,TRUE,Event_Communication_79,Event_Monitoring_77,evidence_for,,,,
1856,TRUE,Event_Communication_79,Event_TourActivity_46,evidence_for,,,,
1863,FALSE,Event_Communication_85,Seawatch,received,,,,
1864,TRUE,Event_Communication_85,Event_Monitoring_83,evidence_for,,,,
1866,TRUE,Event_Communication_85,Relationship_Coordinates_39,evidence_for,,,,
1865,TRUE,Event_Communication_85,Event_TourActivity_46,evidence_for,,,,
1868,FALSE,Event_Communication_87,Sam,received,,,,
1869,TRUE,Event_Communication_87,Event_Monitoring_595,evidence_for,,,,
1872,FALSE,Event_Communication_89,Mrs. Money,received,,,,
1874,TRUE,Event_Communication_89,Relationship_Colleagues_589,evidence_for,,,,
1873,TRUE,Event_Communication_89,Event_Monitoring_595,evidence_for,,,,
1875,FALSE,Event_Communication_90,The Intern,received,,,,
1876,FALSE,Event_Communication_91,The Intern,received,,,,
1879,FALSE,Event_Communication_92,The Lookout,received,,,,
1880,TRUE,Event_Communication_92,Relationship_Reports_41,evidence_for,,,,
1881,TRUE,Event_Communication_92,Relationship_Colleagues_589,evidence_for,,,,
1883,FALSE,Event_Communication_94,Sam,received,,,,
1884,TRUE,Event_Communication_94,Event_Monitoring_595,evidence_for,,,,
1886,FALSE,Event_Communication_95,Osprey,received,,,,
1887,TRUE,Event_Communication_95,Relationship_Coordinates_43,evidence_for,,,,
1890,FALSE,Event_Communication_97,Mako,received,,,,
1891,TRUE,Event_Communication_97,Event_TourActivity_96,evidence_for,,,,
1892,TRUE,Event_Communication_97,Relationship_Coordinates_509,evidence_for,,,,
1895,FALSE,Event_Communication_99,Himark Harbor,received,,,,
1897,TRUE,Event_Communication_99,Relationship_Colleagues_45,evidence_for,,,,
1896,TRUE,Event_Communication_99,Event_VesselMovement_122,evidence_for,,,,
1899,FALSE,Event_Communication_100,Oceanus City Council,received,,,,
1900,TRUE,Event_Communication_100,Relationship_Reports_46,evidence_for,,,,
1904,FALSE,Event_Communication_102,Samantha Blake,received,,,,
1905,TRUE,Event_Communication_102,Event_Assessment_101,evidence_for,,,,
1907,TRUE,Event_Communication_102,Relationship_AccessPermission_415,evidence_for,,,,
1906,TRUE,Event_Communication_102,Relationship_Jurisdiction_446,evidence_for,,,,
1909,FALSE,Event_Communication_103,Sailor Shifts Team,received,,,,
1910,TRUE,Event_Communication_103,Relationship_AccessPermission_196,evidence_for,,,,
1915,FALSE,Event_Communication_106,EcoVigil,received,,,,
1917,TRUE,Event_Communication_106,Event_Monitoring_105,evidence_for,,,,
1919,TRUE,Event_Communication_106,Relationship_Reports_51,evidence_for,,,,
1916,TRUE,Event_Communication_106,Event_Assessment_174,evidence_for,,,,
1918,TRUE,Event_Communication_106,Relationship_Coordinates_251,evidence_for,,,,
1922,FALSE,Event_Communication_109,Horizon,received,,,,
1923,TRUE,Event_Communication_109,Event_Collaborate_108,evidence_for,,,,
1925,TRUE,Event_Communication_109,Relationship_Coordinates_53,evidence_for,,,,
1924,TRUE,Event_Communication_109,Relationship_Coordinates_251,evidence_for,,,,
1927,FALSE,Event_Communication_110,EcoVigil,received,,,,
1928,TRUE,Event_Communication_110,Relationship_Coordinates_54,evidence_for,,,,
1930,FALSE,Event_Communication_111,Horizon,received,,,,
1931,TRUE,Event_Communication_111,Relationship_Coordinates_251,evidence_for,,,,
1933,FALSE,Event_Communication_112,EcoVigil,received,,,,
1934,TRUE,Event_Communication_112,Relationship_Coordinates_54,evidence_for,,,,
1935,FALSE,Event_Communication_113,Sailor Shifts Team,received,,,,
1939,FALSE,Event_Communication_115,Mako,received,,,,
1940,TRUE,Event_Communication_115,Event_Assessment_114,evidence_for,,,,
1941,TRUE,Event_Communication_115,Relationship_Colleagues_619,evidence_for,,,,
1945,FALSE,Event_Communication_117,Sailor Shifts Team,received,,,,
1947,TRUE,Event_Communication_117,Relationship_Operates_58,evidence_for,,,,
1948,TRUE,Event_Communication_117,Relationship_Operates_59,evidence_for,,,,
1946,TRUE,Event_Communication_117,Event_VesselMovement_122,evidence_for,,,,
1950,FALSE,Event_Communication_118,Oceanus City Council,received,,,,
1951,TRUE,Event_Communication_118,Relationship_AccessPermission_238,evidence_for,,,,
1953,FALSE,Event_Communication_119,Himark Harbor,received,,,,
1954,TRUE,Event_Communication_119,Relationship_AccessPermission_238,evidence_for,,,,
1958,FALSE,Event_Communication_120,Boss,received,,,,
1959,TRUE,Event_Communication_120,Relationship_Colleagues_158,evidence_for,,,,
1960,TRUE,Event_Communication_120,Relationship_Colleagues_84,evidence_for,,,,
,TRUE,Event_Communication_120,Relationship_Colleagues_2,evidence_for,,,,
1962,FALSE,Event_Communication_121,Mako,received,,,,
1966,FALSE,Event_Communication_123,Marlin,received,,,,
1967,TRUE,Event_Communication_123,Event_VesselMovement_122,evidence_for,,,,
1968,TRUE,Event_Communication_123,Relationship_Operates_65,evidence_for,,,,
1969,TRUE,Event_Communication_123,Relationship_Colleagues_66,evidence_for,,,,
1970,FALSE,Event_Communication_124,Remora,received,,,,
1972,FALSE,Event_Communication_126,Clepper Jensen,received,,,,
1973,TRUE,Event_Communication_126,Event_Monitoring_129,evidence_for,,,,
1976,FALSE,Event_Communication_128,Miranda Jordan,received,,,,
1978,TRUE,Event_Communication_128,Relationship_Colleagues_290,evidence_for,,,,
1977,TRUE,Event_Communication_128,Event_Monitoring_129,evidence_for,,,,
1982,FALSE,Event_Communication_130,Clepper Jensen,received,,,,
1983,TRUE,Event_Communication_130,Event_Monitoring_129,evidence_for,,,,
1984,TRUE,Event_Communication_130,Relationship_AccessPermission_68,evidence_for,,,,
1985,TRUE,Event_Communication_130,Relationship_Reports_69,evidence_for,,,,
1988,FALSE,Event_Communication_131,Miranda Jordan,received,,,,
1990,TRUE,Event_Communication_131,Relationship_Suspicious_71,evidence_for,,,,
1989,TRUE,Event_Communication_131,Relationship_Suspicious_107,evidence_for,,,,
1992,FALSE,Event_Communication_132,Miranda Jordan,received,,,,
1993,TRUE,Event_Communication_132,Relationship_Colleagues_290,evidence_for,,,,
1997,FALSE,Event_Communication_134,Clepper Jensen,received,,,,
1998,TRUE,Event_Communication_134,Event_Monitoring_133,evidence_for,,,,
1999,TRUE,Event_Communication_134,Relationship_Reports_73,evidence_for,,,,
2000,TRUE,Event_Communication_134,Relationship_Suspicious_74,evidence_for,,,,
2001,FALSE,Event_Communication_135,Miranda Jordan,received,,,,
2002,FALSE,Event_Communication_136,Mako,received,,,,
2005,FALSE,Event_Communication_139,Osprey,received,,,,
2006,TRUE,Event_Communication_139,Event_TourActivity_137,evidence_for,,,,
2007,TRUE,Event_Communication_139,Event_VesselMovement_122,evidence_for,,,,
2009,FALSE,Event_Communication_141,Mako,received,,,,
2010,TRUE,Event_Communication_141,Event_TourActivity_140,evidence_for,,,,
2013,FALSE,Event_Communication_142,Rodriguez,received,,,,
2014,TRUE,Event_Communication_142,Relationship_Operates_75,evidence_for,,,,
2015,TRUE,Event_Communication_142,Relationship_AccessPermission_190,evidence_for,,,,
2017,FALSE,Event_Communication_143,Mako,received,,,,
2018,TRUE,Event_Communication_143,Relationship_Coordinates_77,evidence_for,,,,
2020,FALSE,Event_Communication_145,Himark Harbor,received,,,,
2021,TRUE,Event_Communication_145,Event_VesselMovement_122,evidence_for,,,,
2025,FALSE,Event_Communication_147,Serenity,received,,,,
2028,TRUE,Event_Communication_147,Relationship_Jurisdiction_390,evidence_for,,,,
2027,TRUE,Event_Communication_147,Relationship_AccessPermission_238,evidence_for,,,,
2026,TRUE,Event_Communication_147,Event_VesselMovement_25,evidence_for,,,,
2030,FALSE,Event_Communication_149,Liam Thorne,received,,,,
2031,TRUE,Event_Communication_149,Event_Monitoring_148,evidence_for,,,,
2032,FALSE,Event_Communication_150,Paackland Harbor,received,,,,
2034,FALSE,Event_Communication_152,Sentinel,received,,,,
2035,TRUE,Event_Communication_152,Event_Monitoring_266,evidence_for,,,,
2036,FALSE,Event_Communication_153,Rodriguez,received,,,,
2041,FALSE,Event_Communication_156,Remora,received,,,,
2042,TRUE,Event_Communication_156,Event_VesselMovement_154,evidence_for,,,,
2044,TRUE,Event_Communication_156,Relationship_Colleagues_80,evidence_for,,,,
2045,TRUE,Event_Communication_156,Relationship_AccessPermission_81,evidence_for,,,,
2043,TRUE,Event_Communication_156,Event_Assessment_65,evidence_for,,,,
2050,FALSE,Event_Communication_158,Mako,received,,,,
2051,TRUE,Event_Communication_158,Event_VesselMovement_157,evidence_for,,,,
2053,TRUE,Event_Communication_158,Relationship_Colleagues_83,evidence_for,,,,
2052,TRUE,Event_Communication_158,Relationship_AccessPermission_338,evidence_for,,,,
2054,FALSE,Event_Communication_159,The Intern,received,,,,
2057,FALSE,Event_Communication_160,Mrs. Money,received,,,,
2058,TRUE,Event_Communication_160,Relationship_Colleagues_84,evidence_for,,,,
2059,TRUE,Event_Communication_160,Relationship_Colleagues_589,evidence_for,,,,
2060,FALSE,Event_Communication_161,The Intern,received,,,,
2061,FALSE,Event_Communication_162,Mrs. Money,received,,,,
2062,FALSE,Event_Communication_163,The Middleman,received,,,,
2065,FALSE,Event_Communication_165,Reef Guardian,received,,,,
2066,TRUE,Event_Communication_165,Event_Monitoring_164,evidence_for,,,,
2068,FALSE,Event_Communication_167,Defender,received,,,,
2069,TRUE,Event_Communication_167,Event_Monitoring_946,evidence_for,,,,
2071,FALSE,Event_Communication_169,Seawatch,received,,,,
2072,TRUE,Event_Communication_169,Event_Monitoring_168,evidence_for,,,,
2074,FALSE,Event_Communication_171,Sentinel,received,,,,
2075,TRUE,Event_Communication_171,Event_Monitoring_595,evidence_for,,,,
2080,FALSE,Event_Communication_175,Oceanus City Council,received,,,,
2081,TRUE,Event_Communication_175,Event_Assessment_174,evidence_for,,,,
2082,TRUE,Event_Communication_175,Relationship_Jurisdiction_446,evidence_for,,,,
2084,FALSE,Event_Communication_176,Green Guardians,received,,,,
2085,TRUE,Event_Communication_176,Relationship_Jurisdiction_446,evidence_for,,,,
2091,FALSE,Event_Communication_179,Reef Guardian,received,,,,
2092,TRUE,Event_Communication_179,Event_Enforcement_177,evidence_for,,,,
2095,TRUE,Event_Communication_179,Relationship_Reports_526,evidence_for,,,,
2096,TRUE,Event_Communication_179,Relationship_Jurisdiction_446,evidence_for,,,,
2094,TRUE,Event_Communication_179,Relationship_Operates_566,evidence_for,,,,
2093,TRUE,Event_Communication_179,Event_Monitoring_946,evidence_for,,,,
2101,FALSE,Event_Communication_182,Oceanus City Council,received,,,,
2104,TRUE,Event_Communication_182,Relationship_Reports_526,evidence_for,,,,
2105,TRUE,Event_Communication_182,Relationship_Operates_566,evidence_for,,,,
2103,TRUE,Event_Communication_182,Event_Monitoring_946,evidence_for,,,,
2102,TRUE,Event_Communication_182,Event_VesselMovement_569,evidence_for,,,,
2106,FALSE,Event_Communication_183,Oceanus City Council,received,,,,
2110,FALSE,Event_Communication_186,Liam Thorne,received,,,,
2111,TRUE,Event_Communication_186,Event_Collaborate_184,evidence_for,,,,
2113,TRUE,Event_Communication_186,Relationship_Jurisdiction_446,evidence_for,,,,
2112,TRUE,Event_Communication_186,Event_Enforcement_745,evidence_for,,,,
2117,FALSE,Event_Communication_189,Sentinel,received,,,,
2119,TRUE,Event_Communication_189,Event_TourActivity_188,evidence_for,,,,
2120,TRUE,Event_Communication_189,Relationship_AccessPermission_96,evidence_for,,,,
2118,TRUE,Event_Communication_189,Event_Monitoring_595,evidence_for,,,,
2123,FALSE,Event_Communication_191,Seawatch,received,,,,
2124,TRUE,Event_Communication_191,Event_VesselMovement_190,evidence_for,,,,
2125,TRUE,Event_Communication_191,Relationship_Operates_97,evidence_for,,,,
2132,FALSE,Event_Communication_196,Horizon,received,,,,
2135,TRUE,Event_Communication_196,Relationship_Coordinates_35,evidence_for,,,,
2133,TRUE,Event_Communication_196,Event_Monitoring_192,evidence_for,,,,
2134,TRUE,Event_Communication_196,Event_Assessment_174,evidence_for,,,,
2137,FALSE,Event_Communication_197,Remora,received,,,,
2138,TRUE,Event_Communication_197,Relationship_AccessPermission_100,evidence_for,,,,
2142,FALSE,Event_Communication_199,Boss,received,,,,
2143,TRUE,Event_Communication_199,Event_Assessment_198,evidence_for,,,,
2144,TRUE,Event_Communication_199,Relationship_AccessPermission_101,evidence_for,,,,
2145,TRUE,Event_Communication_199,Relationship_Colleagues_102,evidence_for,,,,
2149,FALSE,Event_Communication_201,Clepper Jensen,received,,,,
2150,TRUE,Event_Communication_201,Event_Collaborate_200,evidence_for,,,,
2151,TRUE,Event_Communication_201,Relationship_Operates_103,evidence_for,,,,
2152,TRUE,Event_Communication_201,Relationship_Suspicious_110,evidence_for,,,,
2158,FALSE,Event_Communication_203,Miranda Jordan,received,,,,
2161,TRUE,Event_Communication_203,Relationship_Suspicious_106,evidence_for,,,,
2162,TRUE,Event_Communication_203,Relationship_Suspicious_107,evidence_for,,,,
2163,TRUE,Event_Communication_203,Relationship_Suspicious_108,evidence_for,,,,
2159,TRUE,Event_Communication_203,Event_Collaborate_200,evidence_for,,,,
2160,TRUE,Event_Communication_203,Relationship_Colleagues_290,evidence_for,,,,
2166,FALSE,Event_Communication_204,Clepper Jensen,received,,,,
2167,TRUE,Event_Communication_204,Relationship_Operates_109,evidence_for,,,,
2168,TRUE,Event_Communication_204,Relationship_Suspicious_110,evidence_for,,,,
2171,FALSE,Event_Communication_205,Miranda Jordan,received,,,,
2173,TRUE,Event_Communication_205,Relationship_Suspicious_112,evidence_for,,,,
2172,TRUE,Event_Communication_205,Relationship_Colleagues_290,evidence_for,,,,
2175,FALSE,Event_Communication_206,Clepper Jensen,received,,,,
2176,TRUE,Event_Communication_206,Relationship_Suspicious_113,evidence_for,,,,
2178,FALSE,Event_Communication_207,Miranda Jordan,received,,,,
2179,TRUE,Event_Communication_207,Relationship_Colleagues_290,evidence_for,,,,
2182,FALSE,Event_Communication_209,Horizon,received,,,,
2183,TRUE,Event_Communication_209,Event_Monitoring_208,evidence_for,,,,
2184,TRUE,Event_Communication_209,Relationship_Coordinates_251,evidence_for,,,,
2187,FALSE,Event_Communication_211,Sentinel,received,,,,
2188,TRUE,Event_Communication_211,Event_VesselMovement_210,evidence_for,,,,
2189,TRUE,Event_Communication_211,Relationship_Coordinates_116,evidence_for,,,,
2191,FALSE,Event_Communication_213,Paackland Harbor,received,,,,
2192,TRUE,Event_Communication_213,Event_Monitoring_266,evidence_for,,,,
2194,FALSE,Event_Communication_214,Paackland Harbor,received,,,,
2195,TRUE,Event_Communication_214,Relationship_AccessPermission_100,evidence_for,,,,
2199,FALSE,Event_Communication_216,Paackland Harbor,received,,,,
2200,TRUE,Event_Communication_216,Event_HarborReport_215,evidence_for,,,,
2201,TRUE,Event_Communication_216,Relationship_AccessPermission_118,evidence_for,,,,
2204,FALSE,Event_Communication_218,Paackland Harbor,received,,,,
2206,TRUE,Event_Communication_218,Relationship_Jurisdiction_446,evidence_for,,,,
2205,TRUE,Event_Communication_218,Event_Monitoring_266,evidence_for,,,,
2211,FALSE,Event_Communication_221,Paackland Harbor,received,,,,
2214,TRUE,Event_Communication_221,Relationship_Coordinates_120,evidence_for,,,,
2215,TRUE,Event_Communication_221,Relationship_Colleagues_121,evidence_for,,,,
2213,TRUE,Event_Communication_221,Event_Enforcement_745,evidence_for,,,,
2212,TRUE,Event_Communication_221,Event_Monitoring_38,evidence_for,,,,
2218,FALSE,Event_Communication_222,Remora,received,,,,
2219,TRUE,Event_Communication_222,Relationship_AccessPermission_122,evidence_for,,,,
2220,TRUE,Event_Communication_222,Relationship_Suspicious_123,evidence_for,,,,
2225,FALSE,Event_Communication_224,Remora,received,,,,
2226,TRUE,Event_Communication_224,Event_Assessment_223,evidence_for,,,,
2228,TRUE,Event_Communication_224,Relationship_AccessPermission_125,evidence_for,,,,
2227,TRUE,Event_Communication_224,Relationship_Operates_474,evidence_for,,,,
2230,FALSE,Event_Communication_225,Serenity,received,,,,
2231,TRUE,Event_Communication_225,Relationship_AccessPermission_7,evidence_for,,,,
2234,FALSE,Event_Communication_226,Serenity,received,,,,
2235,TRUE,Event_Communication_226,Relationship_AccessPermission_127,evidence_for,,,,
2236,TRUE,Event_Communication_226,Relationship_AccessPermission_128,evidence_for,,,,
2237,FALSE,Event_Communication_227,Mako,received,,,,
2238,FALSE,Event_Communication_228,Oceanus City Council,received,,,,
2239,FALSE,Event_Communication_229,Northern Light,received,,,,
2241,FALSE,Event_Communication_230,Sailor Shifts Team,received,,,,
2242,TRUE,Event_Communication_230,Relationship_AccessPermission_129,evidence_for,,,,
2243,FALSE,Event_Communication_231,Northern Light,received,,,,
2247,FALSE,Event_Communication_234,Green Guardians,received,,,,
2248,TRUE,Event_Communication_234,Event_Monitoring_232,evidence_for,,,,
2249,TRUE,Event_Communication_234,Event_Enforcement_233,evidence_for,,,,
2250,TRUE,Event_Communication_234,Relationship_Unfriendly_130,evidence_for,,,,
2254,FALSE,Event_Communication_237,Northern Light,received,,,,
2255,TRUE,Event_Communication_237,Event_Enforcement_235,evidence_for,,,,
2256,TRUE,Event_Communication_237,Event_Collaborate_236,evidence_for,,,,
2257,TRUE,Event_Communication_237,Relationship_Jurisdiction_131,evidence_for,,,,
2261,FALSE,Event_Communication_239,Green Guardians,received,,,,
2263,TRUE,Event_Communication_239,Relationship_Coordinates_116,evidence_for,,,,
2264,TRUE,Event_Communication_239,Relationship_Operates_176,evidence_for,,,,
2262,TRUE,Event_Communication_239,Event_Monitoring_192,evidence_for,,,,
2265,FALSE,Event_Communication_240,Davis,received,,,,
2268,FALSE,Event_Communication_244,Sam,received,,,,
2270,TRUE,Event_Communication_244,Event_VesselMovement_242,evidence_for,,,,
2271,TRUE,Event_Communication_244,Event_Monitoring_243,evidence_for,,,,
2269,TRUE,Event_Communication_244,Event_VesselMovement_549,evidence_for,,,,
2272,TRUE,Event_Communication_244,Relationship_AccessPermission_243,evidence_for,,,,
2274,FALSE,Event_Communication_246,Mrs. Money,received,,,,
2275,TRUE,Event_Communication_246,Event_VesselMovement_549,evidence_for,,,,
2278,FALSE,Event_Communication_248,Boss,received,,,,
2280,TRUE,Event_Communication_248,Relationship_Reports_41,evidence_for,,,,
2279,TRUE,Event_Communication_248,Event_Monitoring_722,evidence_for,,,,
2284,FALSE,Event_Communication_249,Mrs. Money,received,,,,
2286,TRUE,Event_Communication_249,Relationship_Colleagues_84,evidence_for,,,,
2285,TRUE,Event_Communication_249,Relationship_Operates_283,evidence_for,,,,
,TRUE,Event_Communication_249,Relationship_Colleagues_2,evidence_for,,,,
2288,FALSE,Event_Communication_250,The Middleman,received,,,,
2290,FALSE,Event_Communication_252,Mako,received,,,,
2291,TRUE,Event_Communication_252,Event_TransponderPing_251,evidence_for,,,,
2293,FALSE,Event_Communication_254,Reef Guardian,received,,,,
2294,TRUE,Event_Communication_254,Event_Monitoring_253,evidence_for,,,,
2301,FALSE,Event_Communication_258,Mako,received,,,,
2302,TRUE,Event_Communication_258,Event_Enforcement_261,evidence_for,,,,
2303,TRUE,Event_Communication_258,Relationship_Jurisdiction_131,evidence_for,,,,
2304,TRUE,Event_Communication_258,Relationship_AccessPermission_243,evidence_for,,,,
2307,FALSE,Event_Communication_260,Davis,received,,,,
2309,TRUE,Event_Communication_260,Relationship_Operates_58,evidence_for,,,,
2308,TRUE,Event_Communication_260,Event_VesselMovement_122,evidence_for,,,,
2313,FALSE,Event_Communication_262,Mako,received,,,,
2314,TRUE,Event_Communication_262,Event_Enforcement_261,evidence_for,,,,
2315,TRUE,Event_Communication_262,Relationship_Jurisdiction_131,evidence_for,,,,
2316,TRUE,Event_Communication_262,Relationship_AccessPermission_243,evidence_for,,,,
2318,FALSE,Event_Communication_264,Sentinel,received,,,,
2319,TRUE,Event_Communication_264,Event_TransponderPing_308,evidence_for,,,,
2322,FALSE,Event_Communication_267,Mako,received,,,,
2324,TRUE,Event_Communication_267,Event_Monitoring_266,evidence_for,,,,
2323,TRUE,Event_Communication_267,Event_TransponderPing_308,evidence_for,,,,
2325,FALSE,Event_Communication_268,Sentinel,received,,,,
2329,FALSE,Event_Communication_270,Horizon,received,,,,
2331,TRUE,Event_Communication_270,Relationship_Suspicious_145,evidence_for,,,,
2330,TRUE,Event_Communication_270,Event_TransponderPing_308,evidence_for,,,,
2332,TRUE,Event_Communication_270,Relationship_Coordinates_269,evidence_for,,,,
2336,FALSE,Event_Communication_272,Mako,received,,,,
2337,TRUE,Event_Communication_272,Event_TransponderPing_271,evidence_for,,,,
2339,TRUE,Event_Communication_272,Relationship_AccessPermission_148,evidence_for,,,,
2338,TRUE,Event_Communication_272,Relationship_Suspicious_145,evidence_for,,,,
2343,FALSE,Event_Communication_275,Boss,received,,,,
2345,TRUE,Event_Communication_275,Event_Collaborate_236,evidence_for,,,,
2346,TRUE,Event_Communication_275,Relationship_Jurisdiction_446,evidence_for,,,,
2344,TRUE,Event_Communication_275,Event_Enforcement_235,evidence_for,,,,
2348,FALSE,Event_Communication_277,The Middleman,received,,,,
2349,TRUE,Event_Communication_277,Event_Collaborate_276,evidence_for,,,,
,TRUE,Event_Communication_277,Relationship_Colleagues_11,evidence_for,,,,
2353,FALSE,Event_Communication_278,Mrs. Money,received,,,,
2355,TRUE,Event_Communication_278,Relationship_Colleagues_11,evidence_for,,,,
2354,TRUE,Event_Communication_278,Relationship_Colleagues_158,evidence_for,,,,
2356,FALSE,Event_Communication_279,Boss,received,,,,
2358,TRUE,Event_Communication_279,Relationship_Colleagues_11,evidence_for,,,,
2357,TRUE,Event_Communication_279,Relationship_Colleagues_158,evidence_for,,,,
2366,FALSE,Event_Communication_280,Boss,received,,,,
2367,TRUE,Event_Communication_280,Relationship_Operates_153,evidence_for,,,,
2368,TRUE,Event_Communication_280,Relationship_Operates_154,evidence_for,,,,
2370,TRUE,Event_Communication_280,Relationship_AccessPermission_156,evidence_for,,,,
2372,TRUE,Event_Communication_280,Relationship_Colleagues_158,evidence_for,,,,
2371,TRUE,Event_Communication_280,Relationship_Colleagues_2,evidence_for,,,,
2369,TRUE,Event_Communication_280,Relationship_AccessPermission_101,evidence_for,,,,
,TRUE,Event_Communication_280,Relationship_Colleagues_11,evidence_for,,,,
2376,FALSE,Event_Communication_281,Remora,received,,,,
2378,TRUE,Event_Communication_281,Relationship_AccessPermission_161,evidence_for,,,,
2379,TRUE,Event_Communication_281,Relationship_Jurisdiction_162,evidence_for,,,,
2377,TRUE,Event_Communication_281,Relationship_Operates_546,evidence_for,,,,
2382,FALSE,Event_Communication_282,Remora,received,,,,
2383,TRUE,Event_Communication_282,Relationship_AccessPermission_163,evidence_for,,,,
2384,TRUE,Event_Communication_282,Relationship_Operates_546,evidence_for,,,,
2386,FALSE,Event_Communication_283,Remora,received,,,,
2387,TRUE,Event_Communication_283,Relationship_Operates_58,evidence_for,,,,
2389,FALSE,Event_Communication_285,Reef Guardian,received,,,,
2390,TRUE,Event_Communication_285,Event_VesselMovement_284,evidence_for,,,,
2393,FALSE,Event_Communication_287,Marlin,received,,,,
2394,TRUE,Event_Communication_287,Event_Monitoring_286,evidence_for,,,,
2395,TRUE,Event_Communication_287,Relationship_Coordinates_380,evidence_for,,,,
2397,FALSE,Event_Communication_289,Remora,received,,,,
2398,TRUE,Event_Communication_289,Event_VesselMovement_288,evidence_for,,,,
2401,FALSE,Event_Communication_291,Davis,received,,,,
2403,TRUE,Event_Communication_291,Relationship_Operates_58,evidence_for,,,,
2402,TRUE,Event_Communication_291,Event_VesselMovement_549,evidence_for,,,,
2406,FALSE,Event_Communication_293,Mako,received,,,,
2407,TRUE,Event_Communication_293,Event_Enforcement_292,evidence_for,,,,
2408,TRUE,Event_Communication_293,Relationship_Jurisdiction_446,evidence_for,,,,
2411,FALSE,Event_Communication_295,Davis,received,,,,
2413,TRUE,Event_Communication_295,Relationship_Operates_58,evidence_for,,,,
2412,TRUE,Event_Communication_295,Event_VesselMovement_122,evidence_for,,,,
2415,FALSE,Event_Communication_297,Sentinel,received,,,,
2416,TRUE,Event_Communication_297,Event_Monitoring_266,evidence_for,,,,
2418,FALSE,Event_Communication_299,Horizon,received,,,,
2419,TRUE,Event_Communication_299,Event_TransponderPing_308,evidence_for,,,,
2422,FALSE,Event_Communication_301,Oceanus City Council,received,,,,
2423,TRUE,Event_Communication_301,Event_VesselMovement_300,evidence_for,,,,
2424,TRUE,Event_Communication_301,Relationship_Reports_170,evidence_for,,,,
2425,FALSE,Event_Communication_302,Himark Harbor,received,,,,
2428,FALSE,Event_Communication_304,Mako,received,,,,
2429,TRUE,Event_Communication_304,Event_VesselMovement_303,evidence_for,,,,
2430,FALSE,Event_Communication_305,Mako,received,,,,
2435,FALSE,Event_Communication_309,Oceanus City Council,received,,,,
2438,TRUE,Event_Communication_309,Event_TransponderPing_308,evidence_for,,,,
2436,TRUE,Event_Communication_309,Event_VesselMovement_122,evidence_for,,,,
2439,TRUE,Event_Communication_309,Relationship_AccessPermission_243,evidence_for,,,,
2437,TRUE,Event_Communication_309,Event_Assessment_337,evidence_for,,,,
2443,FALSE,Event_Communication_311,Liam Thorne,received,,,,
2445,TRUE,Event_Communication_311,Relationship_Coordinates_172,evidence_for,,,,
2446,TRUE,Event_Communication_311,Relationship_Reports_587,evidence_for,,,,
2444,TRUE,Event_Communication_311,Event_Monitoring_803,evidence_for,,,,
2447,FALSE,Event_Communication_312,V. Miesel Shipping,received,,,,
2449,FALSE,Event_Communication_313,Boss,received,,,,
2450,TRUE,Event_Communication_313,Relationship_Operates_255,evidence_for,,,,
2453,FALSE,Event_Communication_316,Mako,received,,,,
2455,TRUE,Event_Communication_316,Event_Monitoring_192,evidence_for,,,,
2454,TRUE,Event_Communication_316,Event_VesselMovement_122,evidence_for,,,,
2456,FALSE,Event_Communication_317,The Intern,received,,,,
2458,FALSE,Event_Communication_318,Mrs. Money,received,,,,
2459,TRUE,Event_Communication_318,Relationship_AccessPermission_243,evidence_for,,,,
2462,FALSE,Event_Communication_320,Green Guardians,received,,,,
2464,TRUE,Event_Communication_320,Relationship_Operates_176,evidence_for,,,,
2463,TRUE,Event_Communication_320,Event_Monitoring_192,evidence_for,,,,
2466,FALSE,Event_Communication_321,Oceanus City Council,received,,,,
2467,TRUE,Event_Communication_321,Relationship_AccessPermission_266,evidence_for,,,,
2471,FALSE,Event_Communication_323,Green Guardians,received,,,,
2474,TRUE,Event_Communication_323,Relationship_Jurisdiction_446,evidence_for,,,,
2472,TRUE,Event_Communication_323,Event_Assessment_101,evidence_for,,,,
2473,TRUE,Event_Communication_323,Relationship_AccessPermission_266,evidence_for,,,,
2477,FALSE,Event_Communication_325,Green Guardians,received,,,,
2479,TRUE,Event_Communication_325,Relationship_Suspicious_368,evidence_for,,,,
2478,TRUE,Event_Communication_325,Event_Monitoring_192,evidence_for,,,,
2481,FALSE,Event_Communication_327,Remora,received,,,,
2482,TRUE,Event_Communication_327,Event_VesselMovement_326,evidence_for,,,,
2483,FALSE,Event_Communication_328,Boss,received,,,,
2486,FALSE,Event_Communication_330,Nadia Conti,received,,,,
2487,TRUE,Event_Communication_330,Event_Assessment_329,evidence_for,,,,
2488,TRUE,Event_Communication_330,Relationship_AccessPermission_181,evidence_for,,,,
2490,FALSE,Event_Communication_331,Haacklee Harbor,received,,,,
2491,TRUE,Event_Communication_331,Relationship_AccessPermission_181,evidence_for,,,,
2493,FALSE,Event_Communication_332,Oceanus City Council,received,,,,
2494,TRUE,Event_Communication_332,Relationship_AccessPermission_181,evidence_for,,,,
2495,FALSE,Event_Communication_333,Nadia Conti,received,,,,
2496,FALSE,Event_Communication_334,Oceanus City Council,received,,,,
2500,FALSE,Event_Communication_336,Liam Thorne,received,,,,
2503,TRUE,Event_Communication_336,Relationship_Coordinates_185,evidence_for,,,,
2502,TRUE,Event_Communication_336,Relationship_Reports_587,evidence_for,,,,
2501,TRUE,Event_Communication_336,Event_Assessment_41,evidence_for,,,,
2505,FALSE,Event_Communication_338,Oceanus City Council,received,,,,
2506,TRUE,Event_Communication_338,Event_Assessment_337,evidence_for,,,,
2508,FALSE,Event_Communication_339,Himark Harbor,received,,,,
2509,TRUE,Event_Communication_339,Relationship_Jurisdiction_446,evidence_for,,,,
2511,FALSE,Event_Communication_340,Remora,received,,,,
2512,TRUE,Event_Communication_340,Relationship_Coordinates_297,evidence_for,,,,
2514,FALSE,Event_Communication_341,Mako,received,,,,
2515,TRUE,Event_Communication_341,Relationship_Coordinates_297,evidence_for,,,,
2519,FALSE,Event_Communication_343,Himark Harbor,received,,,,
2522,TRUE,Event_Communication_343,Relationship_AccessPermission_190,evidence_for,,,,
2521,TRUE,Event_Communication_343,Relationship_Operates_58,evidence_for,,,,
2520,TRUE,Event_Communication_343,Event_VesselMovement_122,evidence_for,,,,
2524,FALSE,Event_Communication_345,Oceanus City Council,received,,,,
2525,TRUE,Event_Communication_345,Event_VesselMovement_344,evidence_for,,,,
2527,TRUE,Event_Communication_345,Relationship_AccessPermission_192,evidence_for,,,,
2526,TRUE,Event_Communication_345,Relationship_AccessPermission_382,evidence_for,,,,
2530,FALSE,Event_Communication_347,Mako,received,,,,
2531,TRUE,Event_Communication_347,Event_VesselMovement_549,evidence_for,,,,
2532,TRUE,Event_Communication_347,Relationship_AccessPermission_243,evidence_for,,,,
2535,FALSE,Event_Communication_349,Davis,received,,,,
2536,TRUE,Event_Communication_349,Event_VesselMovement_122,evidence_for,,,,
2537,TRUE,Event_Communication_349,Relationship_AccessPermission_190,evidence_for,,,,
2539,FALSE,Event_Communication_350,Oceanus City Council,received,,,,
2540,TRUE,Event_Communication_350,Relationship_Jurisdiction_446,evidence_for,,,,
2543,FALSE,Event_Communication_351,Paackland Harbor,received,,,,
2544,TRUE,Event_Communication_351,Relationship_AccessPermission_196,evidence_for,,,,
2545,TRUE,Event_Communication_351,Relationship_Jurisdiction_446,evidence_for,,,,
2548,FALSE,Event_Communication_353,Reef Guardian,received,,,,
2550,TRUE,Event_Communication_353,Relationship_AccessPermission_497,evidence_for,,,,
2549,TRUE,Event_Communication_353,Event_Monitoring_946,evidence_for,,,,
2553,FALSE,Event_Communication_354,Green Guardians,received,,,,
2555,TRUE,Event_Communication_354,Relationship_Operates_566,evidence_for,,,,
2554,TRUE,Event_Communication_354,Relationship_AccessPermission_497,evidence_for,,,,
2556,FALSE,Event_Communication_355,Oceanus City Council,received,,,,
2558,FALSE,Event_Communication_356,Oceanus City Council,received,,,,
2559,TRUE,Event_Communication_356,Relationship_Coordinates_201,evidence_for,,,,
2563,FALSE,Event_Communication_357,Miranda Jordan,received,,,,
2564,TRUE,Event_Communication_357,Relationship_Operates_202,evidence_for,,,,
2566,TRUE,Event_Communication_357,Relationship_Colleagues_290,evidence_for,,,,
2565,TRUE,Event_Communication_357,Relationship_Suspicious_106,evidence_for,,,,
2569,FALSE,Event_Communication_359,Clepper Jensen,received,,,,
2570,TRUE,Event_Communication_359,Event_Monitoring_358,evidence_for,,,,
2571,TRUE,Event_Communication_359,Relationship_Reports_205,evidence_for,,,,
2573,FALSE,Event_Communication_360,Miranda Jordan,received,,,,
2574,TRUE,Event_Communication_360,Relationship_Colleagues_290,evidence_for,,,,
2575,FALSE,Event_Communication_361,Clepper Jensen,received,,,,
2576,FALSE,Event_Communication_362,Miranda Jordan,received,,,,
2581,FALSE,Event_Communication_365,Boss,received,,,,
2582,TRUE,Event_Communication_365,Event_VesselMovement_363,evidence_for,,,,
2583,TRUE,Event_Communication_365,Event_Collaborate_364,evidence_for,,,,
2584,TRUE,Event_Communication_365,Relationship_AccessPermission_243,evidence_for,,,,
2589,FALSE,Event_Communication_366,Mrs. Money,received,,,,
2591,TRUE,Event_Communication_366,Relationship_Suspicious_209,evidence_for,,,,
2592,TRUE,Event_Communication_366,Relationship_Operates_210,evidence_for,,,,
2593,TRUE,Event_Communication_366,Relationship_Operates_211,evidence_for,,,,
,TRUE,Event_Communication_366,Relationship_Colleagues_2,evidence_for,,,,
2594,FALSE,Event_Communication_367,V. Miesel Shipping,received,,,,
2596,FALSE,Event_Communication_368,Mrs. Money,received,,,,
2597,TRUE,Event_Communication_368,Relationship_AccessPermission_214,evidence_for,,,,
2599,FALSE,Event_Communication_369,The Intern,received,,,,
2600,TRUE,Event_Communication_369,Relationship_AccessPermission_214,evidence_for,,,,
2604,FALSE,Event_Communication_370,Kelly,received,,,,
2605,TRUE,Event_Communication_370,Relationship_Colleagues_215,evidence_for,,,,
2607,TRUE,Event_Communication_370,Relationship_Suspicious_217,evidence_for,,,,
2606,TRUE,Event_Communication_370,Relationship_Colleagues_430,evidence_for,,,,
2610,FALSE,Event_Communication_371,The Intern,received,,,,
2611,TRUE,Event_Communication_371,Relationship_Reports_218,evidence_for,,,,
2612,TRUE,Event_Communication_371,Relationship_Suspicious_219,evidence_for,,,,
2615,FALSE,Event_Communication_372,Mrs. Money,received,,,,
2617,TRUE,Event_Communication_372,Relationship_Reports_41,evidence_for,,,,
2616,TRUE,Event_Communication_372,Relationship_AccessPermission_243,evidence_for,,,,
2620,FALSE,Event_Communication_373,Boss,received,,,,
2622,TRUE,Event_Communication_373,Relationship_Coordinates_499,evidence_for,,,,
2621,TRUE,Event_Communication_373,Relationship_AccessPermission_243,evidence_for,,,,
2624,FALSE,Event_Communication_375,Green Guardians,received,,,,
2625,TRUE,Event_Communication_375,Event_Monitoring_38,evidence_for,,,,
2626,FALSE,Event_Communication_376,Clepper Jensen,received,,,,
2628,FALSE,Event_Communication_377,Miranda Jordan,received,,,,
2629,TRUE,Event_Communication_377,Relationship_Colleagues_290,evidence_for,,,,
2631,FALSE,Event_Communication_378,Mako,received,,,,
2632,TRUE,Event_Communication_378,Relationship_AccessPermission_243,evidence_for,,,,
2635,FALSE,Event_Communication_380,Samantha Blake,received,,,,
2637,TRUE,Event_Communication_380,Relationship_Coordinates_226,evidence_for,,,,
2636,TRUE,Event_Communication_380,Event_VesselMovement_122,evidence_for,,,,
2640,FALSE,Event_Communication_381,Mako,received,,,,
2641,TRUE,Event_Communication_381,Relationship_AccessPermission_415,evidence_for,,,,
2642,TRUE,Event_Communication_381,Relationship_Jurisdiction_446,evidence_for,,,,
2645,FALSE,Event_Communication_382,Boss,received,,,,
2646,TRUE,Event_Communication_382,Relationship_Unfriendly_229,evidence_for,,,,
2647,TRUE,Event_Communication_382,Relationship_Jurisdiction_446,evidence_for,,,,
2650,FALSE,Event_Communication_384,Reef Guardian,received,,,,
2651,TRUE,Event_Communication_384,Event_Monitoring_383,evidence_for,,,,
2652,TRUE,Event_Communication_384,Relationship_Coordinates_231,evidence_for,,,,
2655,FALSE,Event_Communication_386,Paackland Harbor,received,,,,
2657,TRUE,Event_Communication_386,Relationship_AccessPermission_232,evidence_for,,,,
2656,TRUE,Event_Communication_386,Event_Monitoring_946,evidence_for,,,,
2660,FALSE,Event_Communication_387,Mako,received,,,,
2661,TRUE,Event_Communication_387,Relationship_AccessPermission_233,evidence_for,,,,
2662,TRUE,Event_Communication_387,Relationship_Jurisdiction_583,evidence_for,,,,
2664,FALSE,Event_Communication_388,Sailor Shifts Team,received,,,,
2665,TRUE,Event_Communication_388,Relationship_Colleagues_551,evidence_for,,,,
2667,FALSE,Event_Communication_389,Boss,received,,,,
2668,TRUE,Event_Communication_389,Relationship_Coordinates_236,evidence_for,,,,
2670,FALSE,Event_Communication_390,Serenity,received,,,,
2671,TRUE,Event_Communication_390,Relationship_AccessPermission_7,evidence_for,,,,
2674,FALSE,Event_Communication_392,Himark Harbor,received,,,,
2676,TRUE,Event_Communication_392,Relationship_AccessPermission_238,evidence_for,,,,
2675,TRUE,Event_Communication_392,Event_VesselMovement_25,evidence_for,,,,
2679,FALSE,Event_Communication_394,Neptune,received,,,,
2680,TRUE,Event_Communication_394,Event_VesselMovement_393,evidence_for,,,,
2681,TRUE,Event_Communication_394,Relationship_AccessPermission_405,evidence_for,,,,
2684,FALSE,Event_Communication_396,Paackland Harbor,received,,,,
2685,TRUE,Event_Communication_396,Event_VesselMovement_122,evidence_for,,,,
2686,TRUE,Event_Communication_396,Relationship_AccessPermission_243,evidence_for,,,,
2690,FALSE,Event_Communication_399,Paackland Harbor,received,,,,
2691,TRUE,Event_Communication_399,Event_VesselMovement_122,evidence_for,,,,
2693,TRUE,Event_Communication_399,Relationship_AccessPermission_243,evidence_for,,,,
2692,TRUE,Event_Communication_399,Event_TourActivity_962,evidence_for,,,,
2697,FALSE,Event_Communication_401,Davis,received,,,,
2700,TRUE,Event_Communication_401,Relationship_AccessPermission_243,evidence_for,,,,
2698,TRUE,Event_Communication_401,Event_VesselMovement_549,evidence_for,,,,
,TRUE,Event_Communication_401,Relationship_Colleagues_619,evidence_for,,,,
2704,FALSE,Event_Communication_403,Mako,received,,,,
2705,TRUE,Event_Communication_403,Event_VesselMovement_402,evidence_for,,,,
2706,TRUE,Event_Communication_403,Relationship_AccessPermission_244,evidence_for,,,,
2707,TRUE,Event_Communication_403,Relationship_Coordinates_471,evidence_for,,,,
2709,FALSE,Event_Communication_405,Neptune,received,,,,
2710,TRUE,Event_Communication_405,Event_VesselMovement_122,evidence_for,,,,
2712,FALSE,Event_Communication_406,Serenity,received,,,,
2714,TRUE,Event_Communication_406,Relationship_Coordinates_247,evidence_for,,,,
2713,TRUE,Event_Communication_406,Relationship_AccessPermission_214,evidence_for,,,,
2716,FALSE,Event_Communication_408,Neptune,received,,,,
2717,TRUE,Event_Communication_408,Event_VesselMovement_25,evidence_for,,,,
2719,FALSE,Event_Communication_409,V. Miesel Shipping,received,,,,
2720,TRUE,Event_Communication_409,Relationship_Coordinates_248,evidence_for,,,,
2722,FALSE,Event_Communication_411,Green Guardians,received,,,,
2723,TRUE,Event_Communication_411,Event_Monitoring_410,evidence_for,,,,
2724,TRUE,Event_Communication_411,Relationship_Operates_176,evidence_for,,,,
2727,FALSE,Event_Communication_413,Oceanus City Council,received,,,,
2729,TRUE,Event_Communication_413,Relationship_Jurisdiction_446,evidence_for,,,,
2728,TRUE,Event_Communication_413,Event_Monitoring_192,evidence_for,,,,
2732,FALSE,Event_Communication_415,Horizon,received,,,,
2733,TRUE,Event_Communication_415,Event_Monitoring_414,evidence_for,,,,
2734,TRUE,Event_Communication_415,Relationship_Coordinates_251,evidence_for,,,,
2737,FALSE,Event_Communication_417,Mako,received,,,,
2739,TRUE,Event_Communication_417,Relationship_Coordinates_252,evidence_for,,,,
2738,TRUE,Event_Communication_417,Event_Monitoring_803,evidence_for,,,,
2740,FALSE,Event_Communication_419,City Officials,received,,,,
2741,TRUE,Event_Communication_419,Event_VesselMovement_418,evidence_for,,,,
2745,FALSE,Event_Communication_420,V. Miesel Shipping,received,,,,
2746,TRUE,Event_Communication_420,Relationship_Coordinates_253,evidence_for,,,,
2750,FALSE,Event_Communication_421,Neptune,received,,,,
2752,TRUE,Event_Communication_421,Relationship_Operates_255,evidence_for,,,,
2753,TRUE,Event_Communication_421,Relationship_Operates_256,evidence_for,,,,
2751,TRUE,Event_Communication_421,Relationship_Coordinates_248,evidence_for,,,,
2756,FALSE,Event_Communication_423,Remora,received,,,,
2757,TRUE,Event_Communication_423,Event_Collaborate_422,evidence_for,,,,
2760,TRUE,Event_Communication_423,Relationship_AccessPermission_259,evidence_for,,,,
2759,TRUE,Event_Communication_423,Relationship_Operates_255,evidence_for,,,,
2758,TRUE,Event_Communication_423,Relationship_Coordinates_305,evidence_for,,,,
2762,FALSE,Event_Communication_425,Neptune,received,,,,
2763,TRUE,Event_Communication_425,Event_Collaborate_424,evidence_for,,,,
2764,TRUE,Event_Communication_425,Relationship_Coordinates_297,evidence_for,,,,
2767,FALSE,Event_Communication_426,Remora,received,,,,
2769,TRUE,Event_Communication_426,Relationship_AccessPermission_262,evidence_for,,,,
2768,TRUE,Event_Communication_426,Relationship_Coordinates_305,evidence_for,,,,
2773,FALSE,Event_Communication_428,Horizon,received,,,,
2775,TRUE,Event_Communication_428,Relationship_Coordinates_555,evidence_for,,,,
2774,TRUE,Event_Communication_428,Event_Monitoring_978,evidence_for,,,,
2776,TRUE,Event_Communication_428,Relationship_AccessPermission_232,evidence_for,,,,
2780,FALSE,Event_Communication_431,Green Guardians,received,,,,
2783,TRUE,Event_Communication_431,Relationship_Operates_36,evidence_for,,,,
2782,TRUE,Event_Communication_431,Event_TransponderPing_308,evidence_for,,,,
2781,TRUE,Event_Communication_431,Event_Monitoring_978,evidence_for,,,,
2787,FALSE,Event_Communication_433,Sentinel,received,,,,
2789,TRUE,Event_Communication_433,Relationship_AccessPermission_266,evidence_for,,,,
2790,TRUE,Event_Communication_433,Relationship_Jurisdiction_446,evidence_for,,,,
2788,TRUE,Event_Communication_433,Event_Assessment_973,evidence_for,,,,
2792,FALSE,Event_Communication_435,Horizon,received,,,,
2793,TRUE,Event_Communication_435,Event_Monitoring_266,evidence_for,,,,
2794,FALSE,Event_Communication_436,Sentinel,received,,,,
2797,FALSE,Event_Communication_437,Green Guardians,received,,,,
2799,TRUE,Event_Communication_437,Relationship_Coordinates_269,evidence_for,,,,
2798,TRUE,Event_Communication_437,Relationship_Operates_176,evidence_for,,,,
2800,FALSE,Event_Communication_438,Paackland Harbor,received,,,,
2803,FALSE,Event_Communication_439,Oceanus City Council,received,,,,
2805,TRUE,Event_Communication_439,Relationship_Operates_271,evidence_for,,,,
2804,TRUE,Event_Communication_439,Relationship_Jurisdiction_583,evidence_for,,,,
2807,FALSE,Event_Communication_441,Sam,received,,,,
2808,TRUE,Event_Communication_441,Event_VesselMovement_393,evidence_for,,,,
2809,FALSE,Event_Communication_442,The Lookout,received,,,,
2811,FALSE,Event_Communication_443,Sam,received,,,,
2812,TRUE,Event_Communication_443,Relationship_Friends_272,evidence_for,,,,
2817,FALSE,Event_Communication_446,Mrs. Money,received,,,,
2818,TRUE,Event_Communication_446,Event_Monitoring_444,evidence_for,,,,
2819,TRUE,Event_Communication_446,Event_Assessment_445,evidence_for,,,,
2821,TRUE,Event_Communication_446,Relationship_Coordinates_274,evidence_for,,,,
2820,TRUE,Event_Communication_446,Relationship_Operates_514,evidence_for,,,,
2825,FALSE,Event_Communication_449,Mako,received,,,,
2826,TRUE,Event_Communication_449,Event_VesselMovement_122,evidence_for,,,,
2828,TRUE,Event_Communication_449,Relationship_AccessPermission_190,evidence_for,,,,
2827,TRUE,Event_Communication_449,Event_Monitoring_803,evidence_for,,,,
2832,FALSE,Event_Communication_451,Himark Harbor,received,,,,
2834,TRUE,Event_Communication_451,Relationship_Coordinates_336,evidence_for,,,,
2833,TRUE,Event_Communication_451,Event_VesselMovement_122,evidence_for,,,,
2835,TRUE,Event_Communication_451,Relationship_AccessPermission_190,evidence_for,,,,
2838,FALSE,Event_Communication_453,Neptune,received,,,,
2839,TRUE,Event_Communication_453,Event_VesselMovement_393,evidence_for,,,,
2840,TRUE,Event_Communication_453,Relationship_AccessPermission_405,evidence_for,,,,
2844,FALSE,Event_Communication_456,Elise,received,,,,
2846,TRUE,Event_Communication_456,Event_Collaborate_455,evidence_for,,,,
2847,TRUE,Event_Communication_456,Relationship_Coordinates_279,evidence_for,,,,
2845,TRUE,Event_Communication_456,Event_VesselMovement_503,evidence_for,,,,
2852,FALSE,Event_Communication_458,Neptune,received,,,,
2854,TRUE,Event_Communication_458,Relationship_Coordinates_280,evidence_for,,,,
2855,TRUE,Event_Communication_458,Relationship_AccessPermission_281,evidence_for,,,,
2853,TRUE,Event_Communication_458,Event_VesselMovement_503,evidence_for,,,,
2857,FALSE,Event_Communication_460,Mako,received,,,,
2858,TRUE,Event_Communication_460,Event_VesselMovement_503,evidence_for,,,,
2861,FALSE,Event_Communication_462,Elise,received,,,,
2863,TRUE,Event_Communication_462,Relationship_Coordinates_298,evidence_for,,,,
2862,TRUE,Event_Communication_462,Event_VesselMovement_122,evidence_for,,,,
2866,FALSE,Event_Communication_464,Mako,received,,,,
2867,TRUE,Event_Communication_464,Event_Assessment_463,evidence_for,,,,
2868,TRUE,Event_Communication_464,Relationship_Operates_283,evidence_for,,,,
2872,FALSE,Event_Communication_467,Sentinel,received,,,,
2874,TRUE,Event_Communication_467,Event_Monitoring_803,evidence_for,,,,
2875,TRUE,Event_Communication_467,Relationship_AccessPermission_243,evidence_for,,,,
2873,TRUE,Event_Communication_467,Event_TransponderPing_308,evidence_for,,,,
2877,FALSE,Event_Communication_468,Miranda Jordan,received,,,,
2878,TRUE,Event_Communication_468,Relationship_Colleagues_290,evidence_for,,,,
2879,FALSE,Event_Communication_469,Clepper Jensen,received,,,,
2881,FALSE,Event_Communication_470,Miranda Jordan,received,,,,
2882,TRUE,Event_Communication_470,Relationship_Colleagues_290,evidence_for,,,,
2885,FALSE,Event_Communication_473,Clepper Jensen,received,,,,
2886,TRUE,Event_Communication_473,Event_VesselMovement_393,evidence_for,,,,
2887,TRUE,Event_Communication_473,Event_Assessment_522,evidence_for,,,,
2888,FALSE,Event_Communication_474,Miranda Jordan,received,,,,
2889,FALSE,Event_Communication_475,Clepper Jensen,received,,,,
2891,FALSE,Event_Communication_476,Miranda Jordan,received,,,,
2892,TRUE,Event_Communication_476,Relationship_Colleagues_290,evidence_for,,,,
2896,FALSE,Event_Communication_478,Clepper Jensen,received,,,,
2897,TRUE,Event_Communication_478,Event_Collaborate_477,evidence_for,,,,
2898,TRUE,Event_Communication_478,Relationship_Reports_288,evidence_for,,,,
2899,TRUE,Event_Communication_478,Relationship_Coordinates_289,evidence_for,,,,
2901,FALSE,Event_Communication_479,Miranda Jordan,received,,,,
2902,TRUE,Event_Communication_479,Relationship_Colleagues_290,evidence_for,,,,
2906,FALSE,Event_Communication_482,Sentinel,received,,,,
2907,TRUE,Event_Communication_482,Event_Monitoring_631,evidence_for,,,,
2909,TRUE,Event_Communication_482,Relationship_Coordinates_292,evidence_for,,,,
2908,TRUE,Event_Communication_482,Event_Assessment_973,evidence_for,,,,
2914,FALSE,Event_Communication_485,Reef Guardian,received,,,,
2915,TRUE,Event_Communication_485,Event_VesselMovement_483,evidence_for,,,,
2916,TRUE,Event_Communication_485,Event_Monitoring_484,evidence_for,,,,
2917,TRUE,Event_Communication_485,Relationship_Coordinates_292,evidence_for,,,,
2918,TRUE,Event_Communication_485,Relationship_Suspicious_293,evidence_for,,,,
2920,FALSE,Event_Communication_487,Neptune,received,,,,
2921,TRUE,Event_Communication_487,Event_VesselMovement_393,evidence_for,,,,
2923,FALSE,Event_Communication_489,Reef Guardian,received,,,,
2924,TRUE,Event_Communication_489,Event_Assessment_488,evidence_for,,,,
2926,FALSE,Event_Communication_491,Horizon,received,,,,
2927,TRUE,Event_Communication_491,Event_Monitoring_490,evidence_for,,,,
2928,TRUE,Event_Communication_491,Relationship_Suspicious_294,evidence_for,,,,
2931,FALSE,Event_Communication_493,Mako,received,,,,
2932,TRUE,Event_Communication_493,Event_Assessment_492,evidence_for,,,,
2933,TRUE,Event_Communication_493,Relationship_Coordinates_297,evidence_for,,,,
2937,FALSE,Event_Communication_496,Remora,received,,,,
2938,TRUE,Event_Communication_496,Event_VesselMovement_494,evidence_for,,,,
2939,TRUE,Event_Communication_496,Event_VesselMovement_495,evidence_for,,,,
2940,TRUE,Event_Communication_496,Relationship_Coordinates_387,evidence_for,,,,
2943,FALSE,Event_Communication_499,Himark Harbor,received,,,,
2945,TRUE,Event_Communication_499,Event_TourActivity_498,evidence_for,,,,
2946,TRUE,Event_Communication_499,Relationship_Coordinates_297,evidence_for,,,,
2944,TRUE,Event_Communication_499,Event_VesselMovement_510,evidence_for,,,,
2948,FALSE,Event_Communication_501,Remora,received,,,,
2949,TRUE,Event_Communication_501,Event_VesselMovement_509,evidence_for,,,,
2950,FALSE,Event_Communication_502,Neptune,received,,,,
2953,FALSE,Event_Communication_504,Mako,received,,,,
2954,TRUE,Event_Communication_504,Event_VesselMovement_503,evidence_for,,,,
2955,TRUE,Event_Communication_504,Relationship_Coordinates_298,evidence_for,,,,
2958,FALSE,Event_Communication_506,Mako,received,,,,
2959,TRUE,Event_Communication_506,Event_VesselMovement_402,evidence_for,,,,
2960,TRUE,Event_Communication_506,Relationship_AccessPermission_281,evidence_for,,,,
2963,FALSE,Event_Communication_508,Remora,received,,,,
2965,TRUE,Event_Communication_508,Relationship_Coordinates_305,evidence_for,,,,
2964,TRUE,Event_Communication_508,Event_VesselMovement_393,evidence_for,,,,
2970,FALSE,Event_Communication_511,Sailor Shifts Team,received,,,,
2971,TRUE,Event_Communication_511,Event_VesselMovement_509,evidence_for,,,,
2972,TRUE,Event_Communication_511,Event_VesselMovement_510,evidence_for,,,,
2974,TRUE,Event_Communication_511,Relationship_Coordinates_302,evidence_for,,,,
2973,TRUE,Event_Communication_511,Relationship_Operates_476,evidence_for,,,,
2978,FALSE,Event_Communication_513,Remora,received,,,,
2979,TRUE,Event_Communication_513,Event_Collaborate_512,evidence_for,,,,
2980,TRUE,Event_Communication_513,Relationship_AccessPermission_303,evidence_for,,,,
2981,TRUE,Event_Communication_513,Relationship_AccessPermission_304,evidence_for,,,,
2985,FALSE,Event_Communication_515,Neptune,received,,,,
2987,TRUE,Event_Communication_515,Relationship_Coordinates_305,evidence_for,,,,
2988,TRUE,Event_Communication_515,Relationship_AccessPermission_306,evidence_for,,,,
2986,TRUE,Event_Communication_515,Event_VesselMovement_510,evidence_for,,,,
2993,FALSE,Event_Communication_518,Elise,received,,,,
2994,TRUE,Event_Communication_518,Event_VesselMovement_516,evidence_for,,,,
2995,TRUE,Event_Communication_518,Event_Collaborate_517,evidence_for,,,,
2996,TRUE,Event_Communication_518,Relationship_Coordinates_307,evidence_for,,,                                                                                                                           ,                                                                                                                                                                                                                                                                                                                         
2997,FALSE,Event_Communication_519,Liam Thorne,received,,,                                                                                                                                                                                                                                               ,
2998,FALSE,Event_Communication_520,Nadia Conti,received,,,,
2999,FALSE,Event_Communication_521,Nadia Conti,received,,,,
3001,FALSE,Event_Communication_523,The Intern,received,,,,
3002,TRUE,Event_Communication_523,Event_Assessment_522,evidence_for,,,,
3006,FALSE,Event_Communication_525,Mrs. Money,received,,,,
3008,TRUE,Event_Communication_525,Relationship_Operates_514,evidence_for,,,,
3009,TRUE,Event_Communication_525,Relationship_AccessPermission_405,evidence_for,,,,
3007,TRUE,Event_Communication_525,Event_Monitoring_631,evidence_for,,,,
3015,FALSE, ,Nadia Conti,received,,,,
3020,TRUE,Event_Communication_528,Relationship_Unfriendly_312,evidence_for,,,,
3017,TRUE,Event_Communication_528,Event_Monitoring_631,evidence_for,,,,
3016,TRUE,Event_Communication_528,Event_VesselMovement_549,evidence_for,,,,
3019,TRUE,Event_Communication_528,Relationship_Colleagues_430,evidence_for,,,,
,TRUE,Event_Communication_528,Relationship_Colleagues_321,evidence_for,,,,
3022,FALSE,Event_Communication_529,Liam Thorne,received,,,,
3023,TRUE,Event_Communication_529,Relationship_AccessPermission_313,evidence_for,,,,
3026,FALSE,Event_Communication_531,Oceanus City Council,received,,,,
3027,TRUE,Event_Communication_531,Event_Monitoring_530,evidence_for,,,,
3028,TRUE,Event_Communication_531,Relationship_Reports_587,evidence_for,,,,
3032,FALSE,Event_Communication_533,Liam Thorne,received,,,,
3034,TRUE,Event_Communication_533,Relationship_Reports_587,evidence_for,,,,
3035,TRUE,Event_Communication_533,Relationship_Jurisdiction_446,evidence_for,,,,
3033,TRUE,Event_Communication_533,Event_Monitoring_38,evidence_for,,,,
3039,FALSE,Event_Communication_535,Nadia Conti,received,,,,
3040,TRUE,Event_Communication_535,Event_Monitoring_534,evidence_for,,,,
3041,TRUE,Event_Communication_535,Relationship_Suspicious_317,evidence_for,,,,
,TRUE,Event_Communication_535,Relationship_Colleagues_494,evidence_for,,,,
3043,FALSE,Event_Communication_536,Neptune,received,,,,
3047,FALSE,Event_Communication_537,Nadia Conti,received,,,,
3048,TRUE,Event_Communication_537,Relationship_Colleagues_319,evidence_for,,,,
3049,TRUE,Event_Communication_537,Relationship_Colleagues_320,evidence_for,,,,
3050,TRUE,Event_Communication_537,Relationship_Colleagues_321,evidence_for,,,,
3052,FALSE,Event_Communication_538,Neptune,received,,,,
3053,TRUE,Event_Communication_538,Relationship_Colleagues_322,evidence_for,,,,
3054,FALSE,Event_Communication_539,Elise,received,,,,
3057,FALSE,Event_Communication_541,Remora,received,,,,
3058,TRUE,Event_Communication_541,Event_VesselMovement_540,evidence_for,,,,
3059,TRUE,Event_Communication_541,Relationship_Colleagues_323,evidence_for,,,,
3062,FALSE,Event_Communication_543,Samantha Blake,received,,,,
3063,TRUE,Event_Communication_543,Event_Collaborate_542,evidence_for,,,,
3064,TRUE,Event_Communication_543,Relationship_Coordinates_387,evidence_for,,,,
3066,FALSE,Event_Communication_544,Mako,received,,,,
3067,TRUE,Event_Communication_544,Relationship_AccessPermission_415,evidence_for,,,,
3069,FALSE,Event_Communication_545,Neptune,received,,,,
3070,TRUE,Event_Communication_545,Relationship_AccessPermission_243,evidence_for,,,,
3073,FALSE,Event_Communication_546,Mako,received,,,,
3074,TRUE,Event_Communication_546,Relationship_Operates_327,evidence_for,,,,
3075,TRUE,Event_Communication_546,Relationship_AccessPermission_328,evidence_for,,,,
3079,FALSE,Event_Communication_548,Neptune,received,,,,
3081,TRUE,Event_Communication_548,Relationship_Operates_58,evidence_for,,,,
3082,TRUE,Event_Communication_548,Relationship_AccessPermission_405,evidence_for,,,,
3080,TRUE,Event_Communication_548,Event_VesselMovement_549,evidence_for,,,,
3086,FALSE,Event_Communication_551,Mako,received,,,,
3087,TRUE,Event_Communication_551,Event_VesselMovement_549,evidence_for,,,,
3088,TRUE,Event_Communication_551,Event_Collaborate_550,evidence_for,,,,
3089,TRUE,Event_Communication_551,Relationship_Operates_58,evidence_for,,,,
3093,FALSE,Event_Communication_553,Remora,received,,,,
3095,TRUE,Event_Communication_553,Relationship_AccessPermission_332,evidence_for,,,,
3096,TRUE,Event_Communication_553,Relationship_Coordinates_298,evidence_for,,,,
3094,TRUE,Event_Communication_553,Event_VesselMovement_495,evidence_for,,,,
3099,FALSE,Event_Communication_555,Mako,received,,,,
3100,TRUE,Event_Communication_555,Event_Collaborate_554,evidence_for,,,,
3101,TRUE,Event_Communication_555,Relationship_Coordinates_334,evidence_for,,,,
3103,FALSE,Event_Communication_556,Mako,received,,,,
3104,TRUE,Event_Communication_556,Relationship_Coordinates_297,evidence_for,,,,
3107,FALSE,Event_Communication_558,Neptune,received,,,,
3108,TRUE,Event_Communication_558,Event_Collaborate_557,evidence_for,,,,
3109,TRUE,Event_Communication_558,Relationship_Coordinates_336,evidence_for,,,,
3111,FALSE,Event_Communication_559,Remora,received,,,,
3112,TRUE,Event_Communication_559,Relationship_Coordinates_305,evidence_for,,,,
3114,FALSE,Event_Communication_560,Remora,received,,,,
3115,TRUE,Event_Communication_560,Relationship_AccessPermission_338,evidence_for,,,,
3117,FALSE,Event_Communication_562,Mrs. Money,received,,,,
3118,TRUE,Event_Communication_562,Event_VesselMovement_509,evidence_for,,,,
3122,FALSE,Event_Communication_565,Horizon,received,,,,
3123,TRUE,Event_Communication_565,Event_VesselMovement_563,evidence_for,,,,
3125,TRUE,Event_Communication_565,Relationship_Suspicious_293,evidence_for,,,,
3124,TRUE,Event_Communication_565,Event_Monitoring_266,evidence_for,,,,
3126,FALSE,Event_Communication_566,Sentinel,received,,,,
3129,FALSE,Event_Communication_568,Green Guardians,received,,,,
3130,TRUE,Event_Communication_568,Event_Assessment_567,evidence_for,,,,
3132,TRUE,Event_Communication_568,Relationship_Suspicious_341,evidence_for,,,,
3131,TRUE,Event_Communication_568,Relationship_Operates_176,evidence_for,,,,
3138,FALSE,Event_Communication_571,Reef Guardian,received,,,,
3139,TRUE,Event_Communication_571,Event_VesselMovement_569,evidence_for,,,,
3142,TRUE,Event_Communication_571,Relationship_Coordinates_343,evidence_for,,,,
3141,TRUE,Event_Communication_571,Relationship_Coordinates_609,evidence_for,,,,
3140,TRUE,Event_Communication_571,Event_Assessment_628,evidence_for,,,,
3145,FALSE,Event_Communication_572,Sentinel,received,,,,
3146,TRUE,Event_Communication_572,Relationship_Reports_344,evidence_for,,,,
3147,TRUE,Event_Communication_572,Relationship_Coordinates_609,evidence_for,,,,
3151,FALSE,Event_Communication_574,Mako,received,,,,
3153,TRUE,Event_Communication_574,Relationship_Suspicious_293,evidence_for,,,,
3154,TRUE,Event_Communication_574,Relationship_AccessPermission_243,evidence_for,,,,
3152,TRUE,Event_Communication_574,Event_Assessment_973,evidence_for,,,,
3155,FALSE,Event_Communication_575,Sentinel,received,,,,
3157,FALSE,Event_Communication_576,Reef Guardian,received,,,,
3158,TRUE,Event_Communication_576,Relationship_Coordinates_292,evidence_for,,,,
3160,FALSE,Event_Communication_578,Himark Harbor,received,,,,
3161,TRUE,Event_Communication_578,Event_VesselMovement_577,evidence_for,,,,
3162,FALSE,Event_Communication_579,Marlin,received,,,,
3165,FALSE,Event_Communication_581,Davis,received,,,,
3166,TRUE,Event_Communication_581,Event_VesselMovement_580,evidence_for,,,,
3167,TRUE,Event_Communication_581,Relationship_AccessPermission_349,evidence_for,,,,
3169,FALSE,Event_Communication_582,Nadia Conti,received,,,,
3170,TRUE,Event_Communication_582,Relationship_Colleagues_551,evidence_for,,,,
3172,FALSE,Event_Communication_584,Marlin,received,,,,
3173,TRUE,Event_Communication_584,Event_Assessment_583,evidence_for,,,,
3175,FALSE,Event_Communication_585,Nadia Conti,received,,,,
3176,TRUE,Event_Communication_585,Relationship_Operates_351,evidence_for,,,,
3181,FALSE,Event_Communication_588,Rodriguez,received,,,,
3184,TRUE,Event_Communication_588,Relationship_Operates_352,evidence_for,,,,
3182,TRUE,Event_Communication_588,Event_VesselMovement_549,evidence_for,,,,
3185,TRUE,Event_Communication_588,Relationship_AccessPermission_243,evidence_for,,,,
3183,TRUE,Event_Communication_588,Event_Assessment_337,evidence_for,,,,
,TRUE,Event_Communication_588,Relationship_Colleagues_619,evidence_for,,,,
3188,FALSE,Event_Communication_590,Horizon,received,,,,
3189,TRUE,Event_Communication_590,Event_Monitoring_595,evidence_for,,,,
3190,FALSE,Event_Communication_591,Seawatch,received,,,,
3193,FALSE,Event_Communication_593,Green Guardians,received,,,,
3195,TRUE,Event_Communication_593,Relationship_Reports_355,evidence_for,,,,
3194,TRUE,Event_Communication_593,Event_Monitoring_192,evidence_for,,,,
3197,FALSE,Event_Communication_594,The Intern,received,,,,
,TRUE,Event_Communication_594,Relationship_Colleagues_589,evidence_for,,,,
3201,FALSE,Event_Communication_596,Mrs. Money,received,,,,
3202,TRUE,Event_Communication_596,Event_Monitoring_595,evidence_for,,,,
3203,TRUE,Event_Communication_596,Relationship_Reports_41,evidence_for,,,,
3204,FALSE,Event_Communication_597,Neptune,received,,,,
3206,FALSE,Event_Communication_598,V. Miesel Shipping,received,,,,
3207,TRUE,Event_Communication_598,Relationship_Operates_514,evidence_for,,,,
3209,FALSE,Event_Communication_599,Mrs. Money,received,,,,
3210,TRUE,Event_Communication_599,Relationship_Colleagues_589,evidence_for,,,,
3213,FALSE,Event_Communication_601,Nadia Conti,received,,,,
3214,TRUE,Event_Communication_601,Event_Assessment_600,evidence_for,,,,
3215,TRUE,Event_Communication_601,Relationship_Suspicious_360,evidence_for,,,,
3217,FALSE,Event_Communication_603,Paackland Harbor,received,,,,
3218,TRUE,Event_Communication_603,Event_Assessment_628,evidence_for,,,,
3221,FALSE,Event_Communication_604,Reef Guardian,received,,,,
3222,TRUE,Event_Communication_604,Relationship_Jurisdiction_446,evidence_for,,,,
3223,TRUE,Event_Communication_604,Relationship_AccessPermission_497,evidence_for,,,,
3225,FALSE,Event_Communication_605,Neptune,received,,,,
3226,TRUE,Event_Communication_605,Relationship_Coordinates_334,evidence_for,,,,
3228,FALSE,Event_Communication_606,V. Miesel Shipping,received,,,,
3229,TRUE,Event_Communication_606,Relationship_Reports_513,evidence_for,,,,
3231,FALSE,Event_Communication_607,Remora,received,,,,
3232,TRUE,Event_Communication_607,Relationship_Coordinates_305,evidence_for,,,,
3235,FALSE,Event_Communication_610,Green Guardians,received,,,,
3236,TRUE,Event_Communication_610,Event_Monitoring_608,evidence_for,,,,
3237,TRUE,Event_Communication_610,Event_Assessment_609,evidence_for,,,,
3239,TRUE,Event_Communication_610,Relationship_Operates_367,evidence_for,,,,
3238,TRUE,Event_Communication_610,Relationship_Operates_36,evidence_for,,,,
3242,FALSE,Event_Communication_612,Oceanus City Council,received,,,,
3244,TRUE,Event_Communication_612,Relationship_Suspicious_368,evidence_for,,,,
3243,TRUE,Event_Communication_612,Event_Assessment_174,evidence_for,,,,
3247,FALSE,Event_Communication_613,Reef Guardian,received,,,,
3249,TRUE,Event_Communication_613,Relationship_AccessPermission_370,evidence_for,,,,
3248,TRUE,Event_Communication_613,Relationship_Jurisdiction_583,evidence_for,,,,
3252,FALSE,Event_Communication_614,Oceanus City Council,received,,,,
3254,TRUE,Event_Communication_614,Relationship_Jurisdiction_446,evidence_for,,,,
3253,TRUE,Event_Communication_614,Relationship_AccessPermission_497,evidence_for,,,,
3257,FALSE,Event_Communication_616,Oceanus City Council,received,,,,
3259,TRUE,Event_Communication_616,Relationship_AccessPermission_497,evidence_for,,,,
3258,TRUE,Event_Communication_616,Event_Assessment_628,evidence_for,,,,
3260,FALSE,Event_Communication_617,Green Guardians,received,,,,
3263,FALSE,Event_Communication_619,Green Guardians,received,,,,
3265,TRUE,Event_Communication_619,Relationship_Reports_355,evidence_for,,,,
3264,TRUE,Event_Communication_619,Event_Monitoring_978,evidence_for,,,,
3270,FALSE,Event_Communication_621,Reef Guardian,received,,,,
3274,TRUE,Event_Communication_621,Relationship_Reports_529,evidence_for,,,,
3272,TRUE,Event_Communication_621,Relationship_Operates_566,evidence_for,,,,
3273,TRUE,Event_Communication_621,Relationship_Reports_344,evidence_for,,,,
3271,TRUE,Event_Communication_621,Event_Assessment_628,evidence_for,,,,
3277,FALSE,Event_Communication_623,EcoVigil,received,,,,
3279,TRUE,Event_Communication_623,Relationship_Coordinates_378,evidence_for,,,,
3278,TRUE,Event_Communication_623,Event_Assessment_628,evidence_for,,,,
3281,FALSE,Event_Communication_627,Reef Guardian,received,,,,
3282,TRUE,Event_Communication_627,Event_VesselMovement_624,evidence_for,,,,
3283,TRUE,Event_Communication_627,Event_Assessment_625,evidence_for,,,,
3284,TRUE,Event_Communication_627,Event_Collaborate_626,evidence_for,,,,
3285,TRUE,Event_Communication_627,Relationship_Coordinates_401,evidence_for,,,,
3289,FALSE,Event_Communication_630,Marlin,received,,,,
3290,TRUE,Event_Communication_630,Event_Assessment_628,evidence_for,,,,
3291,TRUE,Event_Communication_630,Event_VesselMovement_629,evidence_for,,,,
3292,TRUE,Event_Communication_630,Relationship_Coordinates_380,evidence_for,,,,
3294,FALSE,Event_Communication_632,Neptune,received,,,,
3295,TRUE,Event_Communication_632,Event_Monitoring_631,evidence_for,,,,
3297,FALSE,Event_Communication_633,V. Miesel Shipping,received,,,,
3298,TRUE,Event_Communication_633,Relationship_Reports_513,evidence_for,,,,
3300,FALSE,Event_Communication_635,Himark Harbor,received,,,,
3301,TRUE,Event_Communication_635,Event_VesselMovement_634,evidence_for,,,,
3303,FALSE,Event_Communication_636,Oceanus City Council,received,,,,
3304,TRUE,Event_Communication_636,Relationship_AccessPermission_382,evidence_for,,,,
3306,FALSE,Event_Communication_637,V. Miesel Shipping,received,,,,
3307,TRUE,Event_Communication_637,Relationship_Operates_255,evidence_for,,,,
3309,FALSE,Event_Communication_638,Mako,received,,,,
3310,TRUE,Event_Communication_638,Relationship_Operates_255,evidence_for,,,,
3315,FALSE,Event_Communication_639,V. Miesel Shipping,received,,,,
3318,TRUE,Event_Communication_639,Relationship_Coordinates_387,evidence_for,,,,
3316,TRUE,Event_Communication_639,Relationship_Operates_58,evidence_for,,,,
3317,TRUE,Event_Communication_639,Relationship_Operates_474,evidence_for,,,,
3319,TRUE,Event_Communication_639,Relationship_Suspicious_145,evidence_for,,,,
3321,FALSE,Event_Communication_640,Oceanus City Council,received,,,,
3322,TRUE,Event_Communication_640,Relationship_AccessPermission_415,evidence_for,,,,
3324,FALSE,Event_Communication_641,Himark Harbor,received,,,,
3325,TRUE,Event_Communication_641,Relationship_Jurisdiction_390,evidence_for,,,,
3326,FALSE,Event_Communication_642,Neptune,received,,,,
3328,FALSE,Event_Communication_644,Himark Harbor,received,,,,
3329,TRUE,Event_Communication_644,Event_VesselMovement_393,evidence_for,,,,
3332,FALSE,Event_Communication_645,Northern Light,received,,,,
3333,TRUE,Event_Communication_645,Relationship_AccessPermission_392,evidence_for,,,,
3334,TRUE,Event_Communication_645,Relationship_AccessPermission_393,evidence_for,,,,
3336,FALSE,Event_Communication_647,Liam Thorne,received,,,,
3337,TRUE,Event_Communication_647,Event_Monitoring_530,evidence_for,,,,
3340,FALSE,Event_Communication_649,The Intern,received,,,,
3341,TRUE,Event_Communication_649,Event_Monitoring_722,evidence_for,,,,
,TRUE,Event_Communication_649,Relationship_Colleagues_589,evidence_for,,,,
3345,FALSE,Event_Communication_651,The Lookout,received,,,,
3346,TRUE,Event_Communication_651,Event_Assessment_650,evidence_for,,,,
3347,TRUE,Event_Communication_651,Relationship_Colleagues_589,evidence_for,,,,
3348,FALSE,Event_Communication_652,Sam,received,,,,
3351,FALSE,Event_Communication_654,Mako,received,,,,
3353,TRUE,Event_Communication_654,Relationship_AccessPermission_397,evidence_for,,,,
3352,TRUE,Event_Communication_654,Event_TourActivity_807,evidence_for,,,,
3354,FALSE,Event_Communication_655,Paackland Harbor,received,,,,
3356,FALSE,Event_Communication_656,Mako,received,,,,
3357,TRUE,Event_Communication_656,Relationship_AccessPermission_243,evidence_for,,,,
3359,FALSE,Event_Communication_657,Samantha Blake,received,,,,
3360,TRUE,Event_Communication_657,Relationship_AccessPermission_243,evidence_for,,,,
3364,FALSE,Event_Communication_660,Marlin,received,,,,
3367,TRUE,Event_Communication_660,Relationship_Coordinates_380,evidence_for,,,,
3366,TRUE,Event_Communication_660,Event_VesselMovement_577,evidence_for,,,,
3365,TRUE,Event_Communication_660,Event_VesselMovement_629,evidence_for,,,,
3370,FALSE,Event_Communication_662,EcoVigil,received,,,,
3371,TRUE,Event_Communication_662,Event_Monitoring_661,evidence_for,,,,
3372,TRUE,Event_Communication_662,Relationship_Coordinates_401,evidence_for,,,,
3374,FALSE,Event_Communication_663,Remora,received,,,,
3375,TRUE,Event_Communication_663,Relationship_Coordinates_305,evidence_for,,,,
3377,FALSE,Event_Communication_664,Mako,received,,,,
3378,TRUE,Event_Communication_664,Relationship_Coordinates_297,evidence_for,,,,
3381,FALSE,Event_Communication_665,Remora,received,,,,
3383,TRUE,Event_Communication_665,Relationship_AccessPermission_405,evidence_for,,,,
3382,TRUE,Event_Communication_665,Relationship_Coordinates_387,evidence_for,,,,
3387,FALSE,Event_Communication_668,EcoVigil,received,,,,
3388,TRUE,Event_Communication_668,Event_Enforcement_666,evidence_for,,,,
3390,TRUE,Event_Communication_668,Relationship_AccessPermission_444,evidence_for,,,,
3389,TRUE,Event_Communication_668,Event_Monitoring_995,evidence_for,,,,
3395,FALSE,Event_Communication_672,EcoVigil,received,,,,
3397,TRUE,Event_Communication_672,Event_VesselMovement_670,evidence_for,,,,
3399,TRUE,Event_Communication_672,Relationship_Coordinates_53,evidence_for,,,,
3398,TRUE,Event_Communication_672,Event_Assessment_174,evidence_for,,,,
3396,TRUE,Event_Communication_672,Event_Monitoring_946,evidence_for,,,,
3401,FALSE,Event_Communication_674,Oceanus City Council,received,,,,
3402,TRUE,Event_Communication_674,Event_Monitoring_266,evidence_for,,,,
3404,FALSE,Event_Communication_675,Sentinel,received,,,,
3405,TRUE,Event_Communication_675,Relationship_Reports_408,evidence_for,,,,
3409,FALSE,Event_Communication_677,Nadia Conti,received,,,,
3412,TRUE,Event_Communication_677,Relationship_Suspicious_410,evidence_for,,,,
3411,TRUE,Event_Communication_677,Relationship_Jurisdiction_446,evidence_for,,,,
3410,TRUE,Event_Communication_677,Event_Monitoring_266,evidence_for,,,,
3414,FALSE,Event_Communication_679,Reef Guardian,received,,,,
3415,TRUE,Event_Communication_679,Event_Monitoring_678,evidence_for,,,,
3416,TRUE,Event_Communication_679,Relationship_Coordinates_411,evidence_for,,,,
3419,FALSE,Event_Communication_681,Seawatch,received,,,,
3421,TRUE,Event_Communication_681,Relationship_Coordinates_548,evidence_for,,,,
3420,TRUE,Event_Communication_681,Event_Monitoring_946,evidence_for,,,,
3423,FALSE,Event_Communication_683,Horizon,received,,,,
3424,TRUE,Event_Communication_683,Relationship_Coordinates_413,evidence_for,,,,
3426,FALSE,Event_Communication_684,Samantha Blake,received,,,,
3427,TRUE,Event_Communication_684,Relationship_Coordinates_334,evidence_for,,,,
3428,FALSE,Event_Communication_685,Oceanus City Council,received,,,,
3431,FALSE,Event_Communication_686,Samantha Blake,received,,,,
3432,TRUE,Event_Communication_686,Relationship_AccessPermission_415,evidence_for,,,,
3433,TRUE,Event_Communication_686,Relationship_Jurisdiction_446,evidence_for,,,,
3435,FALSE,Event_Communication_687,Mako,received,,,,
3436,TRUE,Event_Communication_687,Relationship_AccessPermission_243,evidence_for,,,,
3439,FALSE,Event_Communication_689,Reef Guardian,received,,,,
3440,TRUE,Event_Communication_689,Event_Monitoring_688,evidence_for,,,,
3441,TRUE,Event_Communication_689,Relationship_Coordinates_418,evidence_for,,,,
3444,FALSE,Event_Communication_692,Green Guardians,received,,,,
3445,TRUE,Event_Communication_692,Event_Monitoring_690,evidence_for,,,,
3446,TRUE,Event_Communication_692,Event_Assessment_691,evidence_for,,,,
3447,TRUE,Event_Communication_692,Relationship_Operates_566,evidence_for,,,,
3448,TRUE,Event_Communication_692,Relationship_Coordinates_609,evidence_for,,,,
3451,FALSE,Event_Communication_694,Sentinel,received,,,,
3452,TRUE,Event_Communication_694,Event_Enforcement_693,evidence_for,,,,
3453,TRUE,Event_Communication_694,Relationship_AccessPermission_421,evidence_for,,,,
3456,FALSE,Event_Communication_696,Oceanus City Council,received,,,,
3458,TRUE,Event_Communication_696,Relationship_Jurisdiction_446,evidence_for,,,,
3457,TRUE,Event_Communication_696,Event_Enforcement_784,evidence_for,,,,
3464,FALSE,Event_Communication_700,Liam Thorne,received,,,,
3465,TRUE,Event_Communication_700,Event_Collaborate_697,evidence_for,,,,
3468,TRUE,Event_Communication_700,Relationship_Coordinates_423,evidence_for,,,,
3466,TRUE,Event_Communication_700,Event_Collaborate_723,evidence_for,,,,
3469,TRUE,Event_Communication_700,Relationship_Jurisdiction_446,evidence_for,,,,
3467,TRUE,Event_Communication_700,Event_Enforcement_745,evidence_for,,,,
3471,FALSE,Event_Communication_702,The Intern,received,,,,
3472,TRUE,Event_Communication_702,Event_Assessment_701,evidence_for,,,,
3473,TRUE,Event_Communication_702,Relationship_AccessPermission_425,evidence_for,,,,
3474,TRUE,Event_Communication_702,Relationship_Suspicious_426,evidence_for,,,,
3478,FALSE,Event_Communication_705,Mrs. Money,received,,,,
3479,TRUE,Event_Communication_705,Event_Assessment_703,evidence_for,,,,
3480,TRUE,Event_Communication_705,Event_Monitoring_704,evidence_for,,,,
3481,TRUE,Event_Communication_705,Relationship_Colleagues_589,evidence_for,,,,
3488,FALSE,Event_Communication_708,Nadia Conti,received,,,,
3491,TRUE,Event_Communication_708,Relationship_Coordinates_428,evidence_for,,,,
3493,TRUE,Event_Communication_708,Relationship_Colleagues_430,evidence_for,,,,
3494,TRUE,Event_Communication_708,Relationship_Colleagues_431,evidence_for,,,,
3490,TRUE,Event_Communication_708,Event_Assessment_600,evidence_for,,,,
3489,TRUE,Event_Communication_708,Event_Monitoring_722,evidence_for,,,,
3492,TRUE,Event_Communication_708,Relationship_Colleagues_321,evidence_for,,,,
3497,FALSE,Event_Communication_710,Seawatch,received,,,,
3498,TRUE,Event_Communication_710,Event_Monitoring_709,evidence_for,,,,
3499,TRUE,Event_Communication_710,Relationship_Coordinates_548,evidence_for,,,,
3501,FALSE,Event_Communication_712,Horizon,received,,,,
3502,TRUE,Event_Communication_712,Event_Monitoring_878,evidence_for,,,,
3504,FALSE,Event_Communication_714,The Intern,received,,,,
3505,TRUE,Event_Communication_714,Event_Monitoring_192,evidence_for,,,,
3507,FALSE,Event_Communication_715,The Lookout,received,,,,
3508,TRUE,Event_Communication_715,Relationship_Colleagues_589,evidence_for,,,,
3509,FALSE,Event_Communication_717,The Intern,received,,,,
3510,TRUE,Event_Communication_717,Event_Monitoring_716,evidence_for,,,,
3515,FALSE,Event_Communication_720,Mrs. Money,received,,,,
3517,TRUE,Event_Communication_720,Event_Collaborate_719,evidence_for,,,,
3518,TRUE,Event_Communication_720,Relationship_Colleagues_589,evidence_for,,,,
3519,TRUE,Event_Communication_720,Relationship_Colleagues_84,evidence_for,,,,
3516,TRUE,Event_Communication_720,Event_Monitoring_722,evidence_for,,,,
3520,FALSE,Event_Communication_721,Liam Thorne,received,,,,
3524,FALSE,Event_Communication_724,Elise,received,,,,
3525,TRUE,Event_Communication_724,Event_Monitoring_722,evidence_for,,,,
3526,TRUE,Event_Communication_724,Event_Collaborate_723,evidence_for,,,,
3527,TRUE,Event_Communication_724,Relationship_Suspicious_436,evidence_for,,,,
3531,FALSE,Event_Communication_726,Boss,received,,,,
3533,TRUE,Event_Communication_726,Relationship_Coordinates_437,evidence_for,,,,
3534,TRUE,Event_Communication_726,Relationship_Suspicious_600,evidence_for,,,,
3532,TRUE,Event_Communication_726,Event_Monitoring_266,evidence_for,,,,
3535,FALSE,Event_Communication_727,V. Miesel Shipping,received,,,,
3536,FALSE,Event_Communication_728,Elise,received,,,,
3537,FALSE,Event_Communication_730,The Intern,received,,,,
3538,TRUE,Event_Communication_730,Event_Assessment_729,evidence_for,,,,
3539,TRUE,Event_Communication_730,Relationship_Operates_439,evidence_for,,,,
3542,FALSE,Event_Communication_731,EcoVigil,received,,,,
3544,TRUE,Event_Communication_731,Relationship_AccessPermission_441,evidence_for,,,,
3543,TRUE,Event_Communication_731,Relationship_Jurisdiction_446,evidence_for,,,,
3548,FALSE,Event_Communication_733,Oceanus City Council,received,,,,
3550,TRUE,Event_Communication_733,Relationship_Jurisdiction_446,evidence_for,,,,
3551,TRUE,Event_Communication_733,Relationship_AccessPermission_444,evidence_for,,,,
3549,TRUE,Event_Communication_733,Event_Monitoring_995,evidence_for,,,,
3556,FALSE,Event_Communication_735,EcoVigil,received,,,,
3558,TRUE,Event_Communication_735,Relationship_AccessPermission_444,evidence_for,,,,
3559,TRUE,Event_Communication_735,Relationship_Coordinates_445,evidence_for,,,,
3560,TRUE,Event_Communication_735,Relationship_Jurisdiction_446,evidence_for,,,,
3557,TRUE,Event_Communication_735,Event_Assessment_996,evidence_for,,,,
3563,FALSE,Event_Communication_737,Liam Thorne,received,,,,
3565,TRUE,Event_Communication_737,Relationship_Reports_447,evidence_for,,,,
3564,TRUE,Event_Communication_737,Event_Assessment_996,evidence_for,,,,
3568,FALSE,Event_Communication_739,Boss,received,,,,
3570,TRUE,Event_Communication_739,Relationship_Coordinates_448,evidence_for,,,,
3569,TRUE,Event_Communication_739,Event_Monitoring_995,evidence_for,,,,
3574,FALSE,Event_Communication_741,EcoVigil,received,,,,
3577,TRUE,Event_Communication_741,Relationship_Reports_447,evidence_for,,,,
3576,TRUE,Event_Communication_741,Relationship_Coordinates_378,evidence_for,,,,
3575,TRUE,Event_Communication_741,Event_Monitoring_995,evidence_for,,,,
3579,FALSE,Event_Communication_742,Reef Guardian,received,,,,
3580,TRUE,Event_Communication_742,Relationship_Reports_447,evidence_for,,,,
3582,FALSE,Event_Communication_744,Oceanus City Council,received,,,,
3583,TRUE,Event_Communication_744,Event_Monitoring_946,evidence_for,,,,
3586,FALSE,Event_Communication_746,Liam Thorne,received,,,,
3587,TRUE,Event_Communication_746,Event_Enforcement_745,evidence_for,,,,
3588,TRUE,Event_Communication_746,Relationship_Coordinates_27,evidence_for,,,,
3593,FALSE,Event_Communication_749,EcoVigil,received,,,,
3597,TRUE,Event_Communication_749,Relationship_Jurisdiction_454,evidence_for,,,,
3596,TRUE,Event_Communication_749,Relationship_AccessPermission_444,evidence_for,,,,
3594,TRUE,Event_Communication_749,Event_Monitoring_995,evidence_for,,,,
3595,TRUE,Event_Communication_749,Event_Monitoring_752,evidence_for,,,,
3600,FALSE,Event_Communication_751,Liam Thorne,received,,,,
3602,TRUE,Event_Communication_751,Relationship_AccessPermission_455,evidence_for,,,,
3601,TRUE,Event_Communication_751,Event_Monitoring_752,evidence_for,,,,
3606,FALSE,Event_Communication_753,Nadia Conti,received,,,,
3607,TRUE,Event_Communication_753,Event_Monitoring_752,evidence_for,,,,
3609,TRUE,Event_Communication_753,Relationship_Suspicious_457,evidence_for,,,,
3608,TRUE,Event_Communication_753,Relationship_Colleagues_494,evidence_for,,,,
3611,FALSE,Event_Communication_754,Mako,received,,,,
3612,TRUE,Event_Communication_754,Relationship_Coordinates_298,evidence_for,,,,
3615,FALSE,Event_Communication_755,Neptune,received,,,,
3616,TRUE,Event_Communication_755,Relationship_Operates_459,evidence_for,,,,
3617,TRUE,Event_Communication_755,Relationship_Coordinates_336,evidence_for,,,,
3621,FALSE,Event_Communication_756,Mako,received,,,,
3622,TRUE,Event_Communication_756,Relationship_Operates_461,evidence_for,,,,
3623,TRUE,Event_Communication_756,Relationship_Coordinates_298,evidence_for,,,,
3625,FALSE,Event_Communication_757,V. Miesel Shipping,received,,,,
3626,TRUE,Event_Communication_757,Relationship_Operates_463,evidence_for,,,,
3629,FALSE,Event_Communication_758,Neptune,received,,,,
3630,TRUE,Event_Communication_758,Relationship_Coordinates_471,evidence_for,,,,
3631,TRUE,Event_Communication_758,Relationship_Coordinates_473,evidence_for,,,,
3635,FALSE,Event_Communication_759,Remora,received,,,,
3637,TRUE,Event_Communication_759,Relationship_Operates_514,evidence_for,,,,
3638,TRUE,Event_Communication_759,Relationship_Operates_474,evidence_for,,,,
3636,TRUE,Event_Communication_759,Relationship_Coordinates_305,evidence_for,,,,
3642,FALSE,Event_Communication_761,Neptune,received,,,,
3643,TRUE,Event_Communication_761,Event_Collaborate_760,evidence_for,,,,
3645,TRUE,Event_Communication_761,Relationship_Suspicious_470,evidence_for,,,,
3644,TRUE,Event_Communication_761,Relationship_Coordinates_516,evidence_for,,,,
3649,FALSE,Event_Communication_762,V. Miesel Shipping,received,,,,
3650,TRUE,Event_Communication_762,Relationship_Coordinates_471,evidence_for,,,,
3652,TRUE,Event_Communication_762,Relationship_Coordinates_473,evidence_for,,,,
3651,TRUE,Event_Communication_762,Relationship_Coordinates_499,evidence_for,,,,
3655,FALSE,Event_Communication_763,Remora,received,,,,
3656,TRUE,Event_Communication_763,Relationship_Operates_474,evidence_for,,,,
3657,TRUE,Event_Communication_763,Relationship_Operates_514,evidence_for,,,,
3659,FALSE,Event_Communication_764,Boss,received,,,,
3660,TRUE,Event_Communication_764,Relationship_Operates_476,evidence_for,,,,
3664,FALSE,Event_Communication_767,Clepper Jensen,received,,,,
3665,TRUE,Event_Communication_767,Event_Assessment_765,evidence_for,,,,
3666,TRUE,Event_Communication_767,Event_Monitoring_766,evidence_for,,,,
3667,TRUE,Event_Communication_767,Relationship_AccessPermission_477,evidence_for,,,,
3669,FALSE,Event_Communication_768,Miranda Jordan,received,,,,
3670,TRUE,Event_Communication_768,Relationship_Colleagues_290,evidence_for,,,,
3673,FALSE,Event_Communication_770,Clepper Jensen,received,,,,
3674,TRUE,Event_Communication_770,Event_Enforcement_769,evidence_for,,,,
3675,TRUE,Event_Communication_770,Relationship_AccessPermission_479,evidence_for,,,,
3677,FALSE,Event_Communication_771,Miranda Jordan,received,,,,
3678,TRUE,Event_Communication_771,Relationship_Colleagues_290,evidence_for,,,,
3679,FALSE,Event_Communication_772,Clepper Jensen,received,,,,
3681,FALSE,Event_Communication_773,Miranda Jordan,received,,,,
3682,TRUE,Event_Communication_773,Relationship_Colleagues_290,evidence_for,,,,
3685,FALSE,Event_Communication_774,Clepper Jensen,received,,,,
3687,TRUE,Event_Communication_774,Relationship_Suspicious_483,evidence_for,,,,
3686,TRUE,Event_Communication_774,Relationship_Jurisdiction_586,evidence_for,,,,
3689,FALSE,Event_Communication_775,Miranda Jordan,received,,,,
3691,TRUE,Event_Communication_775,Relationship_Suspicious_485,evidence_for,,,,
3690,TRUE,Event_Communication_775,Relationship_Colleagues_290,evidence_for,,,,
3692,FALSE,Event_Communication_776,Clepper Jensen,received,,,,
3694,FALSE,Event_Communication_778,Green Guardians,received,,,,
3695,TRUE,Event_Communication_778,Event_Monitoring_777,evidence_for,,,,
3696,TRUE,Event_Communication_778,Relationship_Operates_176,evidence_for,,,,
3700,FALSE,Event_Communication_781,Oceanus City Council,received,,,,
3703,TRUE,Event_Communication_781,Relationship_Jurisdiction_446,evidence_for,,,,
3701,TRUE,Event_Communication_781,Event_Monitoring_192,evidence_for,,,,
3702,TRUE,Event_Communication_781,Event_Assessment_174,evidence_for,,,,
3706,FALSE,Event_Communication_783,Himark Harbor,received,,,,
3708,TRUE,Event_Communication_783,Relationship_Jurisdiction_446,evidence_for,,,,
3707,TRUE,Event_Communication_783,Event_Enforcement_745,evidence_for,,,,
3711,FALSE,Event_Communication_785,Seawatch,received,,,,
3712,TRUE,Event_Communication_785,Event_Enforcement_784,evidence_for,,,,
3713,TRUE,Event_Communication_785,Relationship_AccessPermission_489,evidence_for,,,,
3715,FALSE,Event_Communication_787,Himark Harbor,received,,,,
3716,TRUE,Event_Communication_787,Event_Assessment_786,evidence_for,,,,
3718,FALSE,Event_Communication_789,Seawatch,received,,,,
3719,TRUE,Event_Communication_789,Event_Monitoring_722,evidence_for,,,,
3724,FALSE,Event_Communication_792,Green Guardians,received,,,,
3726,TRUE,Event_Communication_792,Event_Assessment_791,evidence_for,,,,
3728,TRUE,Event_Communication_792,Relationship_Reports_355,evidence_for,,,,
3725,TRUE,Event_Communication_792,Event_Monitoring_595,evidence_for,,,,
3727,TRUE,Event_Communication_792,Relationship_AccessPermission_232,evidence_for,,,,
3730,FALSE,Event_Communication_793,Green Guardians,received,,,,
3731,TRUE,Event_Communication_793,Relationship_Coordinates_492,evidence_for,,,,
3732,FALSE,Event_Communication_794,Sam,received,,,,
3735,FALSE,Event_Communication_795,Liam Thorne,received,,,,
3736,TRUE,Event_Communication_795,Relationship_Coordinates_493,evidence_for,,,,
3737,TRUE,Event_Communication_795,Relationship_Colleagues_494,evidence_for,,,,
3740,FALSE,Event_Communication_796,The Accountant,received,,,,
3742,TRUE,Event_Communication_796,Relationship_Reports_496,evidence_for,,,,
,TRUE,Event_Communication_796,Relationship_Colleagues_601,evidence_for,,,,
3745,FALSE,Event_Communication_799,Reef Guardian,received,,,,
3746,TRUE,Event_Communication_799,Event_Monitoring_797,evidence_for,,,,
3747,TRUE,Event_Communication_799,Event_VesselMovement_798,evidence_for,,,,
3750,FALSE,Event_Communication_801,Defender,received,,,,
3752,TRUE,Event_Communication_801,Relationship_AccessPermission_497,evidence_for,,,,
3751,TRUE,Event_Communication_801,Event_Monitoring_946,evidence_for,,,,
3755,FALSE,Event_Communication_802,Mako,received,,,,
3757,TRUE,Event_Communication_802,Relationship_Coordinates_499,evidence_for,,,,
3756,TRUE,Event_Communication_802,Relationship_Operates_58,evidence_for,,,,
3761,FALSE,Event_Communication_804,Davis,received,,,,
3762,TRUE,Event_Communication_804,Event_Monitoring_803,evidence_for,,,,
3763,TRUE,Event_Communication_804,Relationship_AccessPermission_243,evidence_for,,,,
3764,TRUE,Event_Communication_804,Relationship_Colleagues_619,evidence_for,,,,
3765,FALSE,Event_Communication_805,Nadia Conti,received,,,,
3766,TRUE,Event_Communication_805,Event_Monitoring_803,evidence_for,,,,
3767,TRUE,Event_Communication_805,Relationship_AccessPermission_243,evidence_for,,,,
3768,TRUE,Event_Communication_805,Relationship_Colleagues_619,evidence_for,,,,
3772,FALSE,Event_Communication_808,Mako,received,,,,
3773,TRUE,Event_Communication_808,Event_VesselMovement_806,evidence_for,,,,
3774,TRUE,Event_Communication_808,Event_TourActivity_807,evidence_for,,,,
3775,TRUE,Event_Communication_808,Relationship_AccessPermission_502,evidence_for,,,,
3778,FALSE,Event_Communication_809,Remora,received,,,,
3779,TRUE,Event_Communication_809,Relationship_Coordinates_503,evidence_for,,,,
3782,FALSE,Event_Communication_810,Rodriguez,received,,,,
3784,TRUE,Event_Communication_810,Relationship_Operates_505,evidence_for,,,,
3783,TRUE,Event_Communication_810,Relationship_Operates_476,evidence_for,,,,
3786,FALSE,Event_Communication_811,Remora,received,,,,
3787,TRUE,Event_Communication_811,Relationship_Operates_506,evidence_for,,,,
3790,FALSE,Event_Communication_812,Mako,received,,,,
3792,TRUE,Event_Communication_812,Relationship_Coordinates_499,evidence_for,,,,
3791,TRUE,Event_Communication_812,Relationship_Coordinates_297,evidence_for,,,,
3795,FALSE,Event_Communication_815,Osprey,received,,,,
3797,TRUE,Event_Communication_815,Event_TourActivity_814,evidence_for,,,,
3796,TRUE,Event_Communication_815,Event_VesselMovement_122,evidence_for,,,,
3800,FALSE,Event_Communication_817,Mako,received,,,,
3801,TRUE,Event_Communication_817,Event_TourActivity_816,evidence_for,,,,
3802,TRUE,Event_Communication_817,Relationship_Coordinates_509,evidence_for,,,,
3807,FALSE,Event_Communication_819,Mako,received,,,,
3808,TRUE,Event_Communication_819,Event_Collaborate_818,evidence_for,,,,
3810,TRUE,Event_Communication_819,Relationship_AccessPermission_511,evidence_for,,,,
3811,TRUE,Event_Communication_819,Relationship_AccessPermission_512,evidence_for,,,,
3809,TRUE,Event_Communication_819,Relationship_Operates_58,evidence_for,,,,
3813,FALSE,Event_Communication_820,V. Miesel Shipping,received,,,,
3814,TRUE,Event_Communication_820,Relationship_Reports_513,evidence_for,,,,
3816,FALSE,Event_Communication_821,Neptune,received,,,,
3817,TRUE,Event_Communication_821,Relationship_Operates_514,evidence_for,,,,
3819,FALSE,Event_Communication_822,Remora,received,,,,
3820,TRUE,Event_Communication_822,Relationship_Coordinates_305,evidence_for,,,,
3823,FALSE,Event_Communication_823,Neptune,received,,,,
3824,TRUE,Event_Communication_823,Relationship_Coordinates_516,evidence_for,,,,
3825,TRUE,Event_Communication_823,Relationship_Operates_514,evidence_for,,,,
3827,FALSE,Event_Communication_824,V. Miesel Shipping,received,,,,
3828,TRUE,Event_Communication_824,Relationship_Coordinates_518,evidence_for,,,,
3831,FALSE,Event_Communication_825,Davis,received,,,,
3832,TRUE,Event_Communication_825,Relationship_Operates_519,evidence_for,,,,
3833,FALSE,Event_Communication_826,Reef Guardian,received,,,,
3837,FALSE,Event_Communication_828,Oceanus City Council,received,,,,
3840,TRUE,Event_Communication_828,Relationship_Operates_521,evidence_for,,,,
3839,TRUE,Event_Communication_828,Relationship_AccessPermission_497,evidence_for,,,,
3838,TRUE,Event_Communication_828,Event_Monitoring_946,evidence_for,,,,
3843,FALSE,Event_Communication_831,Horizon,received,,,,
3844,TRUE,Event_Communication_831,Event_Monitoring_829,evidence_for,,,,
3846,TRUE,Event_Communication_831,Relationship_Operates_36,evidence_for,,,,
3845,TRUE,Event_Communication_831,Event_Assessment_174,evidence_for,,,,
3849,FALSE,Event_Communication_833,Oceanus City Council,received,,,,
3851,TRUE,Event_Communication_833,Relationship_Suspicious_368,evidence_for,,,,
3850,TRUE,Event_Communication_833,Event_Monitoring_192,evidence_for,,,,
3856,FALSE,Event_Communication_834,Green Guardians,received,,,,
3859,TRUE,Event_Communication_834,Relationship_Reports_526,evidence_for,,,,
3860,TRUE,Event_Communication_834,Relationship_Jurisdiction_446,evidence_for,,,,
3857,TRUE,Event_Communication_834,Relationship_Operates_566,evidence_for,,,,
3858,TRUE,Event_Communication_834,Relationship_AccessPermission_497,evidence_for,,,,
3864,FALSE,Event_Communication_836,Horizon,received,,,,
3865,TRUE,Event_Communication_836,Event_Monitoring_835,evidence_for,,,,
3867,TRUE,Event_Communication_836,Relationship_Reports_529,evidence_for,,,,
3866,TRUE,Event_Communication_836,Relationship_Operates_36,evidence_for,,,,
3870,FALSE,Event_Communication_838,EcoVigil,received,,,,
3871,TRUE,Event_Communication_838,Event_Assessment_837,evidence_for,,,,
3872,TRUE,Event_Communication_838,Relationship_Coordinates_54,evidence_for,,,,
3875,FALSE,Event_Communication_840,V. Miesel Shipping,received,,,,
3876,TRUE,Event_Communication_840,Event_Enforcement_839,evidence_for,,,,
3877,TRUE,Event_Communication_840,Relationship_AccessPermission_214,evidence_for,,,,
3880,FALSE,Event_Communication_841,Rodriguez,received,,,,
3881,TRUE,Event_Communication_841,Relationship_Operates_514,evidence_for,,,,
3882,TRUE,Event_Communication_841,Relationship_AccessPermission_405,evidence_for,,,,
3887,FALSE,Event_Communication_842,Davis,received,,,,
3889,TRUE,Event_Communication_842,Relationship_Colleagues_535,evidence_for,,,,
3890,TRUE,Event_Communication_842,Relationship_Colleagues_536,evidence_for,,,,
3891,TRUE,Event_Communication_842,Relationship_Reports_537,evidence_for,,,,
3888,TRUE,Event_Communication_842,Relationship_Colleagues_617,evidence_for,,,,
3896,FALSE,Event_Communication_844,V. Miesel Shipping,received,,,,
3897,TRUE,Event_Communication_844,Event_VesselMovement_843,evidence_for,,,,
3898,TRUE,Event_Communication_844,Relationship_Operates_538,evidence_for,,,,
3899,TRUE,Event_Communication_844,Relationship_Colleagues_551,evidence_for,,,,
3900,FALSE,Event_Communication_845,Nadia Conti,received,,,,
3901,TRUE,Event_Communication_845,Event_VesselMovement_843,evidence_for,,,,
3902,TRUE,Event_Communication_845,Relationship_Operates_538,evidence_for,,,,
3903,TRUE,Event_Communication_845,Relationship_Colleagues_551,evidence_for,,,,
3906,FALSE,Event_Communication_846,Nadia Conti,received,,,,
3907,TRUE,Event_Communication_846,Relationship_Colleagues_551,evidence_for,,,,
3908,TRUE,Event_Communication_846,Relationship_AccessPermission_214,evidence_for,,,,
3909,FALSE,Event_Communication_847,V. Miesel Shipping,received,,,,
3911,FALSE,Event_Communication_849,Oceanus City Council,received,,,,
3912,TRUE,Event_Communication_849,Event_Monitoring_266,evidence_for,,,,
3914,FALSE,Event_Communication_850,Mako,received,,,,
3915,TRUE,Event_Communication_850,Relationship_Coordinates_297,evidence_for,,,,
3918,FALSE,Event_Communication_851,Neptune,received,,,,
3919,TRUE,Event_Communication_851,Relationship_Operates_543,evidence_for,,,,
3920,TRUE,Event_Communication_851,Relationship_Colleagues_551,evidence_for,,,,
3922,FALSE,Event_Communication_852,Remora,received,,,,
3923,TRUE,Event_Communication_852,Relationship_Coordinates_305,evidence_for,,,,
3925,FALSE,Event_Communication_853,Remora,received,,,,
3926,TRUE,Event_Communication_853,Relationship_Operates_546,evidence_for,,,,
3930,FALSE,Event_Communication_855,Reef Guardian,received,,,,
3931,TRUE,Event_Communication_855,Event_Enforcement_854,evidence_for,,,,
3932,TRUE,Event_Communication_855,Relationship_AccessPermission_497,evidence_for,,,,
3935,FALSE,Event_Communication_857,Seawatch,received,,,,
3936,TRUE,Event_Communication_857,Event_Monitoring_856,evidence_for,,,,
3937,TRUE,Event_Communication_857,Relationship_Coordinates_548,evidence_for,,,,
3939,FALSE,Event_Communication_859,Sam,received,,,,
3940,TRUE,Event_Communication_859,Event_Monitoring_722,evidence_for,,,,
3941,FALSE,Event_Communication_860,The Lookout,received,,,,
3943,FALSE,Event_Communication_862,Sam,received,,,,
3944,TRUE,Event_Communication_862,Event_Monitoring_722,evidence_for,,,,
3947,FALSE,Event_Communication_864,Mrs. Money,received,,,,
3949,TRUE,Event_Communication_864,Relationship_Reports_41,evidence_for,,,,
3948,TRUE,Event_Communication_864,Event_Monitoring_722,evidence_for,,,,
3952,FALSE,Event_Communication_866,Boss,received,,,,
3954,TRUE,Event_Communication_866,Relationship_Coordinates_550,evidence_for,,,,
3953,TRUE,Event_Communication_866,Event_Monitoring_722,evidence_for,,,,
3955,FALSE,Event_Communication_867,The Accountant,received,,,,
3957,TRUE,Event_Communication_867,Relationship_Coordinates_550,evidence_for,,,,
3956,TRUE,Event_Communication_867,Event_Monitoring_722,evidence_for,,,,
3959,FALSE,Event_Communication_869,Nadia Conti,received,,,,
3960,TRUE,Event_Communication_869,Event_Collaborate_868,evidence_for,,,,
3961,TRUE,Event_Communication_869,Relationship_Colleagues_551,evidence_for,,,,
3964,FALSE,Event_Communication_871,Mako,received,,,,
3966,TRUE,Event_Communication_871,Relationship_AccessPermission_553,evidence_for,,,,
3965,TRUE,Event_Communication_871,Event_VesselMovement_892,evidence_for,,,,
3969,FALSE,Event_Communication_873,Davis,received,,,,
3971,TRUE,Event_Communication_873,Relationship_Operates_546,evidence_for,,,,
3970,TRUE,Event_Communication_873,Event_VesselMovement_892,evidence_for,,,,
3973,FALSE,Event_Communication_875,Reef Guardian,received,,,,
3974,TRUE,Event_Communication_875,Event_Monitoring_978,evidence_for,,,,
3977,FALSE,Event_Communication_877,Horizon,received,,,,
3979,TRUE,Event_Communication_877,Relationship_Coordinates_555,evidence_for,,,,
3978,TRUE,Event_Communication_877,Event_Monitoring_856,evidence_for,,,,
3982,FALSE,Event_Communication_879,Seawatch,received,,,,
3983,TRUE,Event_Communication_879,Event_Monitoring_878,evidence_for,,,,
3984,TRUE,Event_Communication_879,Relationship_Coordinates_556,evidence_for,,,,
3988,FALSE,Event_Communication_881,Oceanus City Council,received,,,,
3991,TRUE,Event_Communication_881,Relationship_Reports_587,evidence_for,,,,
3989,TRUE,Event_Communication_881,Event_VesselMovement_931,evidence_for,,,,
3990,TRUE,Event_Communication_881,Relationship_AccessPermission_588,evidence_for,,,,
3993,FALSE,Event_Communication_882,Green Guardians,received,,,,
3994,TRUE,Event_Communication_882,Relationship_Unfriendly_625,evidence_for,,,,
3997,FALSE,Event_Communication_884,Knowles,received,,,,
3998,TRUE,Event_Communication_884,Event_VesselMovement_883,evidence_for,,,,
3999,TRUE,Event_Communication_884,Relationship_AccessPermission_560,evidence_for,,,,
4002,FALSE,Event_Communication_886,Haacklee Harbor,received,,,,
4003,TRUE,Event_Communication_886,Event_VesselMovement_883,evidence_for,,,,
4004,TRUE,Event_Communication_886,Relationship_AccessPermission_560,evidence_for,,,,
4007,FALSE,Event_Communication_888,Oceanus City Council,received,,,,
4008,TRUE,Event_Communication_888,Event_VesselMovement_887,evidence_for,,,,
4009,TRUE,Event_Communication_888,Relationship_AccessPermission_562,evidence_for,,,,
4012,FALSE,Event_Communication_890,Neptune,received,,,,
4013,TRUE,Event_Communication_890,Event_VesselMovement_402,evidence_for,,,,
4014,TRUE,Event_Communication_890,Relationship_AccessPermission_244,evidence_for,,,,
4016,FALSE,Event_Communication_891,Davis,received,,,,
4017,TRUE,Event_Communication_891,Relationship_AccessPermission_564,evidence_for,,,,
4019,FALSE,Event_Communication_893,Remora,received,,,,
4020,TRUE,Event_Communication_893,Event_VesselMovement_892,evidence_for,,,,
4022,FALSE,Event_Communication_895,Sentinel,received,,,,
4024,FALSE,Event_Communication_897,Mako,received,,,,
4025,TRUE,Event_Communication_897,Event_Monitoring_266,evidence_for,,,,
4027,FALSE,Event_Communication_898,Sentinel,received,,,,
4028,TRUE,Event_Communication_898,Relationship_Coordinates_565,evidence_for,,,,
4029,FALSE,Event_Communication_899,Reef Guardian,received,,,,
4031,FALSE,Event_Communication_901,Green Guardians,received,,,,
4032,TRUE,Event_Communication_901,Event_Monitoring_900,evidence_for,,,,
4033,TRUE,Event_Communication_901,Relationship_Operates_566,evidence_for,,,,
4035,FALSE,Event_Communication_902,Oceanus City Council,received,,,,
4036,TRUE,Event_Communication_902,Relationship_Unfriendly_567,evidence_for,,,,
4038,FALSE,Event_Communication_903,Paackland Harbor,received,,,,
4039,TRUE,Event_Communication_903,Relationship_Jurisdiction_583,evidence_for,,,,
4043,FALSE,Event_Communication_905,Sentinel,received,,,,
4044,TRUE,Event_Communication_905,Event_VesselMovement_904,evidence_for,,,,
4045,TRUE,Event_Communication_905,Relationship_AccessPermission_569,evidence_for,,,,
4046,TRUE,Event_Communication_905,Relationship_Jurisdiction_583,evidence_for,,,,
4051,FALSE,Event_Communication_908,Green Guardians,received,,,,
4055,TRUE,Event_Communication_908,Relationship_Reports_572,evidence_for,,,,
4054,TRUE,Event_Communication_908,Relationship_Operates_176,evidence_for,,,,
4052,TRUE,Event_Communication_908,Event_Monitoring_266,evidence_for,,,,
4053,TRUE,Event_Communication_908,Event_Assessment_973,evidence_for,,,,
4058,FALSE,Event_Communication_910,Seawatch,received,,,,
4059,TRUE,Event_Communication_910,Event_Monitoring_909,evidence_for,,,,
4060,TRUE,Event_Communication_910,Relationship_Coordinates_573,evidence_for,,,,
4062,FALSE,Event_Communication_912,Sentinel,received,,,,
4063,TRUE,Event_Communication_912,Event_Monitoring_911,evidence_for,,,,
4067,FALSE,Event_Communication_914,Mako,received,,,,
4070,TRUE,Event_Communication_914,Relationship_Jurisdiction_575,evidence_for,,,,
4068,TRUE,Event_Communication_914,Event_Assessment_973,evidence_for,,,,
4069,TRUE,Event_Communication_914,Relationship_AccessPermission_421,evidence_for,,,,
4074,FALSE,Event_Communication_916,Davis,received,,,,
4077,TRUE,Event_Communication_916,Relationship_Suspicious_577,evidence_for,,,,
4076,TRUE,Event_Communication_916,Relationship_Operates_58,evidence_for,,,,
4075,TRUE,Event_Communication_916,Event_Monitoring_803,evidence_for,,,,
4081,FALSE,Event_Communication_919,Mako,received,,,,
4082,TRUE,Event_Communication_919,Event_Monitoring_917,evidence_for,,,,
4084,TRUE,Event_Communication_919,Relationship_Coordinates_578,evidence_for,,,,
4083,TRUE,Event_Communication_919,Event_Assessment_628,evidence_for,,,,
4085,FALSE,Event_Communication_920,Reef Guardian,received,,,,
4087,FALSE,Event_Communication_921,The Lookout,received,,,,
4088,TRUE,Event_Communication_921,Relationship_Colleagues_589,evidence_for,,,,
4090,FALSE,Event_Communication_923,The Intern,received,,,,
4091,TRUE,Event_Communication_923,Event_Monitoring_922,evidence_for,,,,
4092,TRUE,Event_Communication_923,Relationship_Colleagues_589,evidence_for,,,,
4096,FALSE,Event_Communication_925,Mrs. Money,received,,,,
4099,TRUE,Event_Communication_925,Relationship_Colleagues_589,evidence_for,,,,
4098,TRUE,Event_Communication_925,Relationship_Colleagues_84,evidence_for,,,,
4097,TRUE,Event_Communication_925,Event_Monitoring_595,evidence_for,,,,
4100,FALSE,Event_Communication_926,Horizon,received,,,,
4103,FALSE,Event_Communication_928,Oceanus City Council,received,,,,
4104,TRUE,Event_Communication_928,Event_HarborReport_927,evidence_for,,,,
4105,TRUE,Event_Communication_928,Relationship_Jurisdiction_583,evidence_for,,,,
4110,FALSE,Event_Communication_930,Liam Thorne,received,,,,
4111,TRUE,Event_Communication_930,Event_Monitoring_929,evidence_for,,,,
4113,TRUE,Event_Communication_930,Relationship_AccessPermission_585,evidence_for,,,,
4114,TRUE,Event_Communication_930,Relationship_Jurisdiction_586,evidence_for,,,,
4112,TRUE,Event_Communication_930,Relationship_Reports_587,evidence_for,,,,
4119,FALSE,Event_Communication_933,Oceanus City Council,received,,,,
4120,TRUE,Event_Communication_933,Event_VesselMovement_931,evidence_for,,,,
4121,TRUE,Event_Communication_933,Event_Monitoring_932,evidence_for,,,,
4122,TRUE,Event_Communication_933,Relationship_Reports_587,evidence_for,,,,
4123,TRUE,Event_Communication_933,Relationship_AccessPermission_588,evidence_for,,,,
4124,FALSE,Event_Communication_935,The Intern,received,,,,
4125,TRUE,Event_Communication_935,Event_Monitoring_934,evidence_for,,,,
4127,FALSE,Event_Communication_936,The Lookout,received,,,,
4128,TRUE,Event_Communication_936,Relationship_Colleagues_589,evidence_for,,,,
4129,FALSE,Event_Communication_937,The Intern,received,,,,
4132,FALSE,Event_Communication_939,Sailor Shifts Team,received,,,,
4133,TRUE,Event_Communication_939,Event_TourActivity_938,evidence_for,,,,
4134,TRUE,Event_Communication_939,Relationship_AccessPermission_594,evidence_for,,,,
4137,FALSE,Event_Communication_940,Remora,received,,,,
4138,TRUE,Event_Communication_940,Relationship_AccessPermission_591,evidence_for,,,,
4139,TRUE,Event_Communication_940,Relationship_Operates_592,evidence_for,,,,
4144,FALSE,Event_Communication_943,Nadia Conti,received,,,,
4145,TRUE,Event_Communication_943,Event_Monitoring_941,evidence_for,,,,
4146,TRUE,Event_Communication_943,Event_Monitoring_942,evidence_for,,,,
4147,TRUE,Event_Communication_943,Relationship_Operates_593,evidence_for,,,,
4148,TRUE,Event_Communication_943,Relationship_AccessPermission_594,evidence_for,,,,
4150,FALSE,Event_Communication_945,Reef Guardian,received,,,,
4151,TRUE,Event_Communication_945,Event_VesselMovement_944,evidence_for,,,,
4157,FALSE,Event_Communication_949,EcoVigil,received,,,,
4158,TRUE,Event_Communication_949,Event_Monitoring_946,evidence_for,,,,
4159,TRUE,Event_Communication_949,Event_Enforcement_947,evidence_for,,,,
4161,TRUE,Event_Communication_949,Relationship_Coordinates_378,evidence_for,,,,
4162,TRUE,Event_Communication_949,Relationship_AccessPermission_497,evidence_for,,,,
4160,TRUE,Event_Communication_949,Event_Assessment_996,evidence_for,,,,
4166,FALSE,Event_Communication_950,The Accountant,received,,,,
4169,TRUE,Event_Communication_950,Relationship_Colleagues_599,evidence_for,,,,
4168,TRUE,Event_Communication_950,Relationship_Colleagues_11,evidence_for,,,,
4167,TRUE,Event_Communication_950,Relationship_Colleagues_601,evidence_for,,,,
4172,FALSE,Event_Communication_951,The Middleman,received,,,,
4173,TRUE,Event_Communication_951,Relationship_Suspicious_600,evidence_for,,,,
4174,TRUE,Event_Communication_951,Relationship_Colleagues_601,evidence_for,,,,
4176,FALSE,Event_Communication_953,Oceanus City Council,received,,,,
4177,TRUE,Event_Communication_953,Event_Enforcement_952,evidence_for,,,,
4179,FALSE,Event_Communication_955,Remora,received,,,,
4180,TRUE,Event_Communication_955,Event_VesselMovement_892,evidence_for,,,,
4185,FALSE,Event_Communication_958,V. Miesel Shipping,received,,,,
4187,TRUE,Event_Communication_958,Event_Monitoring_957,evidence_for,,,,
4188,TRUE,Event_Communication_958,Relationship_Operates_602,evidence_for,,,,
4189,TRUE,Event_Communication_958,Relationship_Reports_603,evidence_for,,,,
4186,TRUE,Event_Communication_958,Event_TourActivity_938,evidence_for,,,,
4192,FALSE,Event_Communication_960,Horizon,received,,,,
4194,TRUE,Event_Communication_960,Relationship_Reports_604,evidence_for,,,,
4193,TRUE,Event_Communication_960,Event_Monitoring_995,evidence_for,,,,
4196,FALSE,Event_Communication_961,Green Guardians,received,,,,
4197,TRUE,Event_Communication_961,Relationship_Coordinates_54,evidence_for,,,,
4201,FALSE,Event_Communication_963,Boss,received,,,,
4202,TRUE,Event_Communication_963,Event_TourActivity_962,evidence_for,,,,
4203,TRUE,Event_Communication_963,Relationship_Operates_58,evidence_for,,,,
4204,TRUE,Event_Communication_963,Relationship_AccessPermission_243,evidence_for,,,,
4206,FALSE,Event_Communication_964,Mako,received,,,,
4207,TRUE,Event_Communication_964,Relationship_Colleagues_536,evidence_for,,,,
4208,FALSE,Event_Communication_965,Seawatch,received,,,,
4213,FALSE,Event_Communication_968,Reef Guardian,received,,,,
4214,TRUE,Event_Communication_968,Event_Assessment_966,evidence_for,,,,
4215,TRUE,Event_Communication_968,Event_Monitoring_967,evidence_for,,,,
4216,TRUE,Event_Communication_968,Relationship_Coordinates_609,evidence_for,,,,
4217,TRUE,Event_Communication_968,Relationship_Reports_344,evidence_for,,,,
4222,FALSE,Event_Communication_970,Port Security,received,,,,
4224,TRUE,Event_Communication_970,Relationship_Jurisdiction_611,evidence_for,,,,
4226,TRUE,Event_Communication_970,Relationship_Jurisdiction_613,evidence_for,,,,
4225,TRUE,Event_Communication_970,Relationship_AccessPermission_497,evidence_for,,,,
4223,TRUE,Event_Communication_970,Event_Monitoring_946,evidence_for,,,,
4228,FALSE,Event_Communication_974,EcoVigil,received,,,,
4229,TRUE,Event_Communication_974,Event_Monitoring_971,evidence_for,,,,
4230,TRUE,Event_Communication_974,Event_Collaborate_972,evidence_for,,,,
4231,TRUE,Event_Communication_974,Event_Assessment_973,evidence_for,,,,
4232,TRUE,Event_Communication_974,Relationship_Coordinates_614,evidence_for,,,,
4233,TRUE,Event_Communication_974,Relationship_AccessPermission_615,evidence_for,,,,
4235,FALSE,Event_Communication_976,Sentinel,received,,,,
4236,TRUE,Event_Communication_976,Event_Monitoring_995,evidence_for,,,,
4238,FALSE,Event_Communication_977,Sentinel,received,,,,
4239,TRUE,Event_Communication_977,Relationship_Coordinates_616,evidence_for,,,,
4241,FALSE,Event_Communication_979,Oceanus City Council,received,,,,
4242,TRUE,Event_Communication_979,Event_Monitoring_978,evidence_for,,,,
4244,FALSE,Event_Communication_981,Davis,received,,,,
4245,TRUE,Event_Communication_981,Event_VesselMovement_980,evidence_for,,,,
4246,FALSE,Event_Communication_982,Rodriguez,received,,,,
4250,FALSE,Event_Communication_984,Davis,received,,,,
4252,TRUE,Event_Communication_984,Relationship_Colleagues_617,evidence_for,,,,
4253,TRUE,Event_Communication_984,Relationship_Coordinates_618,evidence_for,,,,
4251,TRUE,Event_Communication_984,Event_VesselMovement_892,evidence_for,,,,
4257,FALSE,Event_Communication_986,Remora,received,,,,
4259,TRUE,Event_Communication_986,Relationship_Colleagues_619,evidence_for,,,,
4260,TRUE,Event_Communication_986,Relationship_Operates_546,evidence_for,,,,
4258,TRUE,Event_Communication_986,Event_VesselMovement_892,evidence_for,,,,
4262,FALSE,Event_Communication_987,Mako,received,,,,
4263,TRUE,Event_Communication_987,Relationship_Coordinates_621,evidence_for,,,,
4266,FALSE,Event_Communication_989,Himark Harbor,received,,,,
4268,TRUE,Event_Communication_989,Relationship_Reports_622,evidence_for,,,,
4267,TRUE,Event_Communication_989,Event_VesselMovement_122,evidence_for,,,,
4270,FALSE,Event_Communication_991,Horizon,received,,,,
4271,TRUE,Event_Communication_991,Event_Monitoring_595,evidence_for,,,,
4275,FALSE,Event_Communication_993,Oceanus City Council,received,,,,
4276,TRUE,Event_Communication_993,Event_Enforcement_992,evidence_for,,,,
4277,TRUE,Event_Communication_993,Relationship_Coordinates_623,evidence_for,,,,
4278,TRUE,Event_Communication_993,Relationship_AccessPermission_489,evidence_for,,,,
4280,FALSE,Event_Communication_994,Green Guardians,received,,,,
4281,TRUE,Event_Communication_994,Relationship_Unfriendly_625,evidence_for,,,,
4285,FALSE,Event_Communication_997,EcoVigil,received,,,,
4286,TRUE,Event_Communication_997,Event_Monitoring_995,evidence_for,,,,
4287,TRUE,Event_Communication_997,Event_Assessment_996,evidence_for,,,,
4288,TRUE,Event_Communication_997,Relationship_Reports_51,evidence_for,,,,
4291,FALSE,Event_Communication_999,Mako,received,,,,
4292,TRUE,Event_Communication_999,Event_Enforcement_998,evidence_for,,,,
4293,TRUE,Event_Communication_999,Relationship_AccessPermission_497,evidence_for,,,,
4296,FALSE,Event_Communication_1001,Davis,received,,,,
4297,TRUE,Event_Communication_1001,Event_VesselMovement_1000,evidence_for,,,,
4298,TRUE,Event_Communication_1001,Relationship_Colleagues_628,evidence_for,,,,
4301,FALSE,Event_Communication_1003,Davis,received,,,,
4302,TRUE,Event_Communication_1003,Event_VesselMovement_1002,evidence_for,,,,
4303,TRUE,Event_Communication_1003,Relationship_Coordinates_629,evidence_for,,,,
1796,TRUE,Event_Assessment_14,Azure Cove,,,,,
1701,TRUE,Event_Assessment_18,Coral Point,,,,,
1702,TRUE,Event_Assessment_18,Dolphin Bay,,,,,
2497,TRUE,Event_Assessment_41,Nemo Reef,,,,,
1797,TRUE,Event_Assessment_56,Dolphin Bay,,,,,
2038,TRUE,Event_Assessment_65,Nemo Reef,,,,,
2468,TRUE,Event_Assessment_101,Nemo Reef,,,,,
1936,TRUE,Event_Assessment_114,Coral Point,,,,,
1937,TRUE,Event_Assessment_114,Dolphin Bay,,,,,
3698,TRUE,Event_Assessment_174,Nemo Reef,,,,,
2139,TRUE,Event_Assessment_198,Southern coastline,,,,,
2221,TRUE,Event_Assessment_223,Nemo Reef,,,,,
2222,TRUE,Event_Assessment_223,Southern coastline,,,,,
2484,TRUE,Event_Assessment_329,Nemo Reef,,,,,
2432,TRUE,Event_Assessment_337,Nemo Reef,,,,,
2814,TRUE,Event_Assessment_445,Haacklee Harbor,,,,,
2864,TRUE,Event_Assessment_463,Eastern reefs,,,,,
2922,TRUE,Event_Assessment_488,Eastern Boundary,,,,,
1733,TRUE,Event_Assessment_492,Nemo Reef,,,,,
2884,TRUE,Event_Assessment_522,Nemo Reef,,,,,
3171,TRUE,Event_Assessment_583,Eastern Shoals,,,,,
3483,TRUE,Event_Assessment_600,Nemo Reef,,,,,
3266,TRUE,Event_Assessment_628,Nemo Reef,,,,,
3343,TRUE,Event_Assessment_650,Restricted areas,,,,,
3470,TRUE,Event_Assessment_701,Nemo Reef,,,,,
3475,TRUE,Event_Assessment_703,Nemo Reef,,,,,
3661,TRUE,Event_Assessment_765,Restricted areas,,,,,
3714,TRUE,Event_Assessment_786,Nemo Reef,,,,,
3721,TRUE,Event_Assessment_791,Nemo Reef,,,,,
3868,TRUE,Event_Assessment_837,Nemo Reef,,,,,
4209,TRUE,Event_Assessment_966,Protected areas,,,,,
4064,TRUE,Event_Assessment_973,Nemo Reef,,,,,
3561,TRUE,Event_Assessment_996,Nemo Reef,,,,,
2715,TRUE,Event_VesselMovement_25,Himark Harbor,,,,,
4264,TRUE,Event_VesselMovement_122,Himark Harbor,,,,,
2037,TRUE,Event_VesselMovement_154,Nemo Reef,,,,,
2046,TRUE,Event_VesselMovement_157,Himark Harbor,,,,,
2047,TRUE,Event_VesselMovement_157,South Dock,,,,,
2121,TRUE,Event_VesselMovement_190,Himark Harbor,,,,,
2185,TRUE,Event_VesselMovement_210,Western quadrant,,,,,
2388,TRUE,Event_VesselMovement_284,Eastern Boundary,,,,,
2396,TRUE,Event_VesselMovement_288,Eastern quadrant,,,,,
2420,TRUE,Event_VesselMovement_300,Eastern Islands,,,,,
2426,TRUE,Event_VesselMovement_303,Himark Harbor,,,,,
2427,TRUE,Event_VesselMovement_303,Eastern Islands,,,,,
2480,TRUE,Event_VesselMovement_326,Himark Harbor,,,,,
2577,TRUE,Event_VesselMovement_363,Himark Harbor,,,,,
2578,TRUE,Event_VesselMovement_363,Nemo Reef,,,,,
3327,TRUE,Event_VesselMovement_393,Nemo Reef,,,,,
4010,TRUE,Event_VesselMovement_402,Himark Harbor,,,,,
2910,TRUE,Event_VesselMovement_483,Southern Boundary,,,,,
2934,TRUE,Event_VesselMovement_494,Eastern reefs,,,,,
3090,TRUE,Event_VesselMovement_495,Eastern reefs,,,,,
2841,TRUE,Event_VesselMovement_503,Eastern reefs,,,,,
3116,TRUE,Event_VesselMovement_509,Nemo Reef,,,,,
2941,TRUE,Event_VesselMovement_510,Route C,,,,,
2273,TRUE,Event_VesselMovement_549,Nemo Reef,,,,,
3119,TRUE,Event_VesselMovement_563,Nemo Reef,,,,,
2097,TRUE,Event_VesselMovement_569,Nemo Reef,,,,,
3362,TRUE,Event_VesselMovement_577,Himark Harbor,,,,,
3163,TRUE,Event_VesselMovement_580,Eastern Shoals,,,,,
3361,TRUE,Event_VesselMovement_629,Eastern quadrant,,,,,
3299,TRUE,Event_VesselMovement_634,Himark Harbor,,,,,
3392,TRUE,Event_VesselMovement_670,Nemo Reef,,,,,
3744,TRUE,Event_VesselMovement_798,Northern quadrant,,,,,
3769,TRUE,Event_VesselMovement_806,Himark Harbor,,,,,
3892,TRUE,Event_VesselMovement_843,Neptune,,,,,
4000,TRUE,Event_VesselMovement_883,Haacklee Harbor,,,,,
4005,TRUE,Event_VesselMovement_887,Nemo Reef,,,,,
4178,TRUE,Event_VesselMovement_892,South Dock,,,,,
4040,TRUE,Event_VesselMovement_904,Paackland Harbor,,,,,
3985,TRUE,Event_VesselMovement_931,Northern quadrant,,,,,
4149,TRUE,Event_VesselMovement_944,Dolphin Bay,,,,,
4243,TRUE,Event_VesselMovement_980,Berth 14,,,,,
1798,TRUE,Event_VesselMovement_1000,South Dock,,,,,
4299,TRUE,Event_VesselMovement_1002,South Dock,,,,,
1728,TRUE,Event_Enforcement_29,Remora,,,,,
1742,TRUE,Event_Enforcement_34,Protected areas,,,,,
1743,TRUE,Event_Enforcement_34,Nemo Reef,,,,,
1768,TRUE,Event_Enforcement_42,Nemo Reef,,,,,
1776,TRUE,Event_Enforcement_44,Paackland Harbor,,,,,
1715,TRUE,Event_Enforcement_177,Nemo Reef,,,,,
2127,TRUE,Event_Enforcement_193,Mariner's Dream,,,,,
2245,TRUE,Event_Enforcement_233,Northern Light,,,,,
2340,TRUE,Event_Enforcement_235,Nemo Reef,,,,,
2298,TRUE,Event_Enforcement_261,Mako,,,,,
2404,TRUE,Event_Enforcement_292,Mako,,,,,
3384,TRUE,Event_Enforcement_666,Nemo Reef,,,,,
3449,TRUE,Event_Enforcement_693,Nemo Reef,,,,,
2208,TRUE,Event_Enforcement_745,Nemo Reef,,,,,
3671,TRUE,Event_Enforcement_769,Restricted areas,,,,,
3454,TRUE,Event_Enforcement_784,Nemo Reef,,,,,
3873,TRUE,Event_Enforcement_839,Nemo Reef,,,,,
3927,TRUE,Event_Enforcement_854,Reef Guardian,,,,,
3928,TRUE,Event_Enforcement_854,Nemo Reef,,,,,
4153,TRUE,Event_Enforcement_947,Reef Guardian,,,,,
4175,TRUE,Event_Enforcement_952,Northern quadrant,,,,,
4272,TRUE,Event_Enforcement_992,Seawatch,,,,,
4289,TRUE,Event_Enforcement_998,Nemo Reef,,,,,
1752,TRUE,Event_TourActivity_46,Nemo Reef,,,,,
1807,TRUE,Event_TourActivity_61,Nemo Reef,,,,,
1808,TRUE,Event_TourActivity_61,Protected areas,,,,,
1832,TRUE,Event_TourActivity_70,Nemo Reef,,,,,
1833,TRUE,Event_TourActivity_70,Protected areas,,,,,
1888,TRUE,Event_TourActivity_96,Haacklee Harbor,,,,,
2003,TRUE,Event_TourActivity_137,Himark Harbor,,,,,
2008,TRUE,Event_TourActivity_140,Himark Harbor,,,,,
2115,TRUE,Event_TourActivity_188,Nemo Reef,,,,,
3349,TRUE,Event_TourActivity_807,Nemo Reef,,,,,
3794,TRUE,Event_TourActivity_814,Castaway Cove,,,,,
3798,TRUE,Event_TourActivity_816,Castaway Cove,,,,,
4181,TRUE,Event_TourActivity_938,South Dock,,,,,
2688,TRUE,Event_TourActivity_962,Nemo Reef,,,,,
1788,TRUE,Event_Fishing_49,Himark Harbor,,,,,
1792,TRUE,Event_Criticize_52,Oceanus City Council,,,,,
2107,TRUE,Event_Collaborate_184,Green Guardians,,,,,
2153,TRUE,Event_Collaborate_200,Knowles,,,,,
2341,TRUE,Event_Collaborate_236,Oceanus City Council,,,,,
2579,TRUE,Event_Collaborate_364,Mako,,,,,
2893,TRUE,Event_Collaborate_477,City Officials,,,,,
2975,TRUE,Event_Collaborate_512,Glitters Team,,,,,
2989,TRUE,Event_Collaborate_517,Mako,,,,,
2990,TRUE,Event_Collaborate_517,Remora,,,,,
3060,TRUE,Event_Collaborate_542,Remora,,,,,
3084,TRUE,Event_Collaborate_550,Nadia Conti,,,,,
3097,TRUE,Event_Collaborate_554,Mako,,,,,
3105,TRUE,Event_Collaborate_557,Neptune,,,,,
3459,TRUE,Event_Collaborate_697,Oceanus City Council,,,,,
1667,TRUE,Event_Collaborate_719,The Lookout,,,,,
3460,TRUE,Event_Collaborate_723,Sentinel,,,,,
3639,TRUE,Event_Collaborate_760,V. Miesel Shipping,,,,,
3803,TRUE,Event_Collaborate_818,Mako,,,,,
2196,TRUE,Event_HarborReport_215,Southern islands,,,,,
2197,TRUE,Event_HarborReport_215,Protected areas,,,,,
4101,TRUE,Event_HarborReport_927,Paackland Harbor,,,,,
2289,TRUE,Event_TransponderPing_251,E7,,,,,
2333,TRUE,Event_TransponderPing_271,Protected areas,,,,,
2869,TRUE,Event_TransponderPing_308,Nemo Reef,,,,,
3055,TRUE,Relationship_Colleagues_323,Remora,,,,,
3056,TRUE,Relationship_Colleagues_323,Mako,,,,,
2669,TRUE,Relationship_AccessPermission_7,Nemo Reef,,,,,
1980,TRUE,Relationship_AccessPermission_68,Nemo Reef,,,,,
1821,TRUE,Relationship_AccessPermission_81,Nemo Reef,,,,,
2116,TRUE,Relationship_AccessPermission_96,Nemo Reef,,,,,
2128,TRUE,Relationship_AccessPermission_98,Restricted areas,,,,,
2193,TRUE,Relationship_AccessPermission_100,Southern islands,,,,,
2361,TRUE,Relationship_AccessPermission_101,Nemo Reef,,,,,
2198,TRUE,Relationship_AccessPermission_118,Protected areas,,,,,
2216,TRUE,Relationship_AccessPermission_122,Protected areas,,,,,
2224,TRUE,Relationship_AccessPermission_125,Protected areas,,,,,
2232,TRUE,Relationship_AccessPermission_127,Dolphin Bay,,,,,
2233,TRUE,Relationship_AccessPermission_128,Paackland Harbor,,,,,
2240,TRUE,Relationship_AccessPermission_129,Restricted Zone,,,,,
1697,TRUE,Relationship_AccessPermission_148,Protected areas,,,,,
2362,TRUE,Relationship_AccessPermission_156,Nemo Reef,,,,,
2380,TRUE,Relationship_AccessPermission_163,Paackland Harbor,,,,,
2492,TRUE,Relationship_AccessPermission_181,Nemo Reef,,,,,
2824,TRUE,Relationship_AccessPermission_190,Himark Harbor,,,,,
1908,TRUE,Relationship_AccessPermission_196,Nemo Reef,,,,,
3874,TRUE,Relationship_AccessPermission_214,Nemo Reef,,,,,
3722,TRUE,Relationship_AccessPermission_232,Nemo Reef,,,,,
2658,TRUE,Relationship_AccessPermission_233,Paackland Harbor,,,,,
2023,TRUE,Relationship_AccessPermission_238,Himark Harbor,,,,,
2580,TRUE,Relationship_AccessPermission_243,Nemo Reef,,,,,
4011,TRUE,Relationship_AccessPermission_244,Himark Harbor,,,,,
2766,TRUE,Relationship_AccessPermission_262,South Dock,,,,,
2469,TRUE,Relationship_AccessPermission_266,Nemo Reef,,,,,
2957,TRUE,Relationship_AccessPermission_281,Eastern reefs,,,,,
2976,TRUE,Relationship_AccessPermission_303,Nemo Reef,,,,,
2977,TRUE,Relationship_AccessPermission_304,Route C,,,,,
2984,TRUE,Relationship_AccessPermission_306,Route C,,,,,
3021,TRUE,Relationship_AccessPermission_313,Nemo Reef,,,,,
3072,TRUE,Relationship_AccessPermission_328,Restricted Zone,,,,,
3091,TRUE,Relationship_AccessPermission_332,Eastern reefs,,,,,
1729,TRUE,Relationship_AccessPermission_338,Nemo Reef,,,,,
3164,TRUE,Relationship_AccessPermission_349,Himark Harbor,,,,,
3246,TRUE,Relationship_AccessPermission_370,Paackland Harbor,,,,,
2523,TRUE,Relationship_AccessPermission_382,Nemo Reef,,,,,
3330,TRUE,Relationship_AccessPermission_392,Himark Harbor,,,,,
3331,TRUE,Relationship_AccessPermission_393,Nemo Reef,,,,,
3350,TRUE,Relationship_AccessPermission_397,Nemo Reef,,,,,
3078,TRUE,Relationship_AccessPermission_405,Nemo Reef,,,,,
3320,TRUE,Relationship_AccessPermission_415,Nemo Reef,,,,,
4065,TRUE,Relationship_AccessPermission_421,Nemo Reef,,,,,
3541,TRUE,Relationship_AccessPermission_441,Paackland Harbor,,,,,
3386,TRUE,Relationship_AccessPermission_444,Nemo Reef,,,,,
3599,TRUE,Relationship_AccessPermission_455,Northern quadrant,,,,,
3663,TRUE,Relationship_AccessPermission_477,Restricted areas,,,,,
3672,TRUE,Relationship_AccessPermission_479,Restricted areas,,,,,
4274,TRUE,Relationship_AccessPermission_489,Nemo Reef,,,,,
3250,TRUE,Relationship_AccessPermission_497,Nemo Reef,,,,,
3771,TRUE,Relationship_AccessPermission_502,Nemo Reef,,,,,
3805,TRUE,Relationship_AccessPermission_511,Restricted Zone,,,,,
3806,TRUE,Relationship_AccessPermission_512,Restricted Zone,,,,,
3963,TRUE,Relationship_AccessPermission_553,South Dock,,,,,
4001,TRUE,Relationship_AccessPermission_560,Haacklee Harbor,,,,,
4006,TRUE,Relationship_AccessPermission_562,Nemo Reef,,,,,
4015,TRUE,Relationship_AccessPermission_564,Berth 14,,,,,
4041,TRUE,Relationship_AccessPermission_569,Paackland Harbor,,,,,
4108,TRUE,Relationship_AccessPermission_585,Restricted Zone,,,,,
3986,TRUE,Relationship_AccessPermission_588,Western quadrant,,,,,
4135,TRUE,Relationship_AccessPermission_591,Coral Point,,,,,
4131,TRUE,Relationship_AccessPermission_594,South Dock,,,,,
1744,TRUE,Relationship_Reports_18,Oceanus City Council,,,,,
1858,TRUE,Relationship_Reports_38,Green Guardians,,,,,
2614,TRUE,Relationship_Reports_41,Mrs. Money,,,,,
1898,TRUE,Relationship_Reports_46,Oceanus City Council,,,,,
4284,TRUE,Relationship_Reports_51,Green Guardians,,,,,
1981,TRUE,Relationship_Reports_69,Sailor Shifts Team,,,,,
1995,TRUE,Relationship_Reports_73,Rodriguez,,,,,
2421,TRUE,Relationship_Reports_170,Oceanus City Council,,,,,
2568,TRUE,Relationship_Reports_205,V. Miesel Shipping,,,,,
2608,TRUE,Relationship_Reports_218,Oceanus City Council,,,,,
2894,TRUE,Relationship_Reports_288,Green Guardians,,,,,
4212,TRUE,Relationship_Reports_344,Green Guardians,,,,,
3262,TRUE,Relationship_Reports_355,Green Guardians,,,,,
3403,TRUE,Relationship_Reports_408,Oceanus City Council,,,,,
3578,TRUE,Relationship_Reports_447,Oceanus City Council,,,,,
3739,TRUE,Relationship_Reports_496,Boss,,,,,
3296,TRUE,Relationship_Reports_513,V. Miesel Shipping,,,,,
2089,TRUE,Relationship_Reports_526,Oceanus City Council,,,,,
3269,TRUE,Relationship_Reports_529,Oceanus City Council,,,,,
3886,TRUE,Relationship_Reports_537,V. Miesel Shipping,,,,,
4050,TRUE,Relationship_Reports_572,Green Guardians,,,,,
3030,TRUE,Relationship_Reports_587,Oceanus City Council,,,,,
4184,TRUE,Relationship_Reports_603,V. Miesel Shipping,,,,,
4191,TRUE,Relationship_Reports_604,Horizon,,,,,
4265,TRUE,Relationship_Reports_622,Boss,,,,,
1745,TRUE,Relationship_Jurisdiction_19,Protected areas,,,,,
1746,TRUE,Relationship_Jurisdiction_19,Nemo Reef,,,,,
1754,TRUE,Relationship_Jurisdiction_21,Protected areas,,,,,
1810,TRUE,Relationship_Jurisdiction_29,Protected areas,,,,,
2311,TRUE,Relationship_Jurisdiction_131,Nemo Reef,,,,,
2375,TRUE,Relationship_Jurisdiction_162,Protected areas,,,,,
2024,TRUE,Relationship_Jurisdiction_390,Himark Harbor,,,,,
2083,TRUE,Relationship_Jurisdiction_446,Nemo Reef,,,,,
3592,TRUE,Relationship_Jurisdiction_454,Northern quadrant,,,,,
4066,TRUE,Relationship_Jurisdiction_575,Nemo Reef,,,,,
4042,TRUE,Relationship_Jurisdiction_583,Paackland Harbor,,,,,
3683,TRUE,Relationship_Jurisdiction_586,Restricted Zone,,,,,
4219,TRUE,Relationship_Jurisdiction_611,Nemo Reef,,,,,
4221,TRUE,Relationship_Jurisdiction_613,Nemo Reef,,,,,
1753,TRUE,Relationship_Coordinates_20,Paackland Harbor,,,,,
1777,TRUE,Relationship_Coordinates_24,Oceanus City Council,,,,,
3585,TRUE,Relationship_Coordinates_27,Reef Guardian,,,,,
1817,TRUE,Relationship_Coordinates_30,Sailor Shifts Team,,,,,
1835,TRUE,Relationship_Coordinates_33,Sentinel,,,,,
2131,TRUE,Relationship_Coordinates_35,Sentinel,,,,,
1861,TRUE,Relationship_Coordinates_39,Horizon,,,,,
1862,TRUE,Relationship_Coordinates_39,Sentinel,,,,,
1885,TRUE,Relationship_Coordinates_43,Mako,,,,,
3394,TRUE,Relationship_Coordinates_53,EcoVigil,,,,,
3869,TRUE,Relationship_Coordinates_54,EcoVigil,,,,,
2016,TRUE,Relationship_Coordinates_77,Small Fry,,,,,
2077,TRUE,Relationship_Coordinates_116,Horizon,,,,,
2209,TRUE,Relationship_Coordinates_120,Mariner's Dream,,,,,
2441,TRUE,Relationship_Coordinates_172,Paackland Harbor,,,,,
2499,TRUE,Relationship_Coordinates_185,Mako,,,,,
2557,TRUE,Relationship_Coordinates_201,Oceanus City Council,,,,,
2634,TRUE,Relationship_Coordinates_226,Mako,,,,,
2648,TRUE,Relationship_Coordinates_231,Horizon,,,,,
2649,TRUE,Relationship_Coordinates_231,Sentinel,,,,,
2666,TRUE,Relationship_Coordinates_236,Boss,,,,,
2747,TRUE,Relationship_Coordinates_248,Serenity,,,,,
1929,TRUE,Relationship_Coordinates_251,Horizon,,,,,
2736,TRUE,Relationship_Coordinates_252,Mako,,,,,
2742,TRUE,Relationship_Coordinates_253,Neptune,,,,,
2743,TRUE,Relationship_Coordinates_253,Mako,,,,,
2744,TRUE,Relationship_Coordinates_253,Serenity,,,,,
2328,TRUE,Relationship_Coordinates_269,Horizon,,,,,
2816,TRUE,Relationship_Coordinates_274,Mrs. Money,,,,,
2842,TRUE,Relationship_Coordinates_279,Mako,,,,,
2843,TRUE,Relationship_Coordinates_279,Remora,,,,,
2849,TRUE,Relationship_Coordinates_280,Mako,,,,,
2850,TRUE,Relationship_Coordinates_280,Remora,,,,,
2895,TRUE,Relationship_Coordinates_289,City Officials,,,,,
2905,TRUE,Relationship_Coordinates_292,Sentinel,,,,,
2761,TRUE,Relationship_Coordinates_297,Mako,,,,,
3092,TRUE,Relationship_Coordinates_298,Mako,,,,,
2969,TRUE,Relationship_Coordinates_302,Remora,,,,,
3921,TRUE,Relationship_Coordinates_305,Remora,,,,,
2991,TRUE,Relationship_Coordinates_307,Mako,,,,,
2992,TRUE,Relationship_Coordinates_307,Remora,,,,,
3425,TRUE,Relationship_Coordinates_334,Neptune,,,,,
2830,TRUE,Relationship_Coordinates_336,Neptune,,,,,
3136,TRUE,Relationship_Coordinates_343,Sentinel,,,,,
3137,TRUE,Relationship_Coordinates_343,Horizon,,,,,
3572,TRUE,Relationship_Coordinates_378,EcoVigil,,,,,
3363,TRUE,Relationship_Coordinates_380,Marlin,,,,,
3061,TRUE,Relationship_Coordinates_387,Remora,,,,,
3280,TRUE,Relationship_Coordinates_401,Reef Guardian,,,,,
3413,TRUE,Relationship_Coordinates_411,Reef Guardian,,,,,
3422,TRUE,Relationship_Coordinates_413,Reef Guardian,,,,,
3438,TRUE,Relationship_Coordinates_418,Reef Guardian,,,,,
3462,TRUE,Relationship_Coordinates_423,Sentinel,,,,,
3484,TRUE,Relationship_Coordinates_428,Nadia Conti,,,,,
3529,TRUE,Relationship_Coordinates_437,Sentinel,,,,,
3554,TRUE,Relationship_Coordinates_445,EcoVigil,,,,,
3567,TRUE,Relationship_Coordinates_448,EcoVigil,,,,,
2703,TRUE,Relationship_Coordinates_471,Neptune,,,,,
3628,TRUE,Relationship_Coordinates_473,Remora,,,,,
3729,TRUE,Relationship_Coordinates_492,Seawatch,,,,,
3733,TRUE,Relationship_Coordinates_493,EcoVigil,,,,,
3789,TRUE,Relationship_Coordinates_499,Mako,,,,,
3776,TRUE,Relationship_Coordinates_503,Mako,,,,,
3777,TRUE,Relationship_Coordinates_503,Remora,,,,,
1889,TRUE,Relationship_Coordinates_509,Mako,,,,,
3640,TRUE,Relationship_Coordinates_516,V. Miesel Shipping,,,,,
3826,TRUE,Relationship_Coordinates_518,V. Miesel Shipping,,,,,
3496,TRUE,Relationship_Coordinates_548,Seawatch,,,,,
3951,TRUE,Relationship_Coordinates_550,V. Miesel Shipping,,,,,
2771,TRUE,Relationship_Coordinates_555,Horizon,,,,,
3981,TRUE,Relationship_Coordinates_556,Seawatch,,,,,
4026,TRUE,Relationship_Coordinates_565,Sentinel,,,,,
4056,TRUE,Relationship_Coordinates_573,Sentinel,,,,,
4057,TRUE,Relationship_Coordinates_573,Horizon,,,,,
4080,TRUE,Relationship_Coordinates_578,Mako,,,,,
3135,TRUE,Relationship_Coordinates_609,Reef Guardian,,,,,
4237,TRUE,Relationship_Coordinates_616,Sentinel,,,,,
4249,TRUE,Relationship_Coordinates_618,Remora,,,,,
4261,TRUE,Relationship_Coordinates_621,Mako,,,,,
4273,TRUE,Relationship_Coordinates_623,Neptune,,,,,
4300,TRUE,Relationship_Coordinates_629,Knowles,,,,,
3862,TRUE,Relationship_Operates_36,Horizon,,,,,
3085,TRUE,Relationship_Operates_58,Mako,,,,,
1944,TRUE,Relationship_Operates_59,Mako,,,,,
1964,TRUE,Relationship_Operates_65,Sailor Shifts Team,,,,,
2011,TRUE,Relationship_Operates_75,Mako,,,,,
2122,TRUE,Relationship_Operates_97,Recreational Fishing Boats,,,,,
2147,TRUE,Relationship_Operates_103,Knowles,,,,,
2164,TRUE,Relationship_Operates_109,V. Miesel Shipping,,,,,
2359,TRUE,Relationship_Operates_153,V. Miesel Shipping,,,,,
2360,TRUE,Relationship_Operates_154,V. Miesel Shipping,,,,,
4049,TRUE,Relationship_Operates_176,Sentinel,,,,,
2560,TRUE,Relationship_Operates_202,V. Miesel Shipping,,,,,
2587,TRUE,Relationship_Operates_210,Nemo Reef,,,,,
2588,TRUE,Relationship_Operates_211,Nemo Reef,,,,,
2448,TRUE,Relationship_Operates_255,Mako,,,,,
2749,TRUE,Relationship_Operates_256,Serenity,,,,,
2802,TRUE,Relationship_Operates_271,Paackland Harbor,,,,,
2281,TRUE,Relationship_Operates_283,Mako,,,,,
3071,TRUE,Relationship_Operates_327,Neptune,,,,,
3174,TRUE,Relationship_Operates_351,Marlin,,,,,
3234,TRUE,Relationship_Operates_367,Neptune,,,,,
3613,TRUE,Relationship_Operates_459,Mako,,,,,
3618,TRUE,Relationship_Operates_461,Neptune,,,,,
3619,TRUE,Relationship_Operates_461,Mako,,,,,
3624,TRUE,Relationship_Operates_463,Neptune,,,,,
3312,TRUE,Relationship_Operates_474,Remora,,,,,
2968,TRUE,Relationship_Operates_476,Remora,,,,,
3781,TRUE,Relationship_Operates_505,Neptune,,,,,
3785,TRUE,Relationship_Operates_506,Remora,,,,,
3205,TRUE,Relationship_Operates_514,Neptune,,,,,
3829,TRUE,Relationship_Operates_519,Neptune,,,,,
3830,TRUE,Relationship_Operates_519,Remora,,,,,
3836,TRUE,Relationship_Operates_521,Reef Guardian,,,,,
3893,TRUE,Relationship_Operates_538,Remora,,,,,
3894,TRUE,Relationship_Operates_538,Neptune,,,,,
3916,TRUE,Relationship_Operates_543,Neptune,,,,,
2374,TRUE,Relationship_Operates_546,Remora,,,,,
3442,TRUE,Relationship_Operates_566,Reef Guardian,,,,,
4136,TRUE,Relationship_Operates_592,Remora,,,,,
4142,TRUE,Relationship_Operates_593,Remora,,,,,
4183,TRUE,Relationship_Operates_602,Remora,,,,,
1987,TRUE,Relationship_Suspicious_71,Sailor Shifts Team,,,,,
1996,TRUE,Relationship_Suspicious_74,Rodriguez,,,,,
2561,TRUE,Relationship_Suspicious_106,V. Miesel Shipping,,,,,
1986,TRUE,Relationship_Suspicious_107,Rodriguez,,,,,
2157,TRUE,Relationship_Suspicious_108,Knowles,,,,,
2148,TRUE,Relationship_Suspicious_110,V. Miesel Shipping,,,,,
2170,TRUE,Relationship_Suspicious_112,Oceanus City Council,,,,,
2174,TRUE,Relationship_Suspicious_113,Knowles,,,,,
2217,TRUE,Relationship_Suspicious_123,Remora,,,,,
3314,TRUE,Relationship_Suspicious_145,Mako,,,,,
2586,TRUE,Relationship_Suspicious_209,Oceanus City Council,,,,,
2603,TRUE,Relationship_Suspicious_217,Oceanus City Council,,,,,
2609,TRUE,Relationship_Suspicious_219,Clepper Jensen,,,,,
3149,TRUE,Relationship_Suspicious_293,Neptune,,,,,
2925,TRUE,Relationship_Suspicious_294,Neptune,,,,,
3037,TRUE,Relationship_Suspicious_317,Oceanus City Council,,,,,
3128,TRUE,Relationship_Suspicious_341,Neptune,,,,,
3212,TRUE,Relationship_Suspicious_360,V. Miesel Shipping,,,,,
3848,TRUE,Relationship_Suspicious_368,Oceanus City Council,,,,,
3408,TRUE,Relationship_Suspicious_410,Oceanus City Council,,,,,
3523,TRUE,Relationship_Suspicious_436,V. Miesel Shipping,,,,,
3605,TRUE,Relationship_Suspicious_457,Liam Thorne,,,,,
3641,TRUE,Relationship_Suspicious_470,Green Guardians,,,,,
3684,TRUE,Relationship_Suspicious_483,Oceanus City Council,,,,,
4073,TRUE,Relationship_Suspicious_577,Defender,,,,,
3530,TRUE,Relationship_Suspicious_600,V. Miesel Shipping,,,,,
2246,TRUE,Relationship_Unfriendly_130,Green Guardians,,,,,
2643,TRUE,Relationship_Unfriendly_229,Oceanus City Council,,,,,
3014,TRUE,Relationship_Unfriendly_312,Mako,,,,,
4034,TRUE,Relationship_Unfriendly_567,Oceanus City Council,,,,,
3992,TRUE,Relationship_Unfriendly_625,Green Guardians,,,,,